run,world,zone,pair,sigma,rep,heading_deg,err_m,err_deg,correct,gate,overlap,rmse,margin,reasons
20261006T050106Z_4db0d0451595,zoned_corridor_w1,RR,0,0.0,0,155.3,0.099,0.11,True,True,0.937,0.064,0.6607,
20261006T050106Z_4db0d0451595,zoned_corridor_w1,RR,0,0.5,0,196.5,0.1,0.12,True,True,0.937,0.064,0.6593,
20261006T050106Z_4db0d0451595,zoned_corridor_w1,RR,0,0.5,1,259.8,0.198,1.27,True,True,0.944,0.109,0.1852,
20261006T050106Z_4db0d0451595,zoned_corridor_w1,RR,0,0.5,2,198.2,0.115,0.55,True,True,0.94,0.071,0.6646,
20261006T050106Z_4db0d0451595,zoned_corridor_w1,RR,0,0.5,3,173.1,0.101,0.11,True,True,0.937,0.064,0.661,
20261006T050106Z_4db0d0451595,zoned_corridor_w1,RR,0,0.5,4,52.8,0.112,0.61,True,True,0.94,0.071,0.6733,
20261006T050106Z_4db0d0451595,zoned_corridor_w1,RR,0,1.0,0,113.6,0.113,0.61,True,True,0.94,0.071,0.4999,
20261006T050106Z_4db0d0451595,zoned_corridor_w1,RR,0,1.0,1,22.1,0.113,0.61,True,True,0.94,0.071,0.4996,
20261006T050106Z_4db0d0451595,zoned_corridor_w1,RR,0,1.0,2,232.3,0.112,0.61,True,True,0.94,0.071,0.5175,
20261006T050106Z_4db0d0451595,zoned_corridor_w1,RR,0,1.0,3,167.1,0.1,0.11,True,True,0.937,0.064,0.6611,
20261006T050106Z_4db0d0451595,zoned_corridor_w1,RR,0,1.0,4,54.1,0.099,0.12,True,True,0.937,0.064,0.849,
20261006T050106Z_4db0d0451595,zoned_corridor_w1,RR,0,2.0,0,250.7,0.113,0.62,True,True,0.94,0.071,0.4997,
20261006T050106Z_4db0d0451595,zoned_corridor_w1,RR,0,2.0,1,262.5,0.099,0.11,True,True,0.937,0.064,0.7,
20261006T050106Z_4db0d0451595,zoned_corridor_w1,RR,0,2.0,2,287.9,0.1,0.06,True,True,0.937,0.065,0.8003,
20261006T050106Z_4db0d0451595,zoned_corridor_w1,RR,0,2.0,3,26.9,0.113,0.61,True,True,0.94,0.071,0.4998,
20261006T050106Z_4db0d0451595,zoned_corridor_w1,RR,0,2.0,4,34.7,0.1,0.13,True,True,0.937,0.064,0.7147,
20261006T050106Z_4db0d0451595,zoned_corridor_w1,RR,0,4.0,0,176.3,0.099,0.06,True,True,0.937,0.063,1.7679,
20261006T050106Z_4db0d0451595,zoned_corridor_w1,RR,0,4.0,1,248.4,0.099,0.11,True,True,0.937,0.064,0.7013,
20261006T050106Z_4db0d0451595,zoned_corridor_w1,RR,0,4.0,2,297.8,0.1,0.08,True,True,0.937,0.063,0.8469,
20261006T050106Z_4db0d0451595,zoned_corridor_w1,RR,0,4.0,3,41.9,0.099,0.0,True,True,0.937,0.064,0.6215,
20261006T050106Z_4db0d0451595,zoned_corridor_w1,RR,0,4.0,4,114.7,0.1,0.2,True,True,0.937,0.066,0.6297,
20261006T050106Z_4db0d0451595,zoned_corridor_w1,RR,0,6.0,0,183.5,0.088,0.79,True,False,0.94,0.085,1.1517,translation_correction_limit
20261006T050106Z_4db0d0451595,zoned_corridor_w1,RR,0,6.0,1,262.5,0.077,0.71,True,False,0.94,0.082,0.4957,translation_correction_limit
20261006T050106Z_4db0d0451595,zoned_corridor_w1,RR,0,6.0,2,15.8,0.101,0.06,True,True,0.937,0.065,0.5701,
20261006T050106Z_4db0d0451595,zoned_corridor_w1,RR,0,6.0,3,318.6,0.112,0.65,True,False,0.94,0.071,0.5099,translation_correction_limit
20261006T050106Z_4db0d0451595,zoned_corridor_w1,RR,0,6.0,4,172.8,0.136,0.35,True,True,0.937,0.095,1.0521,
20261006T050106Z_4db0d0451595,zoned_corridor_w1,RR,1,0.0,0,353.7,0.093,0.1,True,True,0.962,0.099,0.8403,
20261006T050106Z_4db0d0451595,zoned_corridor_w1,RR,1,0.5,0,261.1,0.088,0.22,True,True,0.96,0.094,0.8626,
20261006T050106Z_4db0d0451595,zoned_corridor_w1,RR,1,0.5,1,155.3,0.084,0.28,True,True,0.96,0.094,0.8479,
20261006T050106Z_4db0d0451595,zoned_corridor_w1,RR,1,0.5,2,3.1,0.086,0.25,True,True,0.96,0.094,0.8619,
20261006T050106Z_4db0d0451595,zoned_corridor_w1,RR,1,0.5,3,242.8,0.078,0.49,True,True,0.963,0.103,0.9236,
20261006T050106Z_4db0d0451595,zoned_corridor_w1,RR,1,0.5,4,327.2,0.083,0.25,True,True,0.96,0.094,0.8589,
20261006T050106Z_4db0d0451595,zoned_corridor_w1,RR,1,1.0,0,120.1,0.231,0.65,True,True,0.965,0.107,0.4487,
20261006T050106Z_4db0d0451595,zoned_corridor_w1,RR,1,1.0,1,218.6,0.082,0.31,True,True,0.96,0.094,0.8326,
20261006T050106Z_4db0d0451595,zoned_corridor_w1,RR,1,1.0,2,185.0,0.091,0.14,True,True,0.96,0.095,0.8588,
20261006T050106Z_4db0d0451595,zoned_corridor_w1,RR,1,1.0,3,178.5,0.086,0.22,True,True,0.96,0.094,0.8628,
20261006T050106Z_4db0d0451595,zoned_corridor_w1,RR,1,1.0,4,349.3,0.233,0.71,True,True,0.965,0.107,0.4673,
20261006T050106Z_4db0d0451595,zoned_corridor_w1,RR,1,2.0,0,258.0,0.086,0.22,True,True,0.96,0.094,0.8758,
20261006T050106Z_4db0d0451595,zoned_corridor_w1,RR,1,2.0,1,349.4,0.235,0.67,True,True,0.965,0.107,0.4588,
20261006T050106Z_4db0d0451595,zoned_corridor_w1,RR,1,2.0,2,51.9,0.086,0.3,True,True,0.96,0.094,0.8769,
20261006T050106Z_4db0d0451595,zoned_corridor_w1,RR,1,2.0,3,96.9,0.086,0.22,True,True,0.96,0.094,0.8633,
20261006T050106Z_4db0d0451595,zoned_corridor_w1,RR,1,2.0,4,154.7,0.084,0.26,True,True,0.96,0.094,0.8639,
20261006T050106Z_4db0d0451595,zoned_corridor_w1,RR,1,4.0,0,72.4,0.08,0.36,True,True,0.96,0.095,0.8051,
20261006T050106Z_4db0d0451595,zoned_corridor_w1,RR,1,4.0,1,144.9,0.087,0.22,True,True,0.96,0.094,1.9795,
20261006T050106Z_4db0d0451595,zoned_corridor_w1,RR,1,4.0,2,301.8,0.084,0.3,True,True,0.96,0.094,0.8749,
20261006T050106Z_4db0d0451595,zoned_corridor_w1,RR,1,4.0,3,100.8,0.087,0.23,True,True,0.96,0.094,0.8966,
20261006T050106Z_4db0d0451595,zoned_corridor_w1,RR,1,4.0,4,96.0,0.081,0.29,True,True,0.96,0.094,0.8398,
20261006T050106Z_4db0d0451595,zoned_corridor_w1,RR,1,6.0,0,257.5,0.086,0.22,True,True,0.96,0.094,0.8634,
20261006T050106Z_4db0d0451595,zoned_corridor_w1,RR,1,6.0,1,319.7,0.085,0.22,True,True,0.96,0.094,1.0184,
20261006T050106Z_4db0d0451595,zoned_corridor_w1,RR,1,6.0,2,69.8,0.091,0.13,True,True,0.96,0.095,0.8434,
20261006T050106Z_4db0d0451595,zoned_corridor_w1,RR,1,6.0,3,6.1,0.097,0.09,True,True,0.962,0.099,0.8432,
20261006T050106Z_4db0d0451595,zoned_corridor_w1,RR,1,6.0,4,90.7,0.08,0.28,True,True,0.96,0.097,0.7283,
20261006T050106Z_4db0d0451595,zoned_corridor_w1,RU,2,0.0,0,26.5,0.083,0.04,True,True,0.954,0.079,3.7467,
20261006T050106Z_4db0d0451595,zoned_corridor_w1,RU,2,0.5,0,218.3,0.049,0.34,True,True,0.954,0.075,3.9427,
20261006T050106Z_4db0d0451595,zoned_corridor_w1,RU,2,0.5,1,285.0,0.047,0.36,True,True,0.954,0.075,3.2792,
20261006T050106Z_4db0d0451595,zoned_corridor_w1,RU,2,0.5,2,176.9,0.047,0.34,True,True,0.954,0.075,3.9249,
20261006T050106Z_4db0d0451595,zoned_corridor_w1,RU,2,0.5,3,194.5,0.043,0.42,True,True,0.954,0.076,3.8914,
20261006T050106Z_4db0d0451595,zoned_corridor_w1,RU,2,0.5,4,276.5,0.048,0.34,True,True,0.954,0.075,2.9532,
20261006T050106Z_4db0d0451595,zoned_corridor_w1,RU,2,1.0,0,96.2,0.042,0.41,True,True,0.954,0.075,3.8652,
20261006T050106Z_4db0d0451595,zoned_corridor_w1,RU,2,1.0,1,154.2,0.043,0.42,True,True,0.954,0.075,2.9482,
20261006T050106Z_4db0d0451595,zoned_corridor_w1,RU,2,1.0,2,160.1,0.056,0.26,True,True,0.954,0.076,3.244,
20261006T050106Z_4db0d0451595,zoned_corridor_w1,RU,2,1.0,3,345.0,0.054,0.28,True,True,0.954,0.075,3.9128,
20261006T050106Z_4db0d0451595,zoned_corridor_w1,RU,2,1.0,4,245.4,0.049,0.34,True,True,0.954,0.075,3.9325,
20261006T050106Z_4db0d0451595,zoned_corridor_w1,RU,2,2.0,0,344.9,0.045,0.41,True,True,0.954,0.075,2.6877,
20261006T050106Z_4db0d0451595,zoned_corridor_w1,RU,2,2.0,1,334.4,0.05,0.34,True,True,0.954,0.075,2.6129,
20261006T050106Z_4db0d0451595,zoned_corridor_w1,RU,2,2.0,2,258.2,0.048,0.34,True,True,0.954,0.075,2.7248,
20261006T050106Z_4db0d0451595,zoned_corridor_w1,RU,2,2.0,3,304.7,0.06,0.21,True,True,0.954,0.076,4.1325,
20261006T050106Z_4db0d0451595,zoned_corridor_w1,RU,2,2.0,4,320.8,0.085,0.02,True,True,0.954,0.079,3.6839,
20261006T050106Z_4db0d0451595,zoned_corridor_w1,RU,2,4.0,0,93.5,0.048,0.36,True,True,0.954,0.075,3.9619,
20261006T050106Z_4db0d0451595,zoned_corridor_w1,RU,2,4.0,1,134.4,0.048,0.34,True,True,0.954,0.075,2.7718,
20261006T050106Z_4db0d0451595,zoned_corridor_w1,RU,2,4.0,2,66.5,0.048,0.25,True,True,0.954,0.076,3.8124,
20261006T050106Z_4db0d0451595,zoned_corridor_w1,RU,2,4.0,3,209.4,0.04,0.48,True,True,0.954,0.076,3.9315,
20261006T050106Z_4db0d0451595,zoned_corridor_w1,RU,2,4.0,4,3.4,0.055,0.26,True,True,0.954,0.076,2.9266,
20261006T050106Z_4db0d0451595,zoned_corridor_w1,RU,2,6.0,0,214.3,0.048,0.34,True,False,0.954,0.075,3.2038,translation_correction_limit
20261006T050106Z_4db0d0451595,zoned_corridor_w1,RU,2,6.0,1,9.1,0.046,0.36,True,True,0.954,0.075,3.1372,
20261006T050106Z_4db0d0451595,zoned_corridor_w1,RU,2,6.0,2,89.8,0.048,0.34,True,True,0.954,0.075,2.9059,
20261006T050106Z_4db0d0451595,zoned_corridor_w1,RU,2,6.0,3,315.5,0.048,0.34,True,True,0.954,0.075,3.2371,
20261006T050106Z_4db0d0451595,zoned_corridor_w1,RU,2,6.0,4,107.5,0.059,0.24,True,True,0.954,0.076,2.9991,
20261006T050106Z_4db0d0451595,zoned_corridor_w1,RR,5,0.0,0,202.5,4.028,0.21,False,True,0.934,0.14,0.1877,
20261006T050106Z_4db0d0451595,zoned_corridor_w1,RR,5,0.5,0,23.5,3.994,0.59,False,True,0.934,0.134,0.1806,
20261006T050106Z_4db0d0451595,zoned_corridor_w1,RR,5,0.5,1,155.5,4.015,0.36,False,True,0.934,0.136,0.2066,
20261006T050106Z_4db0d0451595,zoned_corridor_w1,RR,5,0.5,2,196.2,4.016,0.36,False,True,0.934,0.136,0.205,
20261006T050106Z_4db0d0451595,zoned_corridor_w1,RR,5,0.5,3,182.3,4.013,0.42,False,True,0.934,0.135,0.2603,
20261006T050106Z_4db0d0451595,zoned_corridor_w1,RR,5,0.5,4,30.6,4.014,0.39,False,True,0.934,0.135,0.2056,
20261006T050106Z_4db0d0451595,zoned_corridor_w1,RR,5,1.0,0,257.0,4.016,0.44,False,True,0.934,0.135,0.1982,
20261006T050106Z_4db0d0451595,zoned_corridor_w1,RR,5,1.0,1,328.5,4.013,0.4,False,True,0.934,0.135,0.2053,
20261006T050106Z_4db0d0451595,zoned_corridor_w1,RR,5,1.0,2,58.7,4.014,0.35,False,True,0.934,0.136,0.2611,
20261006T050106Z_4db0d0451595,zoned_corridor_w1,RR,5,1.0,3,140.3,4.017,0.37,False,True,0.934,0.136,0.2055,
20261006T050106Z_4db0d0451595,zoned_corridor_w1,RR,5,1.0,4,277.3,4.124,1.2,False,False,0.936,0.149,0.0153,ambiguous_minimum
20261006T050106Z_4db0d0451595,zoned_corridor_w1,RR,5,2.0,0,322.6,4.018,0.35,False,True,0.934,0.136,0.2623,
20261006T050106Z_4db0d0451595,zoned_corridor_w1,RR,5,2.0,1,289.7,4.015,0.34,False,True,0.934,0.136,0.2004,
20261006T050106Z_4db0d0451595,zoned_corridor_w1,RR,5,2.0,2,306.5,4.016,0.36,False,True,0.934,0.136,0.2026,
20261006T050106Z_4db0d0451595,zoned_corridor_w1,RR,5,2.0,3,53.9,4.019,0.28,False,True,0.934,0.138,0.1925,
20261006T050106Z_4db0d0451595,zoned_corridor_w1,RR,5,2.0,4,32.7,4.016,0.37,False,True,0.934,0.136,0.2053,
20261006T050106Z_4db0d0451595,zoned_corridor_w1,RR,5,4.0,0,214.5,4.016,0.37,False,True,0.934,0.136,0.2058,
20261006T050106Z_4db0d0451595,zoned_corridor_w1,RR,5,4.0,1,210.4,4.021,0.31,False,True,0.934,0.137,0.1992,
20261006T050106Z_4db0d0451595,zoned_corridor_w1,RR,5,4.0,2,315.0,0.049,0.37,True,True,0.835,0.102,0.8032,
20261006T050106Z_4db0d0451595,zoned_corridor_w1,RR,5,4.0,3,149.8,4.016,0.37,False,True,0.934,0.136,0.2027,
20261006T050106Z_4db0d0451595,zoned_corridor_w1,RR,5,4.0,4,100.6,4.015,0.36,False,True,0.934,0.136,0.2025,
20261006T050106Z_4db0d0451595,zoned_corridor_w1,RR,5,6.0,0,216.2,4.017,0.36,False,True,0.934,0.136,0.2028,
20261006T050106Z_4db0d0451595,zoned_corridor_w1,RR,5,6.0,1,207.9,4.015,0.37,False,True,0.934,0.136,0.2631,
20261006T050106Z_4db0d0451595,zoned_corridor_w1,RR,5,6.0,2,343.7,0.046,0.32,True,False,0.835,0.103,1.1166,translation_correction_limit
20261006T050106Z_4db0d0451595,zoned_corridor_w1,RR,5,6.0,3,67.0,0.113,0.31,True,True,0.829,0.119,0.2215,
20261006T050106Z_4db0d0451595,zoned_corridor_w1,RR,5,6.0,4,33.5,0.047,0.38,True,True,0.835,0.102,0.8907,
20261006T050106Z_4db0d0451595,zoned_corridor_w1,RR,6,0.0,0,121.7,3.971,0.02,False,True,0.993,0.14,0.4911,
20261006T050106Z_4db0d0451595,zoned_corridor_w1,RR,6,0.5,0,176.6,4.02,0.35,False,True,0.993,0.143,0.5148,
20261006T050106Z_4db0d0451595,zoned_corridor_w1,RR,6,0.5,1,134.9,3.961,0.18,False,True,0.993,0.14,0.484,
20261006T050106Z_4db0d0451595,zoned_corridor_w1,RR,6,0.5,2,285.2,4.004,0.19,False,True,0.993,0.14,0.5239,
20261006T050106Z_4db0d0451595,zoned_corridor_w1,RR,6,0.5,3,44.8,4.021,0.32,False,True,0.993,0.143,0.5157,
20261006T050106Z_4db0d0451595,zoned_corridor_w1,RR,6,0.5,4,111.2,4.006,0.2,False,True,0.993,0.14,0.5232,
20261006T050106Z_4db0d0451595,zoned_corridor_w1,RR,6,1.0,0,328.2,3.971,0.08,False,True,0.993,0.139,0.5093,
20261006T050106Z_4db0d0451595,zoned_corridor_w1,RR,6,1.0,1,218.7,3.998,0.13,False,True,0.993,0.139,0.5286,
20261006T050106Z_4db0d0451595,zoned_corridor_w1,RR,6,1.0,2,0.2,3.977,0.03,False,True,0.993,0.139,0.5073,
20261006T050106Z_4db0d0451595,zoned_corridor_w1,RR,6,1.0,3,269.1,4.024,0.35,False,True,0.993,0.143,0.5324,
20261006T050106Z_4db0d0451595,zoned_corridor_w1,RR,6,1.0,4,44.4,4.008,0.22,False,True,0.993,0.14,0.5281,
20261006T050106Z_4db0d0451595,zoned_corridor_w1,RR,6,2.0,0,164.6,4.004,0.19,False,True,0.993,0.14,0.5227,
20261006T050106Z_4db0d0451595,zoned_corridor_w1,RR,6,2.0,1,162.4,3.991,0.08,False,True,0.993,0.139,0.5186,
20261006T050106Z_4db0d0451595,zoned_corridor_w1,RR,6,2.0,2,199.9,4.007,0.21,False,True,0.993,0.14,0.5231,
20261006T050106Z_4db0d0451595,zoned_corridor_w1,RR,6,2.0,3,278.5,3.955,0.23,False,True,0.993,0.141,0.4713,
20261006T050106Z_4db0d0451595,zoned_corridor_w1,RR,6,2.0,4,126.8,4.007,0.21,False,True,0.993,0.14,0.5393,
20261006T050106Z_4db0d0451595,zoned_corridor_w1,RR,6,4.0,0,174.8,3.986,0.04,False,True,0.993,0.139,0.5162,
20261006T050106Z_4db0d0451595,zoned_corridor_w1,RR,6,4.0,1,119.9,3.973,0.07,False,True,0.993,0.139,0.5037,
20261006T050106Z_4db0d0451595,zoned_corridor_w1,RR,6,4.0,2,267.6,3.854,0.51,False,True,0.99,0.153,0.3925,
20261006T050106Z_4db0d0451595,zoned_corridor_w1,RR,6,4.0,3,24.7,0.108,0.59,True,True,0.857,0.117,1.0991,
20261006T050106Z_4db0d0451595,zoned_corridor_w1,RR,6,4.0,4,189.7,3.996,0.11,False,True,0.993,0.139,0.5359,
20261006T050106Z_4db0d0451595,zoned_corridor_w1,RR,6,6.0,0,259.2,3.987,0.06,False,False,0.993,0.139,0.5242,translation_correction_limit
20261006T050106Z_4db0d0451595,zoned_corridor_w1,RR,6,6.0,1,352.0,0.059,0.13,True,False,0.85,0.118,1.1172,translation_correction_limit
20261006T050106Z_4db0d0451595,zoned_corridor_w1,RR,6,6.0,2,14.5,0.042,0.06,True,True,0.849,0.117,1.0957,
20261006T050106Z_4db0d0451595,zoned_corridor_w1,RR,6,6.0,3,342.0,0.042,0.08,True,True,0.849,0.116,1.0672,
20261006T050106Z_4db0d0451595,zoned_corridor_w1,RR,6,6.0,4,217.1,3.97,0.09,False,True,0.993,0.139,0.5,
20261006T050106Z_4db0d0451595,zoned_corridor_w1,SR,11,0.0,0,79.3,0.22,0.38,True,True,0.927,0.081,0.8034,
20261006T050106Z_4db0d0451595,zoned_corridor_w1,SR,11,0.5,0,58.5,0.11,0.03,True,True,0.933,0.097,0.6564,
20261006T050106Z_4db0d0451595,zoned_corridor_w1,SR,11,0.5,1,323.1,0.072,0.27,True,True,0.933,0.098,0.6671,
20261006T050106Z_4db0d0451595,zoned_corridor_w1,SR,11,0.5,2,166.2,0.078,0.19,True,True,0.933,0.098,0.675,
20261006T050106Z_4db0d0451595,zoned_corridor_w1,SR,11,0.5,3,339.6,0.21,0.48,True,True,0.927,0.081,0.8536,
20261006T050106Z_4db0d0451595,zoned_corridor_w1,SR,11,0.5,4,133.4,0.102,0.12,True,True,0.933,0.098,0.7026,
20261006T050106Z_4db0d0451595,zoned_corridor_w1,SR,11,1.0,0,110.4,0.085,0.09,True,True,0.933,0.097,0.727,
20261006T050106Z_4db0d0451595,zoned_corridor_w1,SR,11,1.0,1,39.3,0.19,0.62,True,True,0.927,0.082,0.7282,
20261006T050106Z_4db0d0451595,zoned_corridor_w1,SR,11,1.0,2,168.8,0.264,0.03,True,True,0.927,0.084,0.7598,
20261006T050106Z_4db0d0451595,zoned_corridor_w1,SR,11,1.0,3,309.8,0.198,0.57,True,True,0.927,0.082,0.7348,
20261006T050106Z_4db0d0451595,zoned_corridor_w1,SR,11,1.0,4,354.1,0.213,0.39,True,True,0.927,0.081,0.7525,
20261006T050106Z_4db0d0451595,zoned_corridor_w1,SR,11,2.0,0,46.0,0.09,0.01,True,True,0.933,0.097,0.7089,
20261006T050106Z_4db0d0451595,zoned_corridor_w1,SR,11,2.0,1,139.7,0.281,0.11,True,True,0.927,0.086,1.0447,
20261006T050106Z_4db0d0451595,zoned_corridor_w1,SR,11,2.0,2,286.7,0.219,0.39,True,True,0.927,0.081,0.7645,
20261006T050106Z_4db0d0451595,zoned_corridor_w1,SR,11,2.0,3,13.5,0.272,0.11,True,True,0.927,0.085,0.6905,
20261006T050106Z_4db0d0451595,zoned_corridor_w1,SR,11,2.0,4,292.5,0.262,0.11,True,True,0.927,0.083,0.7249,
20261006T050106Z_4db0d0451595,zoned_corridor_w1,SR,11,4.0,0,39.8,0.087,1.52,True,True,0.927,0.105,0.3585,
20261006T050106Z_4db0d0451595,zoned_corridor_w1,SR,11,4.0,1,40.4,0.217,0.39,True,True,0.927,0.081,0.7913,
20261006T050106Z_4db0d0451595,zoned_corridor_w1,SR,11,4.0,2,307.6,0.097,0.05,True,True,0.933,0.097,0.6789,
20261006T050106Z_4db0d0451595,zoned_corridor_w1,SR,11,4.0,3,151.5,0.229,0.28,True,True,0.927,0.081,1.0827,
20261006T050106Z_4db0d0451595,zoned_corridor_w1,SR,11,4.0,4,115.6,0.257,0.06,True,True,0.927,0.083,1.3232,
20261006T050106Z_4db0d0451595,zoned_corridor_w1,SR,11,6.0,0,166.1,0.075,0.16,True,True,0.933,0.098,2.2151,
20261006T050106Z_4db0d0451595,zoned_corridor_w1,SR,11,6.0,1,29.5,0.087,0.04,True,False,0.933,0.097,0.6848,translation_correction_limit
20261006T050106Z_4db0d0451595,zoned_corridor_w1,SR,11,6.0,2,286.7,0.058,0.38,True,False,0.933,0.101,0.762,translation_correction_limit
20261006T050106Z_4db0d0451595,zoned_corridor_w1,SR,11,6.0,3,112.3,0.059,0.73,True,True,0.933,0.108,1.9468,
20261006T050106Z_4db0d0451595,zoned_corridor_w1,SR,11,6.0,4,258.7,0.056,0.53,True,False,0.933,0.106,0.7407,translation_correction_limit
20261006T050106Z_4db0d0451595,zoned_corridor_w1,RU,14,0.0,0,313.5,0.014,0.07,True,True,0.942,0.085,3.3839,
20261006T050106Z_4db0d0451595,zoned_corridor_w1,RU,14,0.5,0,311.6,0.072,0.58,True,True,0.944,0.084,2.5284,
20261006T050106Z_4db0d0451595,zoned_corridor_w1,RU,14,0.5,1,341.3,0.073,0.59,True,True,0.944,0.084,3.2617,
20261006T050106Z_4db0d0451595,zoned_corridor_w1,RU,14,0.5,2,63.4,0.016,0.05,True,True,0.942,0.085,2.9248,
20261006T050106Z_4db0d0451595,zoned_corridor_w1,RU,14,0.5,3,268.2,0.073,0.51,True,True,0.944,0.083,3.3238,
20261006T050106Z_4db0d0451595,zoned_corridor_w1,RU,14,0.5,4,55.4,0.073,0.56,True,True,0.944,0.084,2.8555,
20261006T050106Z_4db0d0451595,zoned_corridor_w1,RU,14,1.0,0,208.1,0.079,0.5,True,True,0.944,0.084,2.991,
20261006T050106Z_4db0d0451595,zoned_corridor_w1,RU,14,1.0,1,232.1,0.069,0.66,True,True,0.944,0.084,3.5748,
20261006T050106Z_4db0d0451595,zoned_corridor_w1,RU,14,1.0,2,226.7,0.087,0.45,True,True,0.944,0.084,3.4131,
20261006T050106Z_4db0d0451595,zoned_corridor_w1,RU,14,1.0,3,58.8,0.01,0.13,True,True,0.942,0.085,3.2642,
20261006T050106Z_4db0d0451595,zoned_corridor_w1,RU,14,1.0,4,100.9,0.01,0.13,True,True,0.942,0.084,3.3974,
20261006T050106Z_4db0d0451595,zoned_corridor_w1,RU,14,2.0,0,233.5,0.074,0.56,True,True,0.944,0.084,2.8963,
20261006T050106Z_4db0d0451595,zoned_corridor_w1,RU,14,2.0,1,201.5,0.076,0.52,True,True,0.944,0.084,2.5062,
20261006T050106Z_4db0d0451595,zoned_corridor_w1,RU,14,2.0,2,266.2,0.075,0.64,True,True,0.944,0.085,3.3212,
20261006T050106Z_4db0d0451595,zoned_corridor_w1,RU,14,2.0,3,148.9,0.012,0.04,True,True,0.942,0.084,3.42,
20261006T050106Z_4db0d0451595,zoned_corridor_w1,RU,14,2.0,4,83.1,0.013,0.1,True,True,0.942,0.085,3.3257,
20261006T050106Z_4db0d0451595,zoned_corridor_w1,RU,14,4.0,0,146.3,0.019,0.0,True,True,0.942,0.085,3.1449,
20261006T050106Z_4db0d0451595,zoned_corridor_w1,RU,14,4.0,1,243.2,0.011,0.2,True,True,0.942,0.086,2.3278,
20261006T050106Z_4db0d0451595,zoned_corridor_w1,RU,14,4.0,2,180.8,0.011,0.09,True,True,0.942,0.084,2.5325,
20261006T050106Z_4db0d0451595,zoned_corridor_w1,RU,14,4.0,3,337.0,0.013,0.1,True,True,0.942,0.085,4.0637,
20261006T050106Z_4db0d0451595,zoned_corridor_w1,RU,14,4.0,4,315.7,0.016,0.02,True,True,0.944,0.088,3.212,
20261006T050106Z_4db0d0451595,zoned_corridor_w1,RU,14,6.0,0,67.1,0.074,0.53,True,True,0.944,0.083,2.8081,
20261006T050106Z_4db0d0451595,zoned_corridor_w1,RU,14,6.0,1,143.7,0.009,0.2,True,True,0.942,0.086,2.9363,
20261006T050106Z_4db0d0451595,zoned_corridor_w1,RU,14,6.0,2,315.5,0.072,0.55,True,True,0.944,0.083,3.1565,
20261006T050106Z_4db0d0451595,zoned_corridor_w1,RU,14,6.0,3,221.6,0.072,0.59,True,False,0.944,0.084,1.0,translation_correction_limit
20261006T050106Z_4db0d0451595,zoned_corridor_w1,RU,14,6.0,4,84.5,0.088,0.44,True,False,0.944,0.084,3.1901,translation_correction_limit
20261006T050106Z_4db0d0451595,zoned_corridor_w1,SR,15,0.0,0,239.0,5.197,0.07,False,True,0.704,0.216,0.4925,
20261006T050106Z_4db0d0451595,zoned_corridor_w1,SR,15,0.5,0,176.8,5.232,0.2,False,True,0.707,0.219,0.4773,
20261006T050106Z_4db0d0451595,zoned_corridor_w1,SR,15,0.5,1,101.7,5.324,0.64,False,True,0.707,0.232,0.514,
20261006T050106Z_4db0d0451595,zoned_corridor_w1,SR,15,0.5,2,256.2,5.29,0.59,False,True,0.712,0.232,0.3876,
20261006T050106Z_4db0d0451595,zoned_corridor_w1,SR,15,0.5,3,28.6,5.158,0.38,False,True,0.704,0.217,0.4894,
20261006T050106Z_4db0d0451595,zoned_corridor_w1,SR,15,0.5,4,21.2,5.16,0.3,False,True,0.704,0.216,0.3684,
20261006T050106Z_4db0d0451595,zoned_corridor_w1,SR,15,1.0,0,278.3,5.371,0.27,False,True,0.715,0.239,0.2793,
20261006T050106Z_4db0d0451595,zoned_corridor_w1,SR,15,1.0,1,173.0,5.248,0.34,False,True,0.707,0.219,0.1324,
20261006T050106Z_4db0d0451595,zoned_corridor_w1,SR,15,1.0,2,168.9,5.27,0.51,False,True,0.71,0.223,0.4875,
20261006T050106Z_4db0d0451595,zoned_corridor_w1,SR,15,1.0,3,200.4,5.218,0.1,False,True,0.707,0.218,0.1654,
20261006T050106Z_4db0d0451595,zoned_corridor_w1,SR,15,1.0,4,352.1,4.954,0.48,False,True,0.697,0.226,0.443,
20261006T050106Z_4db0d0451595,zoned_corridor_w1,SR,15,2.0,0,37.1,4.224,2.96,False,True,0.538,0.274,0.1142,
20261006T050106Z_4db0d0451595,zoned_corridor_w1,SR,15,2.0,1,259.1,5.273,0.53,False,True,0.71,0.224,0.3403,
20261006T050106Z_4db0d0451595,zoned_corridor_w1,SR,15,2.0,2,227.4,5.174,0.27,False,True,0.704,0.216,0.1284,
20261006T050106Z_4db0d0451595,zoned_corridor_w1,SR,15,2.0,3,193.8,5.377,0.25,False,True,0.715,0.239,0.1817,
20261006T050106Z_4db0d0451595,zoned_corridor_w1,SR,15,2.0,4,58.5,4.929,0.54,False,False,0.689,0.223,0.4587,translation_correction_limit
20261006T050106Z_4db0d0451595,zoned_corridor_w1,SR,15,4.0,0,233.6,5.177,0.14,False,True,0.704,0.215,0.1251,
20261006T050106Z_4db0d0451595,zoned_corridor_w1,SR,15,4.0,1,54.6,0.429,0.11,True,True,0.406,0.235,0.0224,
20261006T050106Z_4db0d0451595,zoned_corridor_w1,SR,15,4.0,2,327.7,0.305,2.58,True,True,0.398,0.229,0.0432,
20261006T050106Z_4db0d0451595,zoned_corridor_w1,SR,15,4.0,3,161.7,9.593,0.13,False,True,0.865,0.225,0.3915,
20261006T050106Z_4db0d0451595,zoned_corridor_w1,SR,15,4.0,4,199.8,9.573,0.29,False,True,0.858,0.224,0.3736,
20261006T050106Z_4db0d0451595,zoned_corridor_w1,SR,15,6.0,0,15.8,0.208,0.16,True,False,0.385,0.2,0.0875,translation_correction_limit
20261006T050106Z_4db0d0451595,zoned_corridor_w1,SR,15,6.0,1,181.5,10.373,0.21,False,True,0.905,0.178,0.6341,
20261006T050106Z_4db0d0451595,zoned_corridor_w1,SR,15,6.0,2,168.8,10.189,0.19,False,True,0.929,0.19,0.5397,
20261006T050106Z_4db0d0451595,zoned_corridor_w1,SR,15,6.0,3,125.0,9.217,0.04,False,False,0.739,0.202,0.1518,translation_correction_limit
20261006T050106Z_4db0d0451595,zoned_corridor_w1,SR,15,6.0,4,353.1,0.163,1.19,True,False,0.383,0.208,0.1479,translation_correction_limit
20261006T050106Z_4db0d0451595,zoned_corridor_w1,SR,16,0.0,0,86.4,5.24,1.18,False,True,0.86,0.224,0.5153,
20261006T050106Z_4db0d0451595,zoned_corridor_w1,SR,16,0.5,0,121.3,5.304,0.12,False,True,0.837,0.221,0.5489,
20261006T050106Z_4db0d0451595,zoned_corridor_w1,SR,16,0.5,1,154.5,5.169,1.98,False,True,0.847,0.21,0.2389,
20261006T050106Z_4db0d0451595,zoned_corridor_w1,SR,16,0.5,2,336.3,4.932,0.3,False,True,0.84,0.206,0.1748,
20261006T050106Z_4db0d0451595,zoned_corridor_w1,SR,16,0.5,3,332.4,4.963,0.54,False,True,0.84,0.202,0.6613,
20261006T050106Z_4db0d0451595,zoned_corridor_w1,SR,16,0.5,4,26.6,4.965,0.56,False,True,0.84,0.202,0.1891,
20261006T050106Z_4db0d0451595,zoned_corridor_w1,SR,16,1.0,0,217.0,4.977,0.54,False,True,0.84,0.202,0.6576,
20261006T050106Z_4db0d0451595,zoned_corridor_w1,SR,16,1.0,1,165.1,4.992,0.78,False,True,0.844,0.203,0.7094,
20261006T050106Z_4db0d0451595,zoned_corridor_w1,SR,16,1.0,2,164.7,4.986,0.52,False,True,0.84,0.202,0.5366,
20261006T050106Z_4db0d0451595,zoned_corridor_w1,SR,16,1.0,3,206.5,4.909,0.12,False,True,0.837,0.206,0.743,
20261006T050106Z_4db0d0451595,zoned_corridor_w1,SR,16,1.0,4,282.7,4.962,0.53,False,True,0.84,0.202,0.6694,
20261006T050106Z_4db0d0451595,zoned_corridor_w1,SR,16,2.0,0,46.9,5.144,0.39,False,True,0.853,0.218,0.6899,
20261006T050106Z_4db0d0451595,zoned_corridor_w1,SR,16,2.0,1,55.5,5.16,0.63,False,True,0.857,0.219,0.6476,
20261006T050106Z_4db0d0451595,zoned_corridor_w1,SR,16,2.0,2,133.6,4.542,0.33,False,False,0.752,0.219,0.4465,translation_correction_limit
20261006T050106Z_4db0d0451595,zoned_corridor_w1,SR,16,2.0,3,260.4,5.148,0.52,False,True,0.857,0.219,0.6344,
20261006T050106Z_4db0d0451595,zoned_corridor_w1,SR,16,2.0,4,322.5,5.161,0.55,False,True,0.853,0.217,0.4216,
20261006T050106Z_4db0d0451595,zoned_corridor_w1,SR,16,4.0,0,33.2,4.963,0.54,False,True,0.84,0.202,0.0814,
20261006T050106Z_4db0d0451595,zoned_corridor_w1,SR,16,4.0,1,78.3,5.113,0.18,False,True,0.847,0.213,0.3342,
20261006T050106Z_4db0d0451595,zoned_corridor_w1,SR,16,4.0,2,341.1,9.462,1.22,False,True,0.925,0.22,0.1338,
20261006T050106Z_4db0d0451595,zoned_corridor_w1,SR,16,4.0,3,38.6,5.183,0.72,False,True,0.86,0.222,0.1996,
20261006T050106Z_4db0d0451595,zoned_corridor_w1,SR,16,4.0,4,27.4,9.379,0.64,False,False,0.899,0.217,0.1017,translation_correction_limit
20261006T050106Z_4db0d0451595,zoned_corridor_w1,SR,16,6.0,0,121.7,0.083,0.41,True,True,0.524,0.165,0.1141,
20261006T050106Z_4db0d0451595,zoned_corridor_w1,SR,16,6.0,1,142.6,0.076,0.14,True,False,0.544,0.185,0.1729,translation_correction_limit
20261006T050106Z_4db0d0451595,zoned_corridor_w1,SR,16,6.0,2,333.7,9.998,0.8,False,True,0.941,0.162,0.5682,
20261006T050106Z_4db0d0451595,zoned_corridor_w1,SR,16,6.0,3,242.0,0.086,0.25,True,False,0.524,0.166,0.1264,translation_correction_limit
20261006T050106Z_4db0d0451595,zoned_corridor_w1,SR,16,6.0,4,327.5,10.004,0.89,False,True,0.941,0.161,0.579,
20261006T050106Z_4db0d0451595,zoned_corridor_w1,SR,17,0.0,0,346.9,0.074,0.04,True,True,0.96,0.107,1.6524,
20261006T050106Z_4db0d0451595,zoned_corridor_w1,SR,17,0.5,0,229.1,0.058,0.17,True,True,0.956,0.1,1.6023,
20261006T050106Z_4db0d0451595,zoned_corridor_w1,SR,17,0.5,1,334.7,0.081,0.03,True,True,0.96,0.107,1.6137,
20261006T050106Z_4db0d0451595,zoned_corridor_w1,SR,17,0.5,2,197.8,0.075,0.04,True,True,0.96,0.107,1.6459,
20261006T050106Z_4db0d0451595,zoned_corridor_w1,SR,17,0.5,3,93.3,0.06,0.16,True,True,0.956,0.1,1.6488,
20261006T050106Z_4db0d0451595,zoned_corridor_w1,SR,17,0.5,4,208.1,0.075,0.04,True,True,0.96,0.107,1.876,
20261006T050106Z_4db0d0451595,zoned_corridor_w1,SR,17,1.0,0,147.9,0.065,0.13,True,True,0.956,0.1,1.8214,
20261006T050106Z_4db0d0451595,zoned_corridor_w1,SR,17,1.0,1,38.5,0.05,0.24,True,True,0.956,0.1,1.7393,
20261006T050106Z_4db0d0451595,zoned_corridor_w1,SR,17,1.0,2,318.4,0.076,0.03,True,True,0.96,0.107,1.6608,
20261006T050106Z_4db0d0451595,zoned_corridor_w1,SR,17,1.0,3,317.1,0.094,0.12,True,True,0.96,0.109,1.5812,
20261006T050106Z_4db0d0451595,zoned_corridor_w1,SR,17,1.0,4,356.3,0.075,0.04,True,True,0.96,0.107,1.6807,
20261006T050106Z_4db0d0451595,zoned_corridor_w1,SR,17,2.0,0,99.8,0.074,0.04,True,True,0.96,0.107,1.6284,
20261006T050106Z_4db0d0451595,zoned_corridor_w1,SR,17,2.0,1,185.1,0.074,0.04,True,True,0.96,0.107,2.8633,
20261006T050106Z_4db0d0451595,zoned_corridor_w1,SR,17,2.0,2,189.5,0.074,0.04,True,True,0.96,0.107,2.7756,
20261006T050106Z_4db0d0451595,zoned_corridor_w1,SR,17,2.0,3,231.4,0.073,0.04,True,True,0.96,0.107,1.9953,
20261006T050106Z_4db0d0451595,zoned_corridor_w1,SR,17,2.0,4,97.1,0.042,0.31,True,True,0.956,0.101,1.5178,
20261006T050106Z_4db0d0451595,zoned_corridor_w1,SR,17,4.0,0,177.5,0.075,0.04,True,True,0.96,0.107,2.7196,
20261006T050106Z_4db0d0451595,zoned_corridor_w1,SR,17,4.0,1,312.0,0.075,0.04,True,True,0.96,0.107,1.6647,
20261006T050106Z_4db0d0451595,zoned_corridor_w1,SR,17,4.0,2,303.5,0.06,0.05,True,True,0.96,0.105,1.5477,
20261006T050106Z_4db0d0451595,zoned_corridor_w1,SR,17,4.0,3,155.7,0.054,0.21,True,True,0.956,0.1,2.8303,
20261006T050106Z_4db0d0451595,zoned_corridor_w1,SR,17,4.0,4,179.4,0.076,0.02,True,True,0.96,0.107,2.4493,
20261006T050106Z_4db0d0451595,zoned_corridor_w1,SR,17,6.0,0,78.6,0.077,0.02,True,False,0.96,0.107,1.6347,translation_correction_limit
20261006T050106Z_4db0d0451595,zoned_corridor_w1,SR,17,6.0,1,252.9,0.072,0.11,True,True,0.956,0.101,1.7434,
20261006T050106Z_4db0d0451595,zoned_corridor_w1,SR,17,6.0,2,55.2,0.074,0.05,True,False,0.96,0.107,1.6728,translation_correction_limit
20261006T050106Z_4db0d0451595,zoned_corridor_w1,SR,17,6.0,3,328.4,0.116,0.32,True,False,0.96,0.113,1.5355,translation_correction_limit
20261006T050106Z_4db0d0451595,zoned_corridor_w1,SR,17,6.0,4,22.2,0.029,0.41,True,False,0.956,0.102,1.4486,translation_correction_limit
20261006T050106Z_4db0d0451595,zoned_corridor_w1,RU,20,0.0,0,340.0,0.032,0.7,True,True,0.859,0.132,1.3866,
20261006T050106Z_4db0d0451595,zoned_corridor_w1,RU,20,0.5,0,278.6,0.032,0.7,True,True,0.859,0.132,1.375,
20261006T050106Z_4db0d0451595,zoned_corridor_w1,RU,20,0.5,1,350.2,0.032,0.69,True,True,0.861,0.134,1.5201,
20261006T050106Z_4db0d0451595,zoned_corridor_w1,RU,20,0.5,2,203.7,0.032,0.69,True,True,0.861,0.134,1.3144,
20261006T050106Z_4db0d0451595,zoned_corridor_w1,RU,20,0.5,3,13.3,0.029,0.49,True,True,0.861,0.133,1.4911,
20261006T050106Z_4db0d0451595,zoned_corridor_w1,RU,20,0.5,4,64.2,0.028,0.61,True,True,0.861,0.134,1.4053,
20261006T050106Z_4db0d0451595,zoned_corridor_w1,RU,20,1.0,0,225.5,0.032,0.7,True,True,0.859,0.132,1.3142,
20261006T050106Z_4db0d0451595,zoned_corridor_w1,RU,20,1.0,1,256.7,0.034,0.69,True,True,0.859,0.131,1.3319,
20261006T050106Z_4db0d0451595,zoned_corridor_w1,RU,20,1.0,2,184.2,0.028,0.58,True,True,0.861,0.133,1.3031,
20261006T050106Z_4db0d0451595,zoned_corridor_w1,RU,20,1.0,3,80.3,0.046,0.87,True,True,0.859,0.134,1.4481,
20261006T050106Z_4db0d0451595,zoned_corridor_w1,RU,20,1.0,4,188.0,0.032,0.68,True,True,0.861,0.134,1.3297,
20261006T050106Z_4db0d0451595,zoned_corridor_w1,RU,20,2.0,0,234.7,0.033,0.69,True,True,0.859,0.132,1.3161,
20261006T050106Z_4db0d0451595,zoned_corridor_w1,RU,20,2.0,1,261.3,0.035,0.77,True,True,0.859,0.132,1.3285,
20261006T050106Z_4db0d0451595,zoned_corridor_w1,RU,20,2.0,2,48.2,0.031,0.72,True,True,0.859,0.132,1.9589,
20261006T050106Z_4db0d0451595,zoned_corridor_w1,RU,20,2.0,3,128.7,0.032,0.7,True,True,0.859,0.132,1.3341,
20261006T050106Z_4db0d0451595,zoned_corridor_w1,RU,20,2.0,4,95.8,0.032,0.7,True,True,0.859,0.132,1.3332,
20261006T050106Z_4db0d0451595,zoned_corridor_w1,RU,20,4.0,0,307.8,0.036,0.74,True,True,0.859,0.132,0.9974,
20261006T050106Z_4db0d0451595,zoned_corridor_w1,RU,20,4.0,1,115.8,0.046,0.88,True,True,0.859,0.134,1.3478,
20261006T050106Z_4db0d0451595,zoned_corridor_w1,RU,20,4.0,2,144.4,0.034,0.75,True,True,0.859,0.132,1.3495,
20261006T050106Z_4db0d0451595,zoned_corridor_w1,RU,20,4.0,3,120.5,0.032,0.7,True,True,0.859,0.132,2.0995,
20261006T050106Z_4db0d0451595,zoned_corridor_w1,RU,20,4.0,4,344.0,0.031,0.69,True,True,0.859,0.131,1.2174,
20261006T050106Z_4db0d0451595,zoned_corridor_w1,RU,20,6.0,0,10.4,0.029,0.66,True,False,0.861,0.134,1.7145,translation_correction_limit
20261006T050106Z_4db0d0451595,zoned_corridor_w1,RU,20,6.0,1,180.9,0.029,0.62,True,True,0.861,0.134,1.315,
20261006T050106Z_4db0d0451595,zoned_corridor_w1,RU,20,6.0,2,225.3,0.049,0.9,True,True,0.859,0.135,1.103,
20261006T050106Z_4db0d0451595,zoned_corridor_w1,RU,20,6.0,3,25.8,0.033,0.69,True,False,0.861,0.134,1.7481,translation_correction_limit
20261006T050106Z_4db0d0451595,zoned_corridor_w1,RU,20,6.0,4,57.0,0.033,0.7,True,False,0.859,0.132,0.9635,translation_correction_limit
20261006T050106Z_4db0d0451595,zoned_corridor_w1,SR,22,0.0,0,138.5,5.026,0.12,False,True,0.902,0.214,0.0493,
20261006T050106Z_4db0d0451595,zoned_corridor_w1,SR,22,0.5,0,132.8,4.808,0.36,False,True,0.884,0.211,0.0316,
20261006T050106Z_4db0d0451595,zoned_corridor_w1,SR,22,0.5,1,178.2,4.996,0.37,False,True,0.902,0.215,0.049,
20261006T050106Z_4db0d0451595,zoned_corridor_w1,SR,22,0.5,2,343.6,4.786,0.49,False,True,0.884,0.213,0.0372,
20261006T050106Z_4db0d0451595,zoned_corridor_w1,SR,22,0.5,3,348.9,4.797,0.41,False,True,0.884,0.211,0.0327,
20261006T050106Z_4db0d0451595,zoned_corridor_w1,SR,22,0.5,4,70.1,5.04,0.0,False,True,0.899,0.211,0.1001,
20261006T050106Z_4db0d0451595,zoned_corridor_w1,SR,22,1.0,0,110.9,4.838,0.06,False,True,0.896,0.218,0.0386,
20261006T050106Z_4db0d0451595,zoned_corridor_w1,SR,22,1.0,1,197.2,4.767,0.65,False,False,0.881,0.213,0.0179,ambiguous_minimum
20261006T050106Z_4db0d0451595,zoned_corridor_w1,SR,22,1.0,2,252.5,4.996,0.36,False,True,0.902,0.215,0.0325,
20261006T050106Z_4db0d0451595,zoned_corridor_w1,SR,22,1.0,3,123.8,4.824,0.17,False,True,0.893,0.217,0.0364,
20261006T050106Z_4db0d0451595,zoned_corridor_w1,SR,22,1.0,4,154.1,4.975,0.57,False,True,0.899,0.214,0.0457,
20261006T050106Z_4db0d0451595,zoned_corridor_w1,SR,22,2.0,0,54.5,0.051,0.16,True,False,0.79,0.122,0.0092,ambiguous_minimum
20261006T050106Z_4db0d0451595,zoned_corridor_w1,SR,22,2.0,1,128.3,4.982,0.49,False,True,0.902,0.215,0.0299,
20261006T050106Z_4db0d0451595,zoned_corridor_w1,SR,22,2.0,2,116.4,0.053,0.11,True,True,0.79,0.123,0.072,
20261006T050106Z_4db0d0451595,zoned_corridor_w1,SR,22,2.0,3,283.2,4.997,0.37,False,True,0.902,0.215,0.0325,
20261006T050106Z_4db0d0451595,zoned_corridor_w1,SR,22,2.0,4,107.2,4.802,0.34,False,True,0.887,0.213,0.0425,
20261006T050106Z_4db0d0451595,zoned_corridor_w1,SR,22,4.0,0,45.7,0.057,0.52,True,True,0.79,0.122,0.6658,
20261006T050106Z_4db0d0451595,zoned_corridor_w1,SR,22,4.0,1,229.2,4.808,0.31,False,True,0.887,0.213,0.0561,
20261006T050106Z_4db0d0451595,zoned_corridor_w1,SR,22,4.0,2,223.5,4.737,0.85,False,True,0.866,0.204,0.0286,
20261006T050106Z_4db0d0451595,zoned_corridor_w1,SR,22,4.0,3,142.2,0.056,0.51,True,True,0.79,0.122,0.1119,
20261006T050106Z_4db0d0451595,zoned_corridor_w1,SR,22,4.0,4,257.3,4.809,0.3,False,True,0.887,0.213,0.0369,
20261006T050106Z_4db0d0451595,zoned_corridor_w1,SR,22,6.0,0,23.3,0.049,0.16,True,False,0.79,0.123,1.0739,translation_correction_limit
20261006T050106Z_4db0d0451595,zoned_corridor_w1,SR,22,6.0,1,308.8,0.055,0.04,True,False,0.79,0.124,0.7266,translation_correction_limit
20261006T050106Z_4db0d0451595,zoned_corridor_w1,SR,22,6.0,2,241.9,0.061,0.49,True,False,0.793,0.125,0.0031,ambiguous_minimum
20261006T050106Z_4db0d0451595,zoned_corridor_w1,SR,22,6.0,3,113.1,4.988,0.42,False,False,0.902,0.215,0.0351,translation_correction_limit
20261006T050106Z_4db0d0451595,zoned_corridor_w1,SR,22,6.0,4,180.3,4.768,0.62,False,True,0.881,0.213,0.0464,
20261006T050106Z_4db0d0451595,zoned_corridor_w1,SR,25,0.0,0,347.4,5.0,0.0,False,True,0.997,0.193,0.484,
20261006T050106Z_4db0d0451595,zoned_corridor_w1,SR,25,0.5,0,336.2,5.079,0.28,False,True,0.997,0.182,0.6771,
20261006T050106Z_4db0d0451595,zoned_corridor_w1,SR,25,0.5,1,113.4,5.243,0.08,False,True,0.997,0.191,0.6572,
20261006T050106Z_4db0d0451595,zoned_corridor_w1,SR,25,0.5,2,333.3,5.055,0.1,False,True,0.997,0.184,0.6574,
20261006T050106Z_4db0d0451595,zoned_corridor_w1,SR,25,0.5,3,303.8,5.064,0.19,False,True,0.997,0.183,0.6622,
20261006T050106Z_4db0d0451595,zoned_corridor_w1,SR,25,0.5,4,188.8,5.042,0.01,False,True,0.997,0.186,0.6429,
20261006T050106Z_4db0d0451595,zoned_corridor_w1,SR,25,1.0,0,338.1,5.075,0.31,False,False,0.997,0.182,0.6495,translation_correction_limit
20261006T050106Z_4db0d0451595,zoned_corridor_w1,SR,25,1.0,1,112.0,5.168,1.07,False,True,0.997,0.183,0.4558,
20261006T050106Z_4db0d0451595,zoned_corridor_w1,SR,25,1.0,2,74.4,5.052,0.09,False,True,0.997,0.185,0.6592,
20261006T050106Z_4db0d0451595,zoned_corridor_w1,SR,25,1.0,3,169.1,5.128,0.54,False,True,0.997,0.18,0.5685,
20261006T050106Z_4db0d0451595,zoned_corridor_w1,SR,25,1.0,4,179.9,5.065,0.33,False,True,0.997,0.183,0.6196,
20261006T050106Z_4db0d0451595,zoned_corridor_w1,SR,25,2.0,0,298.2,4.97,0.55,False,False,0.991,0.197,0.4061,translation_correction_limit
20261006T050106Z_4db0d0451595,zoned_corridor_w1,SR,25,2.0,1,104.6,5.035,0.07,False,True,0.997,0.188,0.6194,
20261006T050106Z_4db0d0451595,zoned_corridor_w1,SR,25,2.0,2,139.8,5.064,0.18,False,True,0.997,0.183,0.7027,
20261006T050106Z_4db0d0451595,zoned_corridor_w1,SR,25,2.0,3,70.0,5.062,0.13,False,False,0.997,0.184,0.8006,translation_correction_limit
20261006T050106Z_4db0d0451595,zoned_corridor_w1,SR,25,2.0,4,295.2,4.894,0.36,False,False,0.982,0.196,0.4716,translation_correction_limit
20261006T050106Z_4db0d0451595,zoned_corridor_w1,SR,25,4.0,0,175.1,5.14,0.84,False,True,0.997,0.18,0.5499,
20261006T050106Z_4db0d0451595,zoned_corridor_w1,SR,25,4.0,1,174.2,5.252,0.1,False,True,0.997,0.192,0.5718,
20261006T050106Z_4db0d0451595,zoned_corridor_w1,SR,25,4.0,2,226.1,5.065,0.19,False,True,0.997,0.183,0.7169,
20261006T050106Z_4db0d0451595,zoned_corridor_w1,SR,25,4.0,3,168.1,5.128,0.74,False,True,0.997,0.18,0.5658,
20261006T050106Z_4db0d0451595,zoned_corridor_w1,SR,25,4.0,4,189.1,5.064,0.18,False,True,0.997,0.183,0.674,
20261006T050106Z_4db0d0451595,zoned_corridor_w1,SR,25,6.0,0,239.1,5.071,0.29,False,True,0.997,0.182,0.6907,
20261006T050106Z_4db0d0451595,zoned_corridor_w1,SR,25,6.0,1,130.4,5.06,0.19,False,True,0.997,0.183,0.667,
20261006T050106Z_4db0d0451595,zoned_corridor_w1,SR,25,6.0,2,20.3,0.21,0.26,True,False,0.772,0.116,0.8784,translation_correction_limit
20261006T050106Z_4db0d0451595,zoned_corridor_w1,SR,25,6.0,3,169.8,5.054,0.06,False,True,0.997,0.185,0.7085,
20261006T050106Z_4db0d0451595,zoned_corridor_w1,SR,25,6.0,4,350.0,0.072,0.12,True,False,0.766,0.12,0.8343,translation_correction_limit
20261006T050106Z_4db0d0451595,zoned_corridor_w1,RU,32,0.0,0,32.7,0.07,0.76,True,True,0.733,0.164,0.6296,
20261006T050106Z_4db0d0451595,zoned_corridor_w1,RU,32,0.5,0,189.6,0.069,0.76,True,True,0.733,0.164,0.4616,
20261006T050106Z_4db0d0451595,zoned_corridor_w1,RU,32,0.5,1,36.7,0.065,0.88,True,True,0.735,0.167,0.5719,
20261006T050106Z_4db0d0451595,zoned_corridor_w1,RU,32,0.5,2,309.5,0.155,1.65,True,True,0.752,0.185,0.5173,
20261006T050106Z_4db0d0451595,zoned_corridor_w1,RU,32,0.5,3,162.2,0.069,0.76,True,True,0.733,0.164,0.8234,
20261006T050106Z_4db0d0451595,zoned_corridor_w1,RU,32,0.5,4,288.9,0.068,0.76,True,True,0.733,0.164,0.7373,
20261006T050106Z_4db0d0451595,zoned_corridor_w1,RU,32,1.0,0,158.5,0.066,0.72,True,True,0.733,0.164,0.7492,
20261006T050106Z_4db0d0451595,zoned_corridor_w1,RU,32,1.0,1,41.2,0.069,0.75,True,True,0.733,0.164,0.5785,
20261006T050106Z_4db0d0451595,zoned_corridor_w1,RU,32,1.0,2,2.2,0.068,0.76,True,True,0.733,0.164,0.5124,
20261006T050106Z_4db0d0451595,zoned_corridor_w1,RU,32,1.0,3,32.7,0.068,0.76,True,True,0.733,0.164,0.599,
20261006T050106Z_4db0d0451595,zoned_corridor_w1,RU,32,1.0,4,205.6,0.069,0.76,True,True,0.733,0.164,0.4994,
20261006T050106Z_4db0d0451595,zoned_corridor_w1,RU,32,2.0,0,149.9,0.068,0.76,True,True,0.733,0.164,0.4567,
20261006T050106Z_4db0d0451595,zoned_corridor_w1,RU,32,2.0,1,8.2,0.069,0.76,True,True,0.733,0.164,0.5147,
20261006T050106Z_4db0d0451595,zoned_corridor_w1,RU,32,2.0,2,264.7,0.069,0.76,True,True,0.733,0.164,0.678,
20261006T050106Z_4db0d0451595,zoned_corridor_w1,RU,32,2.0,3,1.1,0.068,0.76,True,True,0.733,0.164,0.5146,
20261006T050106Z_4db0d0451595,zoned_corridor_w1,RU,32,2.0,4,46.7,0.155,1.49,True,True,0.752,0.184,0.5,
20261006T050106Z_4db0d0451595,zoned_corridor_w1,RU,32,4.0,0,157.2,0.079,0.83,True,True,0.735,0.165,1.0,
20261006T050106Z_4db0d0451595,zoned_corridor_w1,RU,32,4.0,1,271.4,0.07,0.75,True,True,0.733,0.164,0.5923,
20261006T050106Z_4db0d0451595,zoned_corridor_w1,RU,32,4.0,2,319.6,0.068,0.76,True,True,0.733,0.164,0.5331,
20261006T050106Z_4db0d0451595,zoned_corridor_w1,RU,32,4.0,3,137.3,0.069,0.76,True,True,0.733,0.164,0.5261,
20261006T050106Z_4db0d0451595,zoned_corridor_w1,RU,32,4.0,4,295.2,0.068,0.76,True,True,0.733,0.164,0.5368,
20261006T050106Z_4db0d0451595,zoned_corridor_w1,RU,32,6.0,0,255.1,0.069,0.76,True,True,0.733,0.164,0.8417,
20261006T050106Z_4db0d0451595,zoned_corridor_w1,RU,32,6.0,1,244.3,0.069,0.76,True,True,0.733,0.164,1.0,
20261006T050106Z_4db0d0451595,zoned_corridor_w1,RU,32,6.0,2,154.1,0.068,0.76,True,False,0.733,0.164,0.5585,translation_correction_limit
20261006T050106Z_4db0d0451595,zoned_corridor_w1,RU,32,6.0,3,6.8,0.07,0.76,True,True,0.733,0.164,0.5458,
20261006T050106Z_4db0d0451595,zoned_corridor_w1,RU,32,6.0,4,174.0,0.061,0.82,True,False,0.733,0.166,0.7162,translation_correction_limit
20261006T050106Z_4db0d0451595,zoned_corridor_w1,SU,33,0.0,0,256.7,0.129,0.31,True,True,0.987,0.083,2.6755,
20261006T050106Z_4db0d0451595,zoned_corridor_w1,SU,33,0.5,0,292.3,0.128,0.3,True,True,0.987,0.083,4.5782,
20261006T050106Z_4db0d0451595,zoned_corridor_w1,SU,33,0.5,1,256.9,0.129,0.32,True,True,0.987,0.083,2.5768,
20261006T050106Z_4db0d0451595,zoned_corridor_w1,SU,33,0.5,2,211.2,0.13,0.31,True,True,0.987,0.084,2.7024,
20261006T050106Z_4db0d0451595,zoned_corridor_w1,SU,33,0.5,3,165.2,0.127,0.0,True,True,0.987,0.085,2.4921,
20261006T050106Z_4db0d0451595,zoned_corridor_w1,SU,33,0.5,4,156.0,0.128,0.22,True,True,0.987,0.084,3.4617,
20261006T050106Z_4db0d0451595,zoned_corridor_w1,SU,33,1.0,0,64.6,0.134,0.54,True,True,0.991,0.095,2.8759,
20261006T050106Z_4db0d0451595,zoned_corridor_w1,SU,33,1.0,1,120.7,0.126,0.08,True,True,0.987,0.084,3.1499,
20261006T050106Z_4db0d0451595,zoned_corridor_w1,SU,33,1.0,2,32.8,0.13,0.32,True,True,0.987,0.084,3.3288,
20261006T050106Z_4db0d0451595,zoned_corridor_w1,SU,33,1.0,3,317.0,0.131,0.34,True,True,0.987,0.084,2.9913,
20261006T050106Z_4db0d0451595,zoned_corridor_w1,SU,33,1.0,4,286.3,0.131,0.31,True,True,0.987,0.084,2.633,
20261006T050106Z_4db0d0451595,zoned_corridor_w1,SU,33,2.0,0,268.2,0.13,0.47,True,True,0.991,0.094,3.8447,
20261006T050106Z_4db0d0451595,zoned_corridor_w1,SU,33,2.0,1,79.3,0.13,0.32,True,True,0.987,0.084,5.1707,
20261006T050106Z_4db0d0451595,zoned_corridor_w1,SU,33,2.0,2,117.3,0.13,0.32,True,True,0.987,0.084,3.437,
20261006T050106Z_4db0d0451595,zoned_corridor_w1,SU,33,2.0,3,254.5,0.131,0.31,True,True,0.987,0.084,2.5518,
20261006T050106Z_4db0d0451595,zoned_corridor_w1,SU,33,2.0,4,44.3,0.127,0.4,True,True,0.991,0.092,2.7463,
20261006T050106Z_4db0d0451595,zoned_corridor_w1,SU,33,4.0,0,307.0,0.13,0.31,True,True,0.987,0.084,3.819,
20261006T050106Z_4db0d0451595,zoned_corridor_w1,SU,33,4.0,1,220.0,0.131,0.31,True,True,0.987,0.084,3.2705,
20261006T050106Z_4db0d0451595,zoned_corridor_w1,SU,33,4.0,2,210.2,0.129,0.32,True,True,0.987,0.083,2.4951,
20261006T050106Z_4db0d0451595,zoned_corridor_w1,SU,33,4.0,3,339.3,0.127,0.31,True,True,0.987,0.083,2.6143,
20261006T050106Z_4db0d0451595,zoned_corridor_w1,SU,33,4.0,4,203.9,0.129,0.32,True,True,0.987,0.084,2.6577,
20261006T050106Z_4db0d0451595,zoned_corridor_w1,SU,33,6.0,0,128.7,0.127,0.17,True,False,0.987,0.084,3.763,translation_correction_limit
20261006T050106Z_4db0d0451595,zoned_corridor_w1,SU,33,6.0,1,188.1,0.13,0.2,True,True,0.987,0.084,2.6262,
20261006T050106Z_4db0d0451595,zoned_corridor_w1,SU,33,6.0,2,167.4,0.13,0.36,True,False,0.991,0.092,3.4688,translation_correction_limit
20261006T050106Z_4db0d0451595,zoned_corridor_w1,SU,33,6.0,3,269.2,0.13,0.31,True,True,0.987,0.084,4.1805,
20261006T050106Z_4db0d0451595,zoned_corridor_w1,SU,33,6.0,4,170.0,0.13,0.3,True,False,0.987,0.084,3.6936,translation_correction_limit
20261006T050106Z_4db0d0451595,zoned_corridor_w1,SR,35,0.0,0,14.0,0.126,0.05,True,True,0.946,0.066,2.2891,
20261006T050106Z_4db0d0451595,zoned_corridor_w1,SR,35,0.5,0,36.0,0.118,0.01,True,True,0.946,0.067,2.57,
20261006T050106Z_4db0d0451595,zoned_corridor_w1,SR,35,0.5,1,275.7,0.132,0.09,True,True,0.946,0.066,2.3335,
20261006T050106Z_4db0d0451595,zoned_corridor_w1,SR,35,0.5,2,176.6,0.141,0.09,True,True,0.946,0.066,2.2652,
20261006T050106Z_4db0d0451595,zoned_corridor_w1,SR,35,0.5,3,3.0,0.126,0.1,True,True,0.946,0.066,2.2522,
20261006T050106Z_4db0d0451595,zoned_corridor_w1,SR,35,0.5,4,283.4,0.132,0.09,True,True,0.946,0.065,2.3864,
20261006T050106Z_4db0d0451595,zoned_corridor_w1,SR,35,1.0,0,116.2,0.098,0.27,True,True,0.946,0.072,2.1007,
20261006T050106Z_4db0d0451595,zoned_corridor_w1,SR,35,1.0,1,137.5,0.132,0.09,True,True,0.946,0.066,2.2969,
20261006T050106Z_4db0d0451595,zoned_corridor_w1,SR,35,1.0,2,259.9,0.131,0.09,True,True,0.946,0.066,2.3447,
20261006T050106Z_4db0d0451595,zoned_corridor_w1,SR,35,1.0,3,355.8,0.129,0.12,True,True,0.946,0.065,2.3232,
20261006T050106Z_4db0d0451595,zoned_corridor_w1,SR,35,1.0,4,236.3,0.131,0.09,True,True,0.946,0.066,2.342,
20261006T050106Z_4db0d0451595,zoned_corridor_w1,SR,35,2.0,0,292.7,0.131,0.09,True,True,0.946,0.065,2.3114,
20261006T050106Z_4db0d0451595,zoned_corridor_w1,SR,35,2.0,1,116.4,0.122,0.07,True,True,0.946,0.066,2.2214,
20261006T050106Z_4db0d0451595,zoned_corridor_w1,SR,35,2.0,2,228.2,0.093,0.32,True,True,0.946,0.073,2.4373,
20261006T050106Z_4db0d0451595,zoned_corridor_w1,SR,35,2.0,3,347.2,0.141,0.19,True,True,0.946,0.065,2.3169,
20261006T050106Z_4db0d0451595,zoned_corridor_w1,SR,35,2.0,4,165.9,0.132,0.12,True,True,0.946,0.065,3.5976,
20261006T050106Z_4db0d0451595,zoned_corridor_w1,SR,35,4.0,0,181.5,0.131,0.1,True,True,0.946,0.066,2.7348,
20261006T050106Z_4db0d0451595,zoned_corridor_w1,SR,35,4.0,1,3.7,0.133,0.03,True,True,0.946,0.066,2.2824,
20261006T050106Z_4db0d0451595,zoned_corridor_w1,SR,35,4.0,2,21.8,0.132,0.09,True,True,0.946,0.066,2.7784,
20261006T050106Z_4db0d0451595,zoned_corridor_w1,SR,35,4.0,3,39.2,0.131,0.1,True,True,0.946,0.066,2.3078,
20261006T050106Z_4db0d0451595,zoned_corridor_w1,SR,35,4.0,4,66.6,0.11,0.1,True,True,0.946,0.068,2.2373,
20261006T050106Z_4db0d0451595,zoned_corridor_w1,SR,35,6.0,0,2.7,0.132,0.1,True,True,0.946,0.065,2.3167,
20261006T050106Z_4db0d0451595,zoned_corridor_w1,SR,35,6.0,1,284.2,0.131,0.09,True,True,0.946,0.066,2.3544,
20261006T050106Z_4db0d0451595,zoned_corridor_w1,SR,35,6.0,2,66.6,0.131,0.09,True,True,0.946,0.065,2.2962,
20261006T050106Z_4db0d0451595,zoned_corridor_w1,SR,35,6.0,3,275.6,0.131,0.08,True,True,0.946,0.066,2.2443,
20261006T050106Z_4db0d0451595,zoned_corridor_w1,SR,35,6.0,4,122.5,0.132,0.09,True,False,0.946,0.066,2.044,translation_correction_limit
20261006T050106Z_4db0d0451595,zoned_corridor_w1,SR,37,0.0,0,118.4,5.339,0.0,False,True,0.729,0.226,0.3201,
20261006T050106Z_4db0d0451595,zoned_corridor_w1,SR,37,0.5,0,114.2,5.526,0.1,False,True,0.711,0.221,0.3948,
20261006T050106Z_4db0d0451595,zoned_corridor_w1,SR,37,0.5,1,95.5,5.439,0.76,False,True,0.729,0.228,0.3859,
20261006T050106Z_4db0d0451595,zoned_corridor_w1,SR,37,0.5,2,321.0,5.328,0.14,False,True,0.725,0.223,0.3797,
20261006T050106Z_4db0d0451595,zoned_corridor_w1,SR,37,0.5,3,51.5,5.326,0.14,False,True,0.725,0.223,0.4186,
20261006T050106Z_4db0d0451595,zoned_corridor_w1,SR,37,0.5,4,195.0,5.327,0.05,False,True,0.729,0.226,0.4711,
20261006T050106Z_4db0d0451595,zoned_corridor_w1,SR,37,1.0,0,177.5,5.374,0.24,False,True,0.729,0.226,0.1911,
20261006T050106Z_4db0d0451595,zoned_corridor_w1,SR,37,1.0,1,34.2,5.028,1.0,False,True,0.698,0.232,0.3036,
20261006T050106Z_4db0d0451595,zoned_corridor_w1,SR,37,1.0,2,17.7,5.044,0.76,False,False,0.701,0.227,0.3332,translation_correction_limit
20261006T050106Z_4db0d0451595,zoned_corridor_w1,SR,37,1.0,3,344.2,4.834,1.43,False,True,0.67,0.255,0.1842,
20261006T050106Z_4db0d0451595,zoned_corridor_w1,SR,37,1.0,4,3.1,4.998,0.37,False,True,0.687,0.242,0.2187,
20261006T050106Z_4db0d0451595,zoned_corridor_w1,SR,37,2.0,0,236.2,5.326,0.15,False,True,0.725,0.223,0.3342,
20261006T050106Z_4db0d0451595,zoned_corridor_w1,SR,37,2.0,1,77.3,5.323,0.16,False,False,0.725,0.223,0.4182,translation_correction_limit
20261006T050106Z_4db0d0451595,zoned_corridor_w1,SR,37,2.0,2,188.1,5.508,0.26,False,True,0.711,0.221,0.2061,
20261006T050106Z_4db0d0451595,zoned_corridor_w1,SR,37,2.0,3,231.1,5.341,0.05,False,True,0.729,0.226,0.4229,
20261006T050106Z_4db0d0451595,zoned_corridor_w1,SR,37,2.0,4,17.6,0.137,0.43,True,True,0.433,0.187,0.0721,
20261006T050106Z_4db0d0451595,zoned_corridor_w1,SR,37,4.0,0,139.9,5.326,0.14,False,True,0.725,0.223,0.3819,
20261006T050106Z_4db0d0451595,zoned_corridor_w1,SR,37,4.0,1,327.8,0.142,0.4,True,True,0.433,0.186,0.0998,
20261006T050106Z_4db0d0451595,zoned_corridor_w1,SR,37,4.0,2,172.5,9.806,0.39,False,True,0.869,0.248,0.2056,
20261006T050106Z_4db0d0451595,zoned_corridor_w1,SR,37,4.0,3,329.8,0.138,0.26,True,True,0.433,0.186,0.1544,
20261006T050106Z_4db0d0451595,zoned_corridor_w1,SR,37,4.0,4,350.6,0.135,0.38,True,True,0.433,0.187,0.0819,
20261006T050106Z_4db0d0451595,zoned_corridor_w1,SR,37,6.0,0,248.8,5.438,0.76,False,False,0.715,0.224,0.3842,translation_correction_limit
20261006T050106Z_4db0d0451595,zoned_corridor_w1,SR,37,6.0,1,117.8,5.506,0.25,False,False,0.711,0.221,0.248,translation_correction_limit
20261006T050106Z_4db0d0451595,zoned_corridor_w1,SR,37,6.0,2,307.0,0.185,0.44,True,False,0.44,0.195,0.0683,translation_correction_limit
20261006T050106Z_4db0d0451595,zoned_corridor_w1,SR,37,6.0,3,209.9,10.172,0.28,False,True,0.883,0.178,0.6187,
20261006T050106Z_4db0d0451595,zoned_corridor_w1,SR,37,6.0,4,78.3,4.716,1.77,False,False,0.639,0.263,0.1591,translation_correction_limit
20261006T050106Z_4db0d0451595,zoned_corridor_w1,RU,38,0.0,0,328.8,0.026,0.35,True,True,0.702,0.114,0.5751,
20261006T050106Z_4db0d0451595,zoned_corridor_w1,RU,38,0.5,0,20.0,0.025,0.26,True,True,0.702,0.115,0.5992,
20261006T050106Z_4db0d0451595,zoned_corridor_w1,RU,38,0.5,1,329.5,0.025,0.33,True,True,0.702,0.114,0.5886,
20261006T050106Z_4db0d0451595,zoned_corridor_w1,RU,38,0.5,2,246.9,0.025,0.33,True,True,0.702,0.114,0.5713,
20261006T050106Z_4db0d0451595,zoned_corridor_w1,RU,38,0.5,3,144.7,0.027,0.41,True,True,0.702,0.114,0.5232,
20261006T050106Z_4db0d0451595,zoned_corridor_w1,RU,38,0.5,4,28.8,0.026,0.3,True,True,0.702,0.114,0.589,
20261006T050106Z_4db0d0451595,zoned_corridor_w1,RU,38,1.0,0,101.0,0.028,0.33,True,True,0.702,0.114,0.5108,
20261006T050106Z_4db0d0451595,zoned_corridor_w1,RU,38,1.0,1,156.9,0.028,0.41,True,True,0.702,0.114,0.5173,
20261006T050106Z_4db0d0451595,zoned_corridor_w1,RU,38,1.0,2,338.2,0.029,0.32,True,True,0.702,0.114,0.7284,
20261006T050106Z_4db0d0451595,zoned_corridor_w1,RU,38,1.0,3,305.1,0.027,0.31,True,True,0.702,0.114,0.5903,
20261006T050106Z_4db0d0451595,zoned_corridor_w1,RU,38,1.0,4,296.2,0.026,0.33,True,True,0.702,0.114,0.5888,
20261006T050106Z_4db0d0451595,zoned_corridor_w1,RU,38,2.0,0,69.4,0.027,0.27,True,True,0.702,0.115,0.6615,
20261006T050106Z_4db0d0451595,zoned_corridor_w1,RU,38,2.0,1,82.1,0.02,0.24,True,True,0.702,0.114,0.6057,
20261006T050106Z_4db0d0451595,zoned_corridor_w1,RU,38,2.0,2,284.1,0.028,0.33,True,True,0.702,0.114,0.5895,
20261006T050106Z_4db0d0451595,zoned_corridor_w1,RU,38,2.0,3,348.2,0.028,0.39,True,True,0.702,0.114,0.7551,
20261006T050106Z_4db0d0451595,zoned_corridor_w1,RU,38,2.0,4,137.3,0.015,0.19,True,True,0.702,0.114,0.5762,
20261006T050106Z_4db0d0451595,zoned_corridor_w1,RU,38,4.0,0,153.1,0.079,0.99,True,True,0.708,0.133,0.427,
20261006T050106Z_4db0d0451595,zoned_corridor_w1,RU,38,4.0,1,150.1,0.031,0.32,True,True,0.702,0.115,0.5183,
20261006T050106Z_4db0d0451595,zoned_corridor_w1,RU,38,4.0,2,124.1,0.029,0.37,True,True,0.702,0.114,0.5306,
20261006T050106Z_4db0d0451595,zoned_corridor_w1,RU,38,4.0,3,128.4,0.028,0.34,True,True,0.702,0.114,0.5108,
20261006T050106Z_4db0d0451595,zoned_corridor_w1,RU,38,4.0,4,185.6,0.028,0.3,True,True,0.702,0.114,0.8282,
20261006T050106Z_4db0d0451595,zoned_corridor_w1,RU,38,6.0,0,53.3,0.036,0.45,True,False,0.702,0.115,0.5976,translation_correction_limit
20261006T050106Z_4db0d0451595,zoned_corridor_w1,RU,38,6.0,1,40.4,0.035,0.42,True,False,0.702,0.115,1.0456,translation_correction_limit
20261006T050106Z_4db0d0451595,zoned_corridor_w1,RU,38,6.0,2,319.7,0.028,0.33,True,True,0.702,0.114,1.0,
20261006T050106Z_4db0d0451595,zoned_corridor_w1,RU,38,6.0,3,225.6,0.019,0.21,True,True,0.702,0.114,0.5285,
20261006T050106Z_4db0d0451595,zoned_corridor_w1,RU,38,6.0,4,341.7,0.035,0.42,True,True,0.702,0.115,1.168,
20261006T050106Z_4db0d0451595,zoned_corridor_w1,SU,44,0.0,0,298.2,0.072,0.15,True,True,0.927,0.102,2.2788,
20261006T050106Z_4db0d0451595,zoned_corridor_w1,SU,44,0.5,0,332.6,0.06,0.27,True,True,0.927,0.103,2.9799,
20261006T050106Z_4db0d0451595,zoned_corridor_w1,SU,44,0.5,1,355.4,0.074,0.12,True,True,0.927,0.101,3.3375,
20261006T050106Z_4db0d0451595,zoned_corridor_w1,SU,44,0.5,2,161.3,0.062,0.26,True,True,0.927,0.103,2.3798,
20261006T050106Z_4db0d0451595,zoned_corridor_w1,SU,44,0.5,3,359.3,0.074,0.12,True,True,0.927,0.101,3.3742,
20261006T050106Z_4db0d0451595,zoned_corridor_w1,SU,44,0.5,4,49.7,0.074,0.12,True,True,0.927,0.101,2.6816,
20261006T050106Z_4db0d0451595,zoned_corridor_w1,SU,44,1.0,0,193.2,0.073,0.12,True,True,0.927,0.101,3.0331,
20261006T050106Z_4db0d0451595,zoned_corridor_w1,SU,44,1.0,1,350.2,0.074,0.12,True,True,0.927,0.101,2.5293,
20261006T050106Z_4db0d0451595,zoned_corridor_w1,SU,44,1.0,2,245.9,0.073,0.12,True,True,0.927,0.101,3.0119,
20261006T050106Z_4db0d0451595,zoned_corridor_w1,SU,44,1.0,3,5.3,0.077,0.05,True,True,0.927,0.101,3.0039,
20261006T050106Z_4db0d0451595,zoned_corridor_w1,SU,44,1.0,4,263.8,0.073,0.14,True,True,0.927,0.101,2.3699,
20261006T050106Z_4db0d0451595,zoned_corridor_w1,SU,44,2.0,0,36.4,0.074,0.09,True,True,0.927,0.101,3.0039,
20261006T050106Z_4db0d0451595,zoned_corridor_w1,SU,44,2.0,1,85.6,0.072,0.14,True,True,0.927,0.101,2.2389,
20261006T050106Z_4db0d0451595,zoned_corridor_w1,SU,44,2.0,2,116.7,0.08,0.01,True,True,0.927,0.101,2.9871,
20261006T050106Z_4db0d0451595,zoned_corridor_w1,SU,44,2.0,3,321.8,0.071,0.16,True,True,0.927,0.102,3.0369,
20261006T050106Z_4db0d0451595,zoned_corridor_w1,SU,44,2.0,4,51.0,0.075,0.12,True,True,0.927,0.101,2.3015,
20261006T050106Z_4db0d0451595,zoned_corridor_w1,SU,44,4.0,0,352.7,0.069,0.17,True,True,0.927,0.102,3.0042,
20261006T050106Z_4db0d0451595,zoned_corridor_w1,SU,44,4.0,1,115.0,0.078,0.08,True,True,0.927,0.101,3.0031,
20261006T050106Z_4db0d0451595,zoned_corridor_w1,SU,44,4.0,2,161.3,0.076,0.07,True,True,0.927,0.101,2.4848,
20261006T050106Z_4db0d0451595,zoned_corridor_w1,SU,44,4.0,3,168.1,0.067,0.12,True,True,0.927,0.102,2.9954,
20261006T050106Z_4db0d0451595,zoned_corridor_w1,SU,44,4.0,4,20.3,0.074,0.11,True,True,0.927,0.101,2.4828,
20261006T050106Z_4db0d0451595,zoned_corridor_w1,SU,44,6.0,0,279.3,0.073,0.13,True,False,0.927,0.101,3.4806,translation_correction_limit
20261006T050106Z_4db0d0451595,zoned_corridor_w1,SU,44,6.0,1,132.7,0.08,0.02,True,True,0.927,0.101,2.3632,
20261006T050106Z_4db0d0451595,zoned_corridor_w1,SU,44,6.0,2,97.1,0.073,0.12,True,True,0.927,0.101,3.3129,
20261006T050106Z_4db0d0451595,zoned_corridor_w1,SU,44,6.0,3,88.7,0.073,0.12,True,True,0.927,0.101,3.0071,
20261006T050106Z_4db0d0451595,zoned_corridor_w1,SU,44,6.0,4,272.0,0.077,0.03,True,False,0.927,0.103,3.2102,translation_correction_limit
20261006T050106Z_4db0d0451595,zoned_corridor_w1,SR,47,0.0,0,349.2,0.214,1.18,True,True,0.849,0.121,0.1286,
20261006T050106Z_4db0d0451595,zoned_corridor_w1,SR,47,0.5,0,271.8,0.269,0.76,True,True,0.849,0.117,0.2094,
20261006T050106Z_4db0d0451595,zoned_corridor_w1,SR,47,0.5,1,172.3,0.144,0.34,True,True,0.843,0.119,0.1606,
20261006T050106Z_4db0d0451595,zoned_corridor_w1,SR,47,0.5,2,356.6,0.145,0.35,True,True,0.843,0.119,0.1694,
20261006T050106Z_4db0d0451595,zoned_corridor_w1,SR,47,0.5,3,49.7,0.145,0.34,True,True,0.843,0.119,0.1515,
20261006T050106Z_4db0d0451595,zoned_corridor_w1,SR,47,0.5,4,64.1,0.269,0.6,True,True,0.843,0.128,0.0683,
20261006T050106Z_4db0d0451595,zoned_corridor_w1,SR,47,1.0,0,143.4,0.275,0.64,True,True,0.849,0.117,0.3554,
20261006T050106Z_4db0d0451595,zoned_corridor_w1,SR,47,1.0,1,266.7,0.316,0.41,True,True,0.849,0.118,0.1451,
20261006T050106Z_4db0d0451595,zoned_corridor_w1,SR,47,1.0,2,209.3,0.089,0.76,True,True,0.843,0.124,0.4093,
20261006T050106Z_4db0d0451595,zoned_corridor_w1,SR,47,1.0,3,66.9,0.325,0.34,True,True,0.849,0.118,0.1418,
20261006T050106Z_4db0d0451595,zoned_corridor_w1,SR,47,1.0,4,113.9,0.276,0.72,True,True,0.849,0.117,0.2103,
20261006T050106Z_4db0d0451595,zoned_corridor_w1,SR,47,2.0,0,111.2,0.211,0.18,True,True,0.843,0.119,0.1663,
20261006T050106Z_4db0d0451595,zoned_corridor_w1,SR,47,2.0,1,358.3,0.269,0.77,True,True,0.849,0.117,0.7213,
20261006T050106Z_4db0d0451595,zoned_corridor_w1,SR,47,2.0,2,6.6,0.28,0.61,True,True,0.849,0.117,0.6692,
20261006T050106Z_4db0d0451595,zoned_corridor_w1,SR,47,2.0,3,219.2,0.269,0.76,True,True,0.849,0.117,0.2145,
20261006T050106Z_4db0d0451595,zoned_corridor_w1,SR,47,2.0,4,237.6,0.267,0.75,True,True,0.849,0.117,0.19,
20261006T050106Z_4db0d0451595,zoned_corridor_w1,SR,47,4.0,0,47.5,0.255,0.88,True,True,0.849,0.117,0.8467,
20261006T050106Z_4db0d0451595,zoned_corridor_w1,SR,47,4.0,1,310.6,0.146,0.33,True,True,0.843,0.118,0.4792,
20261006T050106Z_4db0d0451595,zoned_corridor_w1,SR,47,4.0,2,52.5,0.305,0.51,True,True,0.849,0.117,0.8324,
20261006T050106Z_4db0d0451595,zoned_corridor_w1,SR,47,4.0,3,129.6,0.336,0.25,True,True,0.849,0.118,0.1787,
20261006T050106Z_4db0d0451595,zoned_corridor_w1,SR,47,4.0,4,215.6,0.13,0.49,True,True,0.843,0.119,0.1505,
20261006T050106Z_4db0d0451595,zoned_corridor_w1,SR,47,6.0,0,206.6,0.293,0.6,True,True,0.849,0.117,0.2097,
20261006T050106Z_4db0d0451595,zoned_corridor_w1,SR,47,6.0,1,304.4,0.291,0.49,True,False,0.849,0.117,0.8907,translation_correction_limit
20261006T050106Z_4db0d0451595,zoned_corridor_w1,SR,47,6.0,2,282.5,0.294,0.51,True,False,0.849,0.117,0.2936,translation_correction_limit
20261006T050106Z_4db0d0451595,zoned_corridor_w1,SR,47,6.0,3,18.7,0.117,0.69,True,False,0.843,0.119,0.9183,translation_correction_limit
20261006T050106Z_4db0d0451595,zoned_corridor_w1,SR,47,6.0,4,200.4,0.269,0.76,True,True,0.849,0.117,0.1647,
20261006T050106Z_4db0d0451595,zoned_corridor_w1,SU,51,0.0,0,260.9,0.147,0.69,True,True,0.859,0.138,0.9153,
20261006T050106Z_4db0d0451595,zoned_corridor_w1,SU,51,0.5,0,12.6,0.125,0.96,True,True,0.859,0.135,0.7292,
20261006T050106Z_4db0d0451595,zoned_corridor_w1,SU,51,0.5,1,350.0,0.172,0.52,True,True,0.859,0.142,0.8517,
20261006T050106Z_4db0d0451595,zoned_corridor_w1,SU,51,0.5,2,259.2,0.153,0.64,True,True,0.859,0.137,0.8346,
20261006T050106Z_4db0d0451595,zoned_corridor_w1,SU,51,0.5,3,349.4,0.217,0.44,True,True,0.845,0.133,0.9657,
20261006T050106Z_4db0d0451595,zoned_corridor_w1,SU,51,0.5,4,69.2,0.149,0.77,True,True,0.859,0.138,1.0909,
20261006T050106Z_4db0d0451595,zoned_corridor_w1,SU,51,1.0,0,85.6,0.155,0.64,True,True,0.859,0.138,0.9056,
20261006T050106Z_4db0d0451595,zoned_corridor_w1,SU,51,1.0,1,174.1,0.155,0.63,True,True,0.859,0.138,0.8598,
20261006T050106Z_4db0d0451595,zoned_corridor_w1,SU,51,1.0,2,98.9,0.153,0.63,True,True,0.859,0.137,1.0243,
20261006T050106Z_4db0d0451595,zoned_corridor_w1,SU,51,1.0,3,43.1,0.197,0.1,True,True,0.85,0.133,0.9892,
20261006T050106Z_4db0d0451595,zoned_corridor_w1,SU,51,1.0,4,57.5,0.209,0.21,True,True,0.85,0.135,0.8968,
20261006T050106Z_4db0d0451595,zoned_corridor_w1,SU,51,2.0,0,238.4,0.042,0.96,True,True,0.859,0.134,0.8341,
20261006T050106Z_4db0d0451595,zoned_corridor_w1,SU,51,2.0,1,327.5,0.154,0.64,True,True,0.859,0.138,0.8076,
20261006T050106Z_4db0d0451595,zoned_corridor_w1,SU,51,2.0,2,76.6,0.155,0.64,True,True,0.859,0.138,0.9438,
20261006T050106Z_4db0d0451595,zoned_corridor_w1,SU,51,2.0,3,33.4,0.155,0.64,True,True,0.859,0.138,0.9478,
20261006T050106Z_4db0d0451595,zoned_corridor_w1,SU,51,2.0,4,114.3,0.139,0.79,True,True,0.859,0.137,1.087,
20261006T050106Z_4db0d0451595,zoned_corridor_w1,SU,51,4.0,0,311.0,0.153,0.64,True,True,0.859,0.138,0.9201,
20261006T050106Z_4db0d0451595,zoned_corridor_w1,SU,51,4.0,1,217.2,0.189,0.23,True,True,0.85,0.127,1.223,
20261006T050106Z_4db0d0451595,zoned_corridor_w1,SU,51,4.0,2,316.7,0.16,0.57,True,True,0.859,0.138,1.1205,
20261006T050106Z_4db0d0451595,zoned_corridor_w1,SU,51,4.0,3,205.9,0.154,0.63,True,True,0.859,0.137,0.8868,
20261006T050106Z_4db0d0451595,zoned_corridor_w1,SU,51,4.0,4,31.8,0.174,0.28,True,True,0.85,0.125,0.8686,
20261006T050106Z_4db0d0451595,zoned_corridor_w1,SU,51,6.0,0,318.8,0.154,0.64,True,True,0.859,0.138,0.9943,
20261006T050106Z_4db0d0451595,zoned_corridor_w1,SU,51,6.0,1,177.6,0.058,0.94,True,False,0.859,0.133,1.2006,translation_correction_limit
20261006T050106Z_4db0d0451595,zoned_corridor_w1,SU,51,6.0,2,214.9,0.194,0.18,True,True,0.85,0.128,0.6771,
20261006T050106Z_4db0d0451595,zoned_corridor_w1,SU,51,6.0,3,319.1,0.153,0.64,True,True,0.859,0.137,1.6424,
20261006T050106Z_4db0d0451595,zoned_corridor_w1,SU,51,6.0,4,61.1,0.193,0.18,True,False,0.85,0.128,0.9996,translation_correction_limit
20261006T050106Z_4db0d0451595,zoned_corridor_w1,SU,56,0.0,0,358.3,0.085,0.03,True,True,0.553,0.095,0.4903,
20261006T050106Z_4db0d0451595,zoned_corridor_w1,SU,56,0.5,0,281.5,0.09,0.27,True,True,0.553,0.095,0.3549,
20261006T050106Z_4db0d0451595,zoned_corridor_w1,SU,56,0.5,1,225.4,0.081,0.08,True,True,0.553,0.094,0.4355,
20261006T050106Z_4db0d0451595,zoned_corridor_w1,SU,56,0.5,2,86.7,0.089,0.22,True,True,0.553,0.095,0.4374,
20261006T050106Z_4db0d0451595,zoned_corridor_w1,SU,56,0.5,3,205.4,0.086,0.16,True,True,0.553,0.094,0.3082,
20261006T050106Z_4db0d0451595,zoned_corridor_w1,SU,56,0.5,4,34.0,0.085,0.19,True,True,0.553,0.094,0.4775,
20261006T050106Z_4db0d0451595,zoned_corridor_w1,SU,56,1.0,0,287.8,0.088,0.2,True,True,0.553,0.095,0.4909,
20261006T050106Z_4db0d0451595,zoned_corridor_w1,SU,56,1.0,1,23.5,0.092,0.29,True,True,0.553,0.096,0.5342,
20261006T050106Z_4db0d0451595,zoned_corridor_w1,SU,56,1.0,2,92.9,0.088,0.2,True,True,0.553,0.095,0.2825,
20261006T050106Z_4db0d0451595,zoned_corridor_w1,SU,56,1.0,3,315.0,0.086,0.02,True,True,0.553,0.095,0.4378,
20261006T050106Z_4db0d0451595,zoned_corridor_w1,SU,56,1.0,4,26.9,0.091,0.24,True,True,0.553,0.095,0.529,
20261006T050106Z_4db0d0451595,zoned_corridor_w1,SU,56,2.0,0,231.0,0.094,0.36,True,True,0.553,0.097,0.5017,
20261006T050106Z_4db0d0451595,zoned_corridor_w1,SU,56,2.0,1,176.8,0.082,0.05,True,True,0.553,0.094,0.5589,
20261006T050106Z_4db0d0451595,zoned_corridor_w1,SU,56,2.0,2,85.7,0.088,0.25,True,True,0.553,0.095,0.5394,
20261006T050106Z_4db0d0451595,zoned_corridor_w1,SU,56,2.0,3,26.8,0.089,0.2,True,True,0.553,0.095,0.5362,
20261006T050106Z_4db0d0451595,zoned_corridor_w1,SU,56,2.0,4,242.8,0.088,0.19,True,True,0.553,0.095,0.5173,
20261006T050106Z_4db0d0451595,zoned_corridor_w1,SU,56,4.0,0,231.4,0.087,0.19,True,True,0.553,0.095,0.2794,
20261006T050106Z_4db0d0451595,zoned_corridor_w1,SU,56,4.0,1,314.8,0.092,0.3,True,True,0.553,0.096,0.5018,
20261006T050106Z_4db0d0451595,zoned_corridor_w1,SU,56,4.0,2,64.8,0.088,0.2,True,True,0.553,0.095,0.5362,
20261006T050106Z_4db0d0451595,zoned_corridor_w1,SU,56,4.0,3,351.3,0.092,0.27,True,True,0.553,0.095,0.544,
20261006T050106Z_4db0d0451595,zoned_corridor_w1,SU,56,4.0,4,228.8,0.086,0.13,True,True,0.553,0.094,0.4454,
20261006T050106Z_4db0d0451595,zoned_corridor_w1,SU,56,6.0,0,117.0,0.086,0.19,True,True,0.553,0.094,0.4244,
20261006T050106Z_4db0d0451595,zoned_corridor_w1,SU,56,6.0,1,143.9,0.089,0.21,True,True,0.553,0.095,0.4413,
20261006T050106Z_4db0d0451595,zoned_corridor_w1,SU,56,6.0,2,294.7,0.09,0.28,True,False,0.553,0.095,0.3596,translation_correction_limit
20261006T050106Z_4db0d0451595,zoned_corridor_w1,SU,56,6.0,3,260.8,0.066,0.22,True,False,0.553,0.095,0.3831,translation_correction_limit
20261006T050106Z_4db0d0451595,zoned_corridor_w1,SU,56,6.0,4,20.6,0.086,0.1,True,True,0.553,0.094,0.548,
20261006T051224Z_706c25701e90,zoned_corridor_w1,SR,0,0.0,0,114.0,0.074,0.03,True,True,0.937,0.095,1.5377,
20261006T051224Z_706c25701e90,zoned_corridor_w1,SR,0,0.5,0,91.5,0.077,0.0,True,True,0.937,0.095,1.7177,
20261006T051224Z_706c25701e90,zoned_corridor_w1,SR,0,0.5,1,314.6,0.044,0.31,True,True,0.937,0.099,1.4285,
20261006T051224Z_706c25701e90,zoned_corridor_w1,SR,0,0.5,2,34.8,0.115,0.33,True,True,0.937,0.096,1.4966,
20261006T051224Z_706c25701e90,zoned_corridor_w1,SR,0,0.5,3,113.4,0.04,0.33,True,True,0.937,0.099,1.5261,
20261006T051224Z_706c25701e90,zoned_corridor_w1,SR,0,0.5,4,211.8,0.086,0.06,True,True,0.937,0.095,1.5555,
20261006T051224Z_706c25701e90,zoned_corridor_w1,SR,0,1.0,0,227.5,0.08,0.12,True,True,0.937,0.097,1.474,
20261006T051224Z_706c25701e90,zoned_corridor_w1,SR,0,1.0,1,359.5,0.087,0.06,True,True,0.937,0.095,1.5432,
20261006T051224Z_706c25701e90,zoned_corridor_w1,SR,0,1.0,2,22.6,0.101,0.2,True,True,0.937,0.095,1.5257,
20261006T051224Z_706c25701e90,zoned_corridor_w1,SR,0,1.0,3,14.5,0.081,0.04,True,True,0.937,0.095,1.5384,
20261006T051224Z_706c25701e90,zoned_corridor_w1,SR,0,1.0,4,80.4,0.089,0.14,True,True,0.937,0.094,1.5233,
20261006T051224Z_706c25701e90,zoned_corridor_w1,SR,0,2.0,0,17.1,0.048,0.26,True,True,0.937,0.098,1.5814,
20261006T051224Z_706c25701e90,zoned_corridor_w1,SR,0,2.0,1,85.6,0.063,0.43,True,True,0.929,0.099,0.7602,
20261006T051224Z_706c25701e90,zoned_corridor_w1,SR,0,2.0,2,139.8,0.084,0.27,True,True,0.929,0.1,1.5257,
20261006T051224Z_706c25701e90,zoned_corridor_w1,SR,0,2.0,3,126.3,0.043,0.3,True,True,0.937,0.099,1.4357,
20261006T051224Z_706c25701e90,zoned_corridor_w1,SR,0,2.0,4,349.7,0.086,0.06,True,True,0.937,0.095,1.6197,
20261006T051224Z_706c25701e90,zoned_corridor_w1,SR,0,4.0,0,209.8,0.109,0.24,True,True,0.937,0.095,1.1134,
20261006T051224Z_706c25701e90,zoned_corridor_w1,SR,0,4.0,1,298.2,0.071,0.05,True,True,0.937,0.096,1.5709,
20261006T051224Z_706c25701e90,zoned_corridor_w1,SR,0,4.0,2,181.1,0.084,0.04,True,True,0.937,0.095,1.6845,
20261006T051224Z_706c25701e90,zoned_corridor_w1,SR,0,4.0,3,120.4,0.082,0.01,True,True,0.937,0.096,2.2493,
20261006T051224Z_706c25701e90,zoned_corridor_w1,SR,0,4.0,4,8.4,0.086,0.06,True,True,0.937,0.095,1.5711,
20261006T051224Z_706c25701e90,zoned_corridor_w1,SR,0,6.0,0,201.1,0.126,0.4,True,False,0.937,0.097,1.1569,translation_correction_limit
20261006T051224Z_706c25701e90,zoned_corridor_w1,SR,0,6.0,1,172.2,0.068,0.4,True,True,0.929,0.099,1.4023,
20261006T051224Z_706c25701e90,zoned_corridor_w1,SR,0,6.0,2,218.0,0.068,0.22,True,True,0.929,0.098,1.9587,
20261006T051224Z_706c25701e90,zoned_corridor_w1,SR,0,6.0,3,272.1,0.083,0.02,True,True,0.937,0.095,1.558,
20261006T051224Z_706c25701e90,zoned_corridor_w1,SR,0,6.0,4,258.5,0.083,0.03,True,False,0.937,0.095,1.5555,translation_correction_limit
20261006T051224Z_706c25701e90,zoned_corridor_w1,RR,2,0.0,0,179.7,4.1,0.78,False,False,0.967,0.16,0.0128,ambiguous_minimum
20261006T051224Z_706c25701e90,zoned_corridor_w1,RR,2,0.5,0,9.8,3.975,0.26,False,True,0.964,0.167,0.0636,
20261006T051224Z_706c25701e90,zoned_corridor_w1,RR,2,0.5,1,26.0,3.972,0.26,False,True,0.962,0.165,0.1063,
20261006T051224Z_706c25701e90,zoned_corridor_w1,RR,2,0.5,2,100.0,4.1,0.78,False,True,0.967,0.16,0.1419,
20261006T051224Z_706c25701e90,zoned_corridor_w1,RR,2,0.5,3,99.4,3.997,0.02,False,True,0.962,0.168,0.0302,
20261006T051224Z_706c25701e90,zoned_corridor_w1,RR,2,0.5,4,270.9,3.953,0.45,False,True,0.962,0.165,0.0226,
20261006T051224Z_706c25701e90,zoned_corridor_w1,RR,2,1.0,0,19.3,4.1,0.77,False,False,0.967,0.16,0.0126,ambiguous_minimum
20261006T051224Z_706c25701e90,zoned_corridor_w1,RR,2,1.0,1,164.7,3.981,0.17,False,True,0.962,0.166,0.065,
20261006T051224Z_706c25701e90,zoned_corridor_w1,RR,2,1.0,2,207.6,4.104,0.74,False,False,0.967,0.161,0.014,ambiguous_minimum
20261006T051224Z_706c25701e90,zoned_corridor_w1,RR,2,1.0,3,111.4,3.977,0.17,False,True,0.962,0.166,0.0385,
20261006T051224Z_706c25701e90,zoned_corridor_w1,RR,2,1.0,4,215.3,3.981,0.23,False,True,0.964,0.167,0.0408,
20261006T051224Z_706c25701e90,zoned_corridor_w1,RR,2,2.0,0,210.6,3.982,0.15,False,True,0.962,0.166,0.104,
20261006T051224Z_706c25701e90,zoned_corridor_w1,RR,2,2.0,1,296.6,4.103,0.75,False,True,0.967,0.161,0.0262,
20261006T051224Z_706c25701e90,zoned_corridor_w1,RR,2,2.0,2,213.1,3.976,0.21,False,True,0.962,0.165,0.0412,
20261006T051224Z_706c25701e90,zoned_corridor_w1,RR,2,2.0,3,307.0,4.094,0.85,False,True,0.967,0.159,0.0741,
20261006T051224Z_706c25701e90,zoned_corridor_w1,RR,2,2.0,4,19.5,3.98,0.17,False,True,0.962,0.166,0.0396,
20261006T051224Z_706c25701e90,zoned_corridor_w1,RR,2,4.0,0,223.9,0.124,0.94,True,True,0.856,0.091,1.1427,
20261006T051224Z_706c25701e90,zoned_corridor_w1,RR,2,4.0,1,283.8,4.102,0.68,False,False,0.967,0.162,0.0083,ambiguous_minimum
20261006T051224Z_706c25701e90,zoned_corridor_w1,RR,2,4.0,2,160.2,0.125,0.89,True,True,0.856,0.091,1.1894,
20261006T051224Z_706c25701e90,zoned_corridor_w1,RR,2,4.0,3,144.9,0.122,0.94,True,True,0.856,0.091,1.0988,
20261006T051224Z_706c25701e90,zoned_corridor_w1,RR,2,4.0,4,73.7,3.974,0.24,False,True,0.962,0.165,0.0415,
20261006T051224Z_706c25701e90,zoned_corridor_w1,RR,2,6.0,0,4.6,3.982,0.13,False,True,0.962,0.166,0.2403,
20261006T051224Z_706c25701e90,zoned_corridor_w1,RR,2,6.0,1,333.8,4.099,0.77,False,False,0.967,0.16,0.0135,ambiguous_minimum
20261006T051224Z_706c25701e90,zoned_corridor_w1,RR,2,6.0,2,290.6,3.97,0.2,False,True,0.962,0.166,0.0363,
20261006T051224Z_706c25701e90,zoned_corridor_w1,RR,2,6.0,3,169.9,0.124,0.16,True,True,0.852,0.1,0.986,
20261006T051224Z_706c25701e90,zoned_corridor_w1,RR,2,6.0,4,85.7,4.106,0.72,False,False,0.967,0.162,0.01,ambiguous_minimum;translation_correction_limit
20261006T051224Z_706c25701e90,zoned_corridor_w1,RR,3,0.0,0,40.6,0.028,0.01,True,True,0.934,0.073,0.4774,
20261006T051224Z_706c25701e90,zoned_corridor_w1,RR,3,0.5,0,271.0,0.028,0.01,True,True,0.934,0.072,0.4016,
20261006T051224Z_706c25701e90,zoned_corridor_w1,RR,3,0.5,1,271.9,0.029,0.03,True,True,0.934,0.072,0.4166,
20261006T051224Z_706c25701e90,zoned_corridor_w1,RR,3,0.5,2,4.9,0.055,0.32,True,True,0.934,0.074,0.4553,
20261006T051224Z_706c25701e90,zoned_corridor_w1,RR,3,0.5,3,165.5,0.03,0.06,True,True,0.934,0.073,0.4171,
20261006T051224Z_706c25701e90,zoned_corridor_w1,RR,3,0.5,4,141.5,0.029,0.02,True,True,0.934,0.073,0.4269,
20261006T051224Z_706c25701e90,zoned_corridor_w1,RR,3,1.0,0,73.6,0.027,0.0,True,True,0.934,0.073,0.4233,
20261006T051224Z_706c25701e90,zoned_corridor_w1,RR,3,1.0,1,58.5,0.029,0.01,True,True,0.934,0.073,0.4788,
20261006T051224Z_706c25701e90,zoned_corridor_w1,RR,3,1.0,2,205.5,0.143,0.46,True,True,0.939,0.089,0.2256,
20261006T051224Z_706c25701e90,zoned_corridor_w1,RR,3,1.0,3,50.1,0.06,0.36,True,True,0.934,0.075,0.3675,
20261006T051224Z_706c25701e90,zoned_corridor_w1,RR,3,1.0,4,351.1,0.029,0.05,True,True,0.934,0.073,0.6339,
20261006T051224Z_706c25701e90,zoned_corridor_w1,RR,3,2.0,0,90.9,0.027,0.05,True,True,0.934,0.073,0.416,
20261006T051224Z_706c25701e90,zoned_corridor_w1,RR,3,2.0,1,340.8,0.026,0.06,True,True,0.934,0.073,0.3937,
20261006T051224Z_706c25701e90,zoned_corridor_w1,RR,3,2.0,2,322.8,0.027,0.01,True,True,0.934,0.073,0.4669,
20261006T051224Z_706c25701e90,zoned_corridor_w1,RR,3,2.0,3,42.4,0.031,0.13,True,True,0.934,0.076,0.4438,
20261006T051224Z_706c25701e90,zoned_corridor_w1,RR,3,2.0,4,41.2,0.026,0.07,True,True,0.934,0.074,0.4258,
20261006T051224Z_706c25701e90,zoned_corridor_w1,RR,3,4.0,0,16.3,0.031,0.12,True,True,0.934,0.075,1.8036,
20261006T051224Z_706c25701e90,zoned_corridor_w1,RR,3,4.0,1,208.2,0.028,0.04,True,True,0.934,0.072,0.4725,
20261006T051224Z_706c25701e90,zoned_corridor_w1,RR,3,4.0,2,50.2,0.028,0.02,True,True,0.934,0.073,1.5293,
20261006T051224Z_706c25701e90,zoned_corridor_w1,RR,3,4.0,3,273.9,0.026,0.03,True,True,0.934,0.073,0.4636,
20261006T051224Z_706c25701e90,zoned_corridor_w1,RR,3,4.0,4,345.8,0.051,0.27,True,True,0.934,0.073,1.7851,
20261006T051224Z_706c25701e90,zoned_corridor_w1,RR,3,6.0,0,338.5,0.026,0.09,True,False,0.934,0.075,1.8064,translation_correction_limit
20261006T051224Z_706c25701e90,zoned_corridor_w1,RR,3,6.0,1,64.9,0.027,0.01,True,True,0.934,0.073,1.2297,
20261006T051224Z_706c25701e90,zoned_corridor_w1,RR,3,6.0,2,201.9,0.051,0.26,True,True,0.934,0.073,0.4278,
20261006T051224Z_706c25701e90,zoned_corridor_w1,RR,3,6.0,3,259.3,0.029,0.01,True,False,0.934,0.073,0.4162,translation_correction_limit
20261006T051224Z_706c25701e90,zoned_corridor_w1,RR,3,6.0,4,148.7,0.037,0.17,True,True,0.934,0.073,0.437,
20261006T051224Z_706c25701e90,zoned_corridor_w1,SR,4,0.0,0,234.2,5.023,0.02,False,True,0.995,0.168,0.9617,
20261006T051224Z_706c25701e90,zoned_corridor_w1,SR,4,0.5,0,336.1,5.039,0.14,False,True,0.995,0.167,0.9308,
20261006T051224Z_706c25701e90,zoned_corridor_w1,SR,4,0.5,1,190.4,5.012,0.1,False,True,0.995,0.169,0.5333,
20261006T051224Z_706c25701e90,zoned_corridor_w1,SR,4,0.5,2,359.1,4.836,0.07,False,True,0.989,0.167,0.9869,
20261006T051224Z_706c25701e90,zoned_corridor_w1,SR,4,0.5,3,171.4,4.806,0.17,False,True,0.989,0.171,0.9224,
20261006T051224Z_706c25701e90,zoned_corridor_w1,SR,4,0.5,4,168.6,5.056,0.27,False,True,0.995,0.167,0.8983,
20261006T051224Z_706c25701e90,zoned_corridor_w1,SR,4,1.0,0,16.9,4.847,0.24,False,True,0.992,0.169,0.9459,
20261006T051224Z_706c25701e90,zoned_corridor_w1,SR,4,1.0,1,340.0,4.837,0.08,False,True,0.989,0.167,1.1019,
20261006T051224Z_706c25701e90,zoned_corridor_w1,SR,4,1.0,2,248.6,4.837,0.08,False,True,0.989,0.167,0.9778,
20261006T051224Z_706c25701e90,zoned_corridor_w1,SR,4,1.0,3,185.6,5.026,0.12,False,True,0.995,0.17,0.9373,
20261006T051224Z_706c25701e90,zoned_corridor_w1,SR,4,1.0,4,235.3,4.805,0.18,False,True,0.987,0.169,0.7729,
20261006T051224Z_706c25701e90,zoned_corridor_w1,SR,4,2.0,0,209.7,4.836,0.07,False,True,0.989,0.167,0.9779,
20261006T051224Z_706c25701e90,zoned_corridor_w1,SR,4,2.0,1,237.6,4.861,0.27,False,True,0.992,0.168,0.9575,
20261006T051224Z_706c25701e90,zoned_corridor_w1,SR,4,2.0,2,124.3,4.846,0.16,False,True,0.989,0.166,0.6678,
20261006T051224Z_706c25701e90,zoned_corridor_w1,SR,4,2.0,3,133.4,5.033,0.08,False,True,0.995,0.168,0.9335,
20261006T051224Z_706c25701e90,zoned_corridor_w1,SR,4,2.0,4,358.4,0.037,0.52,True,True,0.724,0.108,0.0828,
20261006T051224Z_706c25701e90,zoned_corridor_w1,SR,4,4.0,0,287.9,4.58,0.19,False,False,0.947,0.164,0.6952,translation_correction_limit
20261006T051224Z_706c25701e90,zoned_corridor_w1,SR,4,4.0,1,210.3,5.037,0.13,False,True,0.995,0.167,0.5507,
20261006T051224Z_706c25701e90,zoned_corridor_w1,SR,4,4.0,2,32.2,0.113,0.65,True,True,0.721,0.094,0.2086,
20261006T051224Z_706c25701e90,zoned_corridor_w1,SR,4,4.0,3,210.1,5.043,0.24,False,True,0.995,0.167,0.8956,
20261006T051224Z_706c25701e90,zoned_corridor_w1,SR,4,4.0,4,15.5,0.039,0.08,True,True,0.724,0.1,0.2457,
20261006T051224Z_706c25701e90,zoned_corridor_w1,SR,4,6.0,0,232.4,5.048,0.23,False,True,0.995,0.167,0.9126,
20261006T051224Z_706c25701e90,zoned_corridor_w1,SR,4,6.0,1,204.9,5.264,0.39,False,True,0.984,0.186,0.7971,
20261006T051224Z_706c25701e90,zoned_corridor_w1,SR,4,6.0,2,15.5,0.021,0.1,True,False,0.721,0.099,0.7558,translation_correction_limit
20261006T051224Z_706c25701e90,zoned_corridor_w1,SR,4,6.0,3,86.8,4.849,0.19,False,False,0.989,0.166,0.9652,translation_correction_limit
20261006T051224Z_706c25701e90,zoned_corridor_w1,SR,4,6.0,4,122.7,4.628,0.1,False,True,0.966,0.174,1.0114,
20261006T051224Z_706c25701e90,zoned_corridor_w1,RR,5,0.0,0,65.6,3.933,0.04,False,True,0.956,0.142,0.2387,
20261006T051224Z_706c25701e90,zoned_corridor_w1,RR,5,0.5,0,320.4,3.953,0.19,False,True,0.956,0.139,0.0812,
20261006T051224Z_706c25701e90,zoned_corridor_w1,RR,5,0.5,1,170.6,3.93,0.07,False,True,0.956,0.142,0.2383,
20261006T051224Z_706c25701e90,zoned_corridor_w1,RR,5,0.5,2,84.5,3.928,0.1,False,True,0.956,0.143,0.0954,
20261006T051224Z_706c25701e90,zoned_corridor_w1,RR,5,0.5,3,45.2,3.936,0.0,False,True,0.956,0.141,0.2411,
20261006T051224Z_706c25701e90,zoned_corridor_w1,RR,5,0.5,4,307.1,4.087,0.45,False,True,0.954,0.139,0.0959,
20261006T051224Z_706c25701e90,zoned_corridor_w1,RR,5,1.0,0,321.4,3.932,0.06,False,True,0.956,0.142,0.121,
20261006T051224Z_706c25701e90,zoned_corridor_w1,RR,5,1.0,1,212.2,3.942,0.07,False,True,0.956,0.14,0.1037,
20261006T051224Z_706c25701e90,zoned_corridor_w1,RR,5,1.0,2,52.2,4.079,0.6,False,True,0.954,0.141,0.0747,
20261006T051224Z_706c25701e90,zoned_corridor_w1,RR,5,1.0,3,340.8,3.941,0.02,False,True,0.956,0.141,0.1349,
20261006T051224Z_706c25701e90,zoned_corridor_w1,RR,5,1.0,4,216.1,3.937,0.0,False,True,0.956,0.141,0.2485,
20261006T051224Z_706c25701e90,zoned_corridor_w1,RR,5,2.0,0,279.3,0.085,0.39,True,True,0.882,0.111,0.0401,
20261006T051224Z_706c25701e90,zoned_corridor_w1,RR,5,2.0,1,22.4,4.087,0.44,False,True,0.954,0.139,0.0868,
20261006T051224Z_706c25701e90,zoned_corridor_w1,RR,5,2.0,2,29.6,3.936,0.0,False,True,0.956,0.141,0.2709,
20261006T051224Z_706c25701e90,zoned_corridor_w1,RR,5,2.0,3,349.8,3.953,0.17,False,True,0.956,0.139,0.085,
20261006T051224Z_706c25701e90,zoned_corridor_w1,RR,5,2.0,4,286.9,3.928,0.11,False,True,0.956,0.143,0.0945,
20261006T051224Z_706c25701e90,zoned_corridor_w1,RR,5,4.0,0,41.5,3.93,0.08,False,True,0.956,0.143,0.2716,
20261006T051224Z_706c25701e90,zoned_corridor_w1,RR,5,4.0,1,97.5,3.943,0.0,False,False,0.956,0.14,0.2709,translation_correction_limit
20261006T051224Z_706c25701e90,zoned_corridor_w1,RR,5,4.0,2,267.5,4.094,0.29,False,True,0.954,0.14,0.24,
20261006T051224Z_706c25701e90,zoned_corridor_w1,RR,5,4.0,3,19.2,3.929,0.08,False,True,0.956,0.143,0.2321,
20261006T051224Z_706c25701e90,zoned_corridor_w1,RR,5,4.0,4,47.4,3.937,0.01,False,True,0.956,0.141,0.1199,
20261006T051224Z_706c25701e90,zoned_corridor_w1,RR,5,6.0,0,149.8,0.096,0.48,True,False,0.882,0.108,1.2398,translation_correction_limit
20261006T051224Z_706c25701e90,zoned_corridor_w1,RR,5,6.0,1,103.9,4.091,0.39,False,False,0.954,0.139,0.0874,translation_correction_limit
20261006T051224Z_706c25701e90,zoned_corridor_w1,RR,5,6.0,2,256.0,3.937,0.09,False,False,0.96,0.145,0.0863,translation_correction_limit
20261006T051224Z_706c25701e90,zoned_corridor_w1,RR,5,6.0,3,32.1,3.948,0.12,False,True,0.956,0.14,0.2651,
20261006T051224Z_706c25701e90,zoned_corridor_w1,RR,5,6.0,4,162.8,0.097,0.47,True,False,0.882,0.108,1.2376,translation_correction_limit
20261006T051224Z_706c25701e90,zoned_corridor_w1,RR,7,0.0,0,3.8,0.038,0.21,True,True,0.95,0.071,1.0175,
20261006T051224Z_706c25701e90,zoned_corridor_w1,RR,7,0.5,0,38.4,0.114,0.97,True,True,0.954,0.081,0.9389,
20261006T051224Z_706c25701e90,zoned_corridor_w1,RR,7,0.5,1,193.0,0.038,0.3,True,True,0.95,0.07,1.0204,
20261006T051224Z_706c25701e90,zoned_corridor_w1,RR,7,0.5,2,42.4,0.037,0.32,True,True,0.95,0.069,1.0818,
20261006T051224Z_706c25701e90,zoned_corridor_w1,RR,7,0.5,3,9.9,0.039,0.3,True,True,0.95,0.07,1.0158,
20261006T051224Z_706c25701e90,zoned_corridor_w1,RR,7,0.5,4,163.4,0.039,0.3,True,True,0.95,0.07,1.0545,
20261006T051224Z_706c25701e90,zoned_corridor_w1,RR,7,1.0,0,304.9,0.042,0.22,True,True,0.95,0.07,1.0019,
20261006T051224Z_706c25701e90,zoned_corridor_w1,RR,7,1.0,1,51.8,0.115,1.03,True,True,0.954,0.081,0.6954,
20261006T051224Z_706c25701e90,zoned_corridor_w1,RR,7,1.0,2,148.9,0.035,0.52,True,True,0.95,0.075,0.9227,
20261006T051224Z_706c25701e90,zoned_corridor_w1,RR,7,1.0,3,22.8,0.039,0.24,True,True,0.95,0.07,1.0048,
20261006T051224Z_706c25701e90,zoned_corridor_w1,RR,7,1.0,4,44.8,0.049,0.06,True,True,0.95,0.076,0.8753,
20261006T051224Z_706c25701e90,zoned_corridor_w1,RR,7,2.0,0,94.0,0.035,0.38,True,True,0.95,0.069,1.077,
20261006T051224Z_706c25701e90,zoned_corridor_w1,RR,7,2.0,1,290.8,0.039,0.3,True,True,0.95,0.07,1.0161,
20261006T051224Z_706c25701e90,zoned_corridor_w1,RR,7,2.0,2,97.6,0.038,0.27,True,True,0.95,0.07,1.0186,
20261006T051224Z_706c25701e90,zoned_corridor_w1,RR,7,2.0,3,90.8,0.039,0.27,True,True,0.95,0.069,1.1289,
20261006T051224Z_706c25701e90,zoned_corridor_w1,RR,7,2.0,4,47.6,0.115,0.98,True,True,0.954,0.081,0.7873,
20261006T051224Z_706c25701e90,zoned_corridor_w1,RR,7,4.0,0,59.4,0.035,0.43,True,True,0.95,0.072,1.063,
20261006T051224Z_706c25701e90,zoned_corridor_w1,RR,7,4.0,1,99.9,0.04,0.37,True,True,0.95,0.069,0.984,
20261006T051224Z_706c25701e90,zoned_corridor_w1,RR,7,4.0,2,170.8,0.04,0.27,True,True,0.95,0.07,1.0142,
20261006T051224Z_706c25701e90,zoned_corridor_w1,RR,7,4.0,3,70.0,0.04,0.26,True,True,0.95,0.07,1.0241,
20261006T051224Z_706c25701e90,zoned_corridor_w1,RR,7,4.0,4,110.5,0.04,0.29,True,True,0.95,0.07,1.019,
20261006T051224Z_706c25701e90,zoned_corridor_w1,RR,7,6.0,0,282.6,0.04,0.3,True,False,0.95,0.069,1.0158,translation_correction_limit
20261006T051224Z_706c25701e90,zoned_corridor_w1,RR,7,6.0,1,21.9,0.042,0.24,True,False,0.95,0.07,2.357,translation_correction_limit
20261006T051224Z_706c25701e90,zoned_corridor_w1,RR,7,6.0,2,317.1,0.114,0.99,True,False,0.954,0.081,1.7456,translation_correction_limit
20261006T051224Z_706c25701e90,zoned_corridor_w1,RR,7,6.0,3,129.1,0.046,0.1,True,True,0.95,0.074,0.9263,
20261006T051224Z_706c25701e90,zoned_corridor_w1,RR,7,6.0,4,60.9,0.043,0.33,True,True,0.95,0.069,2.2052,
20261006T051224Z_706c25701e90,zoned_corridor_w1,RU,8,0.0,0,275.4,0.053,0.56,True,True,0.851,0.126,1.4945,
20261006T051224Z_706c25701e90,zoned_corridor_w1,RU,8,0.5,0,255.9,0.051,0.63,True,True,0.853,0.129,1.3579,
20261006T051224Z_706c25701e90,zoned_corridor_w1,RU,8,0.5,1,52.7,0.058,0.54,True,True,0.849,0.123,1.4024,
20261006T051224Z_706c25701e90,zoned_corridor_w1,RU,8,0.5,2,231.6,0.06,0.49,True,True,0.849,0.123,1.5722,
20261006T051224Z_706c25701e90,zoned_corridor_w1,RU,8,0.5,3,93.5,0.062,0.47,True,True,0.849,0.123,1.5878,
20261006T051224Z_706c25701e90,zoned_corridor_w1,RU,8,0.5,4,282.2,0.053,0.58,True,True,0.851,0.126,1.5715,
20261006T051224Z_706c25701e90,zoned_corridor_w1,RU,8,1.0,0,337.0,0.06,0.51,True,True,0.849,0.123,1.3417,
20261006T051224Z_706c25701e90,zoned_corridor_w1,RU,8,1.0,1,246.4,0.055,0.56,True,True,0.851,0.126,1.5925,
20261006T051224Z_706c25701e90,zoned_corridor_w1,RU,8,1.0,2,290.3,0.058,0.54,True,True,0.849,0.123,1.4015,
20261006T051224Z_706c25701e90,zoned_corridor_w1,RU,8,1.0,3,233.0,0.053,0.57,True,True,0.851,0.126,1.5419,
20261006T051224Z_706c25701e90,zoned_corridor_w1,RU,8,1.0,4,5.1,0.056,0.58,True,True,0.853,0.129,1.3734,
20261006T051224Z_706c25701e90,zoned_corridor_w1,RU,8,2.0,0,309.4,0.051,0.59,True,True,0.851,0.126,1.3523,
20261006T051224Z_706c25701e90,zoned_corridor_w1,RU,8,2.0,1,196.1,0.054,0.56,True,True,0.851,0.126,1.328,
20261006T051224Z_706c25701e90,zoned_corridor_w1,RU,8,2.0,2,18.0,0.053,0.6,True,True,0.851,0.126,1.3588,
20261006T051224Z_706c25701e90,zoned_corridor_w1,RU,8,2.0,3,148.6,0.059,0.53,True,True,0.849,0.123,1.4934,
20261006T051224Z_706c25701e90,zoned_corridor_w1,RU,8,2.0,4,158.9,0.053,0.56,True,True,0.851,0.126,1.7766,
20261006T051224Z_706c25701e90,zoned_corridor_w1,RU,8,4.0,0,285.1,0.058,0.54,True,True,0.849,0.123,1.3415,
20261006T051224Z_706c25701e90,zoned_corridor_w1,RU,8,4.0,1,228.4,0.054,0.56,True,True,0.851,0.126,1.9139,
20261006T051224Z_706c25701e90,zoned_corridor_w1,RU,8,4.0,2,108.7,0.057,0.53,True,True,0.849,0.123,1.3412,
20261006T051224Z_706c25701e90,zoned_corridor_w1,RU,8,4.0,3,331.4,0.053,0.59,True,True,0.851,0.126,1.3699,
20261006T051224Z_706c25701e90,zoned_corridor_w1,RU,8,4.0,4,252.1,0.053,0.57,True,True,0.851,0.126,1.7479,
20261006T051224Z_706c25701e90,zoned_corridor_w1,RU,8,6.0,0,143.6,0.056,0.54,True,False,0.849,0.123,1.0,translation_correction_limit
20261006T051224Z_706c25701e90,zoned_corridor_w1,RU,8,6.0,1,76.9,0.049,0.7,True,False,0.855,0.133,1.3695,translation_correction_limit
20261006T051224Z_706c25701e90,zoned_corridor_w1,RU,8,6.0,2,119.2,0.059,0.53,True,False,0.849,0.123,1.5455,translation_correction_limit
20261006T051224Z_706c25701e90,zoned_corridor_w1,RU,8,6.0,3,53.5,0.054,0.56,True,True,0.851,0.126,1.3585,
20261006T051224Z_706c25701e90,zoned_corridor_w1,RU,8,6.0,4,101.0,0.057,0.54,True,False,0.849,0.123,1.7516,translation_correction_limit
20261006T051224Z_706c25701e90,zoned_corridor_w1,SR,9,0.0,0,84.5,4.917,0.11,False,True,0.94,0.182,0.3073,
20261006T051224Z_706c25701e90,zoned_corridor_w1,SR,9,0.5,0,238.9,4.751,0.13,False,True,0.922,0.197,0.1608,
20261006T051224Z_706c25701e90,zoned_corridor_w1,SR,9,0.5,1,154.8,4.924,0.03,False,True,0.936,0.177,0.2545,
20261006T051224Z_706c25701e90,zoned_corridor_w1,SR,9,0.5,2,16.7,4.901,0.25,False,True,0.94,0.184,0.2586,
20261006T051224Z_706c25701e90,zoned_corridor_w1,SR,9,0.5,3,216.7,4.955,0.23,False,True,0.936,0.175,0.2327,
20261006T051224Z_706c25701e90,zoned_corridor_w1,SR,9,0.5,4,228.3,4.922,0.03,False,True,0.936,0.178,0.2711,
20261006T051224Z_706c25701e90,zoned_corridor_w1,SR,9,1.0,0,113.9,5.128,0.0,False,True,0.943,0.179,0.2685,
20261006T051224Z_706c25701e90,zoned_corridor_w1,SR,9,1.0,1,344.7,4.839,0.71,False,True,0.915,0.169,0.1319,
20261006T051224Z_706c25701e90,zoned_corridor_w1,SR,9,1.0,2,227.9,5.12,0.07,False,True,0.943,0.18,0.2799,
20261006T051224Z_706c25701e90,zoned_corridor_w1,SR,9,1.0,3,22.0,4.744,0.01,False,True,0.929,0.204,0.1576,
20261006T051224Z_706c25701e90,zoned_corridor_w1,SR,9,1.0,4,336.1,5.09,0.29,False,False,0.94,0.177,0.2343,translation_correction_limit
20261006T051224Z_706c25701e90,zoned_corridor_w1,SR,9,2.0,0,226.5,5.127,0.1,False,True,0.94,0.176,0.226,
20261006T051224Z_706c25701e90,zoned_corridor_w1,SR,9,2.0,1,215.7,5.119,0.09,False,True,0.943,0.18,0.2679,
20261006T051224Z_706c25701e90,zoned_corridor_w1,SR,9,2.0,2,185.7,4.893,0.28,False,True,0.94,0.185,0.2388,
20261006T051224Z_706c25701e90,zoned_corridor_w1,SR,9,2.0,3,245.3,5.096,0.24,False,True,0.94,0.177,0.2503,
20261006T051224Z_706c25701e90,zoned_corridor_w1,SR,9,2.0,4,263.3,4.923,0.06,False,True,0.94,0.181,0.2764,
20261006T051224Z_706c25701e90,zoned_corridor_w1,SR,9,4.0,0,5.3,0.077,0.6,True,True,0.798,0.115,1.1978,
20261006T051224Z_706c25701e90,zoned_corridor_w1,SR,9,4.0,1,258.8,5.118,0.1,False,True,0.943,0.18,0.266,
20261006T051224Z_706c25701e90,zoned_corridor_w1,SR,9,4.0,2,174.7,5.01,0.59,False,True,0.94,0.179,0.154,
20261006T051224Z_706c25701e90,zoned_corridor_w1,SR,9,4.0,3,238.4,4.922,0.03,False,True,0.936,0.178,0.2712,
20261006T051224Z_706c25701e90,zoned_corridor_w1,SR,9,4.0,4,225.5,5.119,0.03,False,True,0.94,0.176,0.2381,
20261006T051224Z_706c25701e90,zoned_corridor_w1,SR,9,6.0,0,104.7,4.931,0.03,False,False,0.936,0.177,0.2662,translation_correction_limit
20261006T051224Z_706c25701e90,zoned_corridor_w1,SR,9,6.0,1,18.4,0.077,0.6,True,False,0.798,0.115,0.9935,translation_correction_limit
20261006T051224Z_706c25701e90,zoned_corridor_w1,SR,9,6.0,2,21.6,0.087,0.48,True,False,0.798,0.114,0.782,translation_correction_limit
20261006T051224Z_706c25701e90,zoned_corridor_w1,SR,9,6.0,3,1.1,0.065,0.96,True,False,0.798,0.122,1.0792,translation_correction_limit
20261006T051224Z_706c25701e90,zoned_corridor_w1,SR,9,6.0,4,159.1,5.127,0.01,False,True,0.943,0.179,0.2647,
20261006T051224Z_706c25701e90,zoned_corridor_w1,RU,12,0.0,0,76.8,0.044,0.05,True,True,0.959,0.079,4.4583,
20261006T051224Z_706c25701e90,zoned_corridor_w1,RU,12,0.5,0,182.8,0.044,0.05,True,True,0.959,0.079,4.4469,
20261006T051224Z_706c25701e90,zoned_corridor_w1,RU,12,0.5,1,256.9,0.046,0.02,True,True,0.959,0.079,3.449,
20261006T051224Z_706c25701e90,zoned_corridor_w1,RU,12,0.5,2,288.4,0.045,0.02,True,True,0.959,0.079,1.0,
20261006T051224Z_706c25701e90,zoned_corridor_w1,RU,12,0.5,3,23.3,0.042,0.08,True,True,0.959,0.079,4.4606,
20261006T051224Z_706c25701e90,zoned_corridor_w1,RU,12,0.5,4,290.5,0.046,0.04,True,True,0.959,0.079,5.0772,
20261006T051224Z_706c25701e90,zoned_corridor_w1,RU,12,1.0,0,82.7,0.041,0.07,True,True,0.959,0.079,3.3883,
20261006T051224Z_706c25701e90,zoned_corridor_w1,RU,12,1.0,1,303.5,0.043,0.06,True,True,0.959,0.079,4.4595,
20261006T051224Z_706c25701e90,zoned_corridor_w1,RU,12,1.0,2,14.2,0.043,0.06,True,True,0.959,0.079,4.521,
20261006T051224Z_706c25701e90,zoned_corridor_w1,RU,12,1.0,3,13.9,0.044,0.05,True,True,0.959,0.079,2.9245,
20261006T051224Z_706c25701e90,zoned_corridor_w1,RU,12,1.0,4,252.9,0.04,0.12,True,True,0.959,0.079,4.4174,
20261006T051224Z_706c25701e90,zoned_corridor_w1,RU,12,2.0,0,251.1,0.046,0.04,True,True,0.959,0.079,2.8025,
20261006T051224Z_706c25701e90,zoned_corridor_w1,RU,12,2.0,1,295.2,0.049,0.04,True,True,0.959,0.08,3.5238,
20261006T051224Z_706c25701e90,zoned_corridor_w1,RU,12,2.0,2,295.2,0.044,0.02,True,True,0.959,0.079,2.9582,
20261006T051224Z_706c25701e90,zoned_corridor_w1,RU,12,2.0,3,161.5,0.035,0.19,True,True,0.961,0.083,4.4227,
20261006T051224Z_706c25701e90,zoned_corridor_w1,RU,12,2.0,4,22.0,0.043,0.05,True,True,0.959,0.079,4.488,
20261006T051224Z_706c25701e90,zoned_corridor_w1,RU,12,4.0,0,85.2,0.041,0.11,True,True,0.959,0.079,2.756,
20261006T051224Z_706c25701e90,zoned_corridor_w1,RU,12,4.0,1,240.2,0.041,0.08,True,True,0.959,0.079,3.121,
20261006T051224Z_706c25701e90,zoned_corridor_w1,RU,12,4.0,2,220.6,0.046,0.08,True,True,0.961,0.083,1.0,
20261006T051224Z_706c25701e90,zoned_corridor_w1,RU,12,4.0,3,128.2,0.042,0.09,True,True,0.959,0.079,4.4007,
20261006T051224Z_706c25701e90,zoned_corridor_w1,RU,12,4.0,4,271.5,0.048,0.01,True,True,0.959,0.079,3.3941,
20261006T051224Z_706c25701e90,zoned_corridor_w1,RU,12,6.0,0,142.9,0.046,0.05,True,True,0.959,0.079,3.1968,
20261006T051224Z_706c25701e90,zoned_corridor_w1,RU,12,6.0,1,92.2,0.047,0.01,True,True,0.959,0.08,4.4181,
20261006T051224Z_706c25701e90,zoned_corridor_w1,RU,12,6.0,2,184.3,0.046,0.05,True,True,0.959,0.079,4.4629,
20261006T051224Z_706c25701e90,zoned_corridor_w1,RU,12,6.0,3,180.7,0.106,0.88,True,True,0.961,0.093,3.0356,
20261006T051224Z_706c25701e90,zoned_corridor_w1,RU,12,6.0,4,305.2,0.043,0.07,True,False,0.959,0.079,4.5484,translation_correction_limit
20261006T051224Z_706c25701e90,zoned_corridor_w1,RU,13,0.0,0,289.7,0.04,0.1,True,True,0.862,0.102,1.6965,
20261006T051224Z_706c25701e90,zoned_corridor_w1,RU,13,0.5,0,4.8,0.036,0.04,True,True,0.862,0.103,1.697,
20261006T051224Z_706c25701e90,zoned_corridor_w1,RU,13,0.5,1,278.2,0.035,0.04,True,True,0.862,0.103,1.7089,
20261006T051224Z_706c25701e90,zoned_corridor_w1,RU,13,0.5,2,285.5,0.033,0.03,True,True,0.862,0.103,1.5138,
20261006T051224Z_706c25701e90,zoned_corridor_w1,RU,13,0.5,3,306.0,0.036,0.22,True,True,0.864,0.119,1.3481,
20261006T051224Z_706c25701e90,zoned_corridor_w1,RU,13,0.5,4,120.7,0.032,0.01,True,True,0.862,0.103,1.8158,
20261006T051224Z_706c25701e90,zoned_corridor_w1,RU,13,1.0,0,319.1,0.036,0.03,True,True,0.862,0.103,1.7816,
20261006T051224Z_706c25701e90,zoned_corridor_w1,RU,13,1.0,1,159.1,0.037,0.06,True,True,0.862,0.102,1.6823,
20261006T051224Z_706c25701e90,zoned_corridor_w1,RU,13,1.0,2,94.7,0.036,0.04,True,True,0.862,0.103,1.6979,
20261006T051224Z_706c25701e90,zoned_corridor_w1,RU,13,1.0,3,296.4,0.035,0.02,True,True,0.862,0.103,1.2483,
20261006T051224Z_706c25701e90,zoned_corridor_w1,RU,13,1.0,4,253.5,0.04,0.12,True,True,0.862,0.102,1.2178,
20261006T051224Z_706c25701e90,zoned_corridor_w1,RU,13,2.0,0,166.0,0.035,0.01,True,True,0.862,0.103,1.4538,
20261006T051224Z_706c25701e90,zoned_corridor_w1,RU,13,2.0,1,265.7,0.038,0.09,True,True,0.862,0.102,1.6826,
20261006T051224Z_706c25701e90,zoned_corridor_w1,RU,13,2.0,2,104.9,0.029,0.1,True,True,0.862,0.105,1.6518,
20261006T051224Z_706c25701e90,zoned_corridor_w1,RU,13,2.0,3,60.7,0.038,0.05,True,True,0.862,0.103,1.6969,
20261006T051224Z_706c25701e90,zoned_corridor_w1,RU,13,2.0,4,151.2,0.037,0.06,True,True,0.862,0.102,1.7364,
20261006T051224Z_706c25701e90,zoned_corridor_w1,RU,13,4.0,0,297.4,0.037,0.04,True,True,0.862,0.103,1.55,
20261006T051224Z_706c25701e90,zoned_corridor_w1,RU,13,4.0,1,226.1,0.035,0.02,True,True,0.862,0.103,1.8068,
20261006T051224Z_706c25701e90,zoned_corridor_w1,RU,13,4.0,2,97.3,0.031,0.06,True,True,0.862,0.104,1.6767,
20261006T051224Z_706c25701e90,zoned_corridor_w1,RU,13,4.0,3,28.8,0.034,0.02,True,True,0.862,0.103,1.7277,
20261006T051224Z_706c25701e90,zoned_corridor_w1,RU,13,4.0,4,212.0,0.036,0.08,True,True,0.862,0.102,1.3183,
20261006T051224Z_706c25701e90,zoned_corridor_w1,RU,13,6.0,0,251.8,0.035,0.03,True,True,0.862,0.103,1.7045,
20261006T051224Z_706c25701e90,zoned_corridor_w1,RU,13,6.0,1,189.4,0.036,0.04,True,True,0.862,0.103,1.5525,
20261006T051224Z_706c25701e90,zoned_corridor_w1,RU,13,6.0,2,239.0,0.036,0.04,True,True,0.862,0.103,1.8356,
20261006T051224Z_706c25701e90,zoned_corridor_w1,RU,13,6.0,3,61.6,0.035,0.01,True,False,0.862,0.103,1.7279,translation_correction_limit
20261006T051224Z_706c25701e90,zoned_corridor_w1,RU,13,6.0,4,263.2,0.036,0.04,True,True,0.862,0.103,1.7643,
20261006T051224Z_706c25701e90,zoned_corridor_w1,SR,14,0.0,0,256.3,5.388,0.02,False,True,0.668,0.222,0.2186,
20261006T051224Z_706c25701e90,zoned_corridor_w1,SR,14,0.5,0,230.5,5.335,0.42,False,True,0.671,0.225,0.3629,
20261006T051224Z_706c25701e90,zoned_corridor_w1,SR,14,0.5,1,305.8,5.335,0.41,False,True,0.671,0.225,0.2248,
20261006T051224Z_706c25701e90,zoned_corridor_w1,SR,14,0.5,2,281.9,5.512,0.57,False,True,0.642,0.205,0.4665,
20261006T051224Z_706c25701e90,zoned_corridor_w1,SR,14,0.5,3,282.4,5.502,0.65,False,True,0.642,0.205,0.4709,
20261006T051224Z_706c25701e90,zoned_corridor_w1,SR,14,0.5,4,169.1,5.551,0.22,False,True,0.649,0.214,0.3184,
20261006T051224Z_706c25701e90,zoned_corridor_w1,SR,14,1.0,0,254.5,5.321,0.47,False,True,0.671,0.225,0.3253,
20261006T051224Z_706c25701e90,zoned_corridor_w1,SR,14,1.0,1,317.8,5.146,0.15,False,True,0.658,0.225,0.1839,
20261006T051224Z_706c25701e90,zoned_corridor_w1,SR,14,1.0,2,116.9,5.334,0.42,False,True,0.671,0.225,0.305,
20261006T051224Z_706c25701e90,zoned_corridor_w1,SR,14,1.0,3,259.7,5.58,0.02,False,True,0.646,0.213,0.2191,
20261006T051224Z_706c25701e90,zoned_corridor_w1,SR,14,1.0,4,210.4,5.334,0.42,False,True,0.671,0.225,0.4774,
20261006T051224Z_706c25701e90,zoned_corridor_w1,SR,14,2.0,0,283.0,5.336,0.41,False,False,0.671,0.225,0.2243,translation_correction_limit
20261006T051224Z_706c25701e90,zoned_corridor_w1,SR,14,2.0,1,241.8,5.465,0.67,False,True,0.665,0.222,0.1652,
20261006T051224Z_706c25701e90,zoned_corridor_w1,SR,14,2.0,2,343.4,0.257,1.92,True,False,0.358,0.19,0.0136,ambiguous_minimum
20261006T051224Z_706c25701e90,zoned_corridor_w1,SR,14,2.0,3,29.6,4.245,2.71,False,False,0.459,0.205,0.0996,translation_correction_limit
20261006T051224Z_706c25701e90,zoned_corridor_w1,SR,14,2.0,4,330.0,4.285,0.68,False,False,0.446,0.212,0.0966,translation_correction_limit
20261006T051224Z_706c25701e90,zoned_corridor_w1,SR,14,4.0,0,170.0,9.799,0.15,False,True,0.959,0.2,0.9091,
20261006T051224Z_706c25701e90,zoned_corridor_w1,SR,14,4.0,1,234.6,5.597,0.08,False,True,0.646,0.214,0.101,
20261006T051224Z_706c25701e90,zoned_corridor_w1,SR,14,4.0,2,250.1,5.515,0.56,False,True,0.639,0.201,0.2566,
20261006T051224Z_706c25701e90,zoned_corridor_w1,SR,14,4.0,3,333.3,0.76,2.18,True,False,0.351,0.195,0.0182,ambiguous_minimum
20261006T051224Z_706c25701e90,zoned_corridor_w1,SR,14,4.0,4,46.8,0.444,0.48,True,True,0.367,0.209,0.0466,
20261006T051224Z_706c25701e90,zoned_corridor_w1,SR,14,6.0,0,355.4,0.041,0.08,True,False,0.339,0.181,0.0309,translation_correction_limit
20261006T051224Z_706c25701e90,zoned_corridor_w1,SR,14,6.0,1,239.0,8.965,0.27,False,False,0.627,0.193,0.0043,ambiguous_minimum;translation_correction_limit
20261006T051224Z_706c25701e90,zoned_corridor_w1,SR,14,6.0,2,229.1,9.992,0.03,False,False,0.981,0.17,1.4559,translation_correction_limit
20261006T051224Z_706c25701e90,zoned_corridor_w1,SR,14,6.0,3,150.5,10.171,0.19,False,True,0.987,0.169,1.5749,
20261006T051224Z_706c25701e90,zoned_corridor_w1,SR,14,6.0,4,260.0,5.435,1.2,False,False,0.649,0.212,0.1414,translation_correction_limit
20261006T051224Z_706c25701e90,zoned_corridor_w1,SR,18,0.0,0,142.5,5.011,0.01,False,True,0.866,0.187,0.068,
20261006T051224Z_706c25701e90,zoned_corridor_w1,SR,18,0.5,0,169.3,4.994,0.07,False,True,0.866,0.188,0.0679,
20261006T051224Z_706c25701e90,zoned_corridor_w1,SR,18,0.5,1,270.0,0.16,0.38,True,True,0.76,0.101,0.0234,
20261006T051224Z_706c25701e90,zoned_corridor_w1,SR,18,0.5,2,109.8,4.939,0.51,False,True,0.861,0.189,0.0347,
20261006T051224Z_706c25701e90,zoned_corridor_w1,SR,18,0.5,3,42.3,4.838,0.23,False,True,0.868,0.204,0.0653,
20261006T051224Z_706c25701e90,zoned_corridor_w1,SR,18,0.5,4,175.3,5.231,0.28,False,True,0.863,0.197,0.0213,
20261006T051224Z_706c25701e90,zoned_corridor_w1,SR,18,1.0,0,63.7,5.021,0.14,False,True,0.866,0.187,0.0767,
20261006T051224Z_706c25701e90,zoned_corridor_w1,SR,18,1.0,1,59.1,4.995,0.06,False,True,0.866,0.188,0.0674,
20261006T051224Z_706c25701e90,zoned_corridor_w1,SR,18,1.0,2,203.6,4.836,0.22,False,True,0.868,0.205,0.0652,
20261006T051224Z_706c25701e90,zoned_corridor_w1,SR,18,1.0,3,157.7,4.876,0.55,False,True,0.866,0.2,0.0524,
20261006T051224Z_706c25701e90,zoned_corridor_w1,SR,18,1.0,4,243.3,4.996,0.05,False,True,0.866,0.188,0.104,
20261006T051224Z_706c25701e90,zoned_corridor_w1,SR,18,2.0,0,63.8,4.82,0.12,False,True,0.866,0.204,0.0733,
20261006T051224Z_706c25701e90,zoned_corridor_w1,SR,18,2.0,1,62.3,0.156,0.39,True,False,0.76,0.102,0.0091,ambiguous_minimum
20261006T051224Z_706c25701e90,zoned_corridor_w1,SR,18,2.0,2,331.1,0.084,1.2,True,True,0.76,0.109,0.1109,
20261006T051224Z_706c25701e90,zoned_corridor_w1,SR,18,2.0,3,121.4,5.029,0.2,False,True,0.866,0.186,0.0759,
20261006T051224Z_706c25701e90,zoned_corridor_w1,SR,18,2.0,4,137.6,5.025,0.2,False,True,0.866,0.186,0.0738,
20261006T051224Z_706c25701e90,zoned_corridor_w1,SR,18,4.0,0,73.9,4.644,0.26,False,False,0.836,0.195,0.0072,ambiguous_minimum;translation_correction_limit
20261006T051224Z_706c25701e90,zoned_corridor_w1,SR,18,4.0,1,166.8,4.873,0.51,False,True,0.866,0.2,0.1043,
20261006T051224Z_706c25701e90,zoned_corridor_w1,SR,18,4.0,2,15.9,0.16,0.37,True,True,0.76,0.101,0.4865,
20261006T051224Z_706c25701e90,zoned_corridor_w1,SR,18,4.0,3,165.6,4.805,0.03,False,True,0.861,0.201,0.0557,
20261006T051224Z_706c25701e90,zoned_corridor_w1,SR,18,4.0,4,161.1,5.004,0.02,False,True,0.866,0.187,0.1125,
20261006T051224Z_706c25701e90,zoned_corridor_w1,SR,18,6.0,0,320.7,0.144,0.5,True,False,0.76,0.102,0.6301,translation_correction_limit
20261006T051224Z_706c25701e90,zoned_corridor_w1,SR,18,6.0,1,10.8,0.02,0.1,True,False,0.753,0.106,0.5623,translation_correction_limit
20261006T051224Z_706c25701e90,zoned_corridor_w1,SR,18,6.0,2,329.6,0.165,0.27,True,False,0.76,0.102,0.5776,translation_correction_limit
20261006T051224Z_706c25701e90,zoned_corridor_w1,SR,18,6.0,3,90.9,5.211,0.08,False,False,0.866,0.199,0.0315,translation_correction_limit
20261006T051224Z_706c25701e90,zoned_corridor_w1,SR,18,6.0,4,353.9,0.139,1.04,True,True,0.751,0.123,0.9223,
20261006T051224Z_706c25701e90,zoned_corridor_w1,SR,24,0.0,0,289.0,5.315,0.06,False,True,0.68,0.201,0.4377,
20261006T051224Z_706c25701e90,zoned_corridor_w1,SR,24,0.5,0,280.4,5.127,0.1,False,True,0.666,0.19,0.449,
20261006T051224Z_706c25701e90,zoned_corridor_w1,SR,24,0.5,1,230.4,5.56,0.21,False,True,0.668,0.195,0.3251,
20261006T051224Z_706c25701e90,zoned_corridor_w1,SR,24,0.5,2,219.7,5.638,1.03,False,True,0.661,0.188,0.3196,
20261006T051224Z_706c25701e90,zoned_corridor_w1,SR,24,0.5,3,205.4,5.508,0.01,False,True,0.678,0.205,0.2919,
20261006T051224Z_706c25701e90,zoned_corridor_w1,SR,24,0.5,4,174.4,5.574,0.51,False,True,0.666,0.191,0.3372,
20261006T051224Z_706c25701e90,zoned_corridor_w1,SR,24,1.0,0,98.9,5.505,0.07,False,True,0.676,0.202,0.4151,
20261006T051224Z_706c25701e90,zoned_corridor_w1,SR,24,1.0,1,99.7,5.516,0.05,False,True,0.676,0.202,0.4503,
20261006T051224Z_706c25701e90,zoned_corridor_w1,SR,24,1.0,2,16.8,4.793,0.71,False,True,0.624,0.201,0.2765,
20261006T051224Z_706c25701e90,zoned_corridor_w1,SR,24,1.0,3,99.9,5.44,0.56,False,True,0.683,0.214,0.348,
20261006T051224Z_706c25701e90,zoned_corridor_w1,SR,24,1.0,4,309.5,5.245,0.53,False,True,0.68,0.207,0.3299,
20261006T051224Z_706c25701e90,zoned_corridor_w1,SR,24,2.0,0,81.0,5.299,0.09,False,True,0.68,0.202,0.2389,
20261006T051224Z_706c25701e90,zoned_corridor_w1,SR,24,2.0,1,15.7,4.061,1.84,False,False,0.483,0.207,0.1286,translation_correction_limit
20261006T051224Z_706c25701e90,zoned_corridor_w1,SR,24,2.0,2,191.1,5.535,0.2,False,True,0.673,0.199,0.0568,
20261006T051224Z_706c25701e90,zoned_corridor_w1,SR,24,2.0,3,241.9,5.484,0.2,False,True,0.678,0.206,0.1249,
20261006T051224Z_706c25701e90,zoned_corridor_w1,SR,24,2.0,4,72.7,5.122,0.09,False,False,0.663,0.188,0.3027,translation_correction_limit
20261006T051224Z_706c25701e90,zoned_corridor_w1,SR,24,4.0,0,198.0,9.773,0.46,False,False,0.888,0.194,0.6119,translation_correction_limit
20261006T051224Z_706c25701e90,zoned_corridor_w1,SR,24,4.0,1,175.1,9.777,0.57,False,True,0.888,0.194,0.5823,
20261006T051224Z_706c25701e90,zoned_corridor_w1,SR,24,4.0,2,180.6,9.622,0.78,False,True,0.863,0.208,0.4415,
20261006T051224Z_706c25701e90,zoned_corridor_w1,SR,24,4.0,3,168.1,9.775,0.48,False,True,0.888,0.194,0.5977,
20261006T051224Z_706c25701e90,zoned_corridor_w1,SR,24,4.0,4,346.3,0.862,0.34,True,True,0.354,0.188,0.0295,
20261006T051224Z_706c25701e90,zoned_corridor_w1,SR,24,6.0,0,327.2,0.772,1.07,True,False,0.366,0.207,0.009,ambiguous_minimum;translation_correction_limit
20261006T051224Z_706c25701e90,zoned_corridor_w1,SR,24,6.0,1,159.6,10.148,0.27,False,True,0.907,0.168,0.8119,
20261006T051224Z_706c25701e90,zoned_corridor_w1,SR,24,6.0,2,141.0,10.327,0.13,False,False,0.893,0.159,0.8107,translation_correction_limit
20261006T051224Z_706c25701e90,zoned_corridor_w1,SR,24,6.0,3,58.3,0.205,2.11,True,False,0.351,0.175,0.0162,ambiguous_minimum;translation_correction_limit
20261006T051224Z_706c25701e90,zoned_corridor_w1,SR,24,6.0,4,347.6,0.37,3.66,True,False,0.361,0.202,0.0074,ambiguous_minimum
20261006T051224Z_706c25701e90,zoned_corridor_w1,SU,30,0.0,0,79.8,0.213,0.0,True,True,0.99,0.082,2.5598,
20261006T051224Z_706c25701e90,zoned_corridor_w1,SU,30,0.5,0,245.6,0.213,0.0,True,True,0.99,0.082,3.324,
20261006T051224Z_706c25701e90,zoned_corridor_w1,SU,30,0.5,1,49.8,0.203,0.07,True,True,0.99,0.083,3.061,
20261006T051224Z_706c25701e90,zoned_corridor_w1,SU,30,0.5,2,90.9,0.215,0.01,True,True,0.99,0.082,2.9878,
20261006T051224Z_706c25701e90,zoned_corridor_w1,SU,30,0.5,3,323.1,0.215,0.02,True,True,0.99,0.082,2.9379,
20261006T051224Z_706c25701e90,zoned_corridor_w1,SU,30,0.5,4,280.6,0.21,0.02,True,True,0.99,0.082,3.5034,
20261006T051224Z_706c25701e90,zoned_corridor_w1,SU,30,1.0,0,344.9,0.215,0.02,True,True,0.99,0.082,3.1871,
20261006T051224Z_706c25701e90,zoned_corridor_w1,SU,30,1.0,1,335.7,0.229,0.18,True,True,0.99,0.082,4.5581,
20261006T051224Z_706c25701e90,zoned_corridor_w1,SU,30,1.0,2,352.5,0.185,0.25,True,True,0.99,0.084,2.5683,
20261006T051224Z_706c25701e90,zoned_corridor_w1,SU,30,1.0,3,15.8,0.207,0.04,True,True,0.99,0.082,3.5216,
20261006T051224Z_706c25701e90,zoned_corridor_w1,SU,30,1.0,4,108.3,0.188,0.22,True,True,0.99,0.084,2.6093,
20261006T051224Z_706c25701e90,zoned_corridor_w1,SU,30,2.0,0,282.2,0.215,0.02,True,True,0.99,0.082,3.6743,
20261006T051224Z_706c25701e90,zoned_corridor_w1,SU,30,2.0,1,12.4,0.198,0.06,True,True,0.99,0.082,3.4713,
20261006T051224Z_706c25701e90,zoned_corridor_w1,SU,30,2.0,2,145.7,0.214,0.01,True,True,0.99,0.082,2.7673,
20261006T051224Z_706c25701e90,zoned_corridor_w1,SU,30,2.0,3,7.4,0.226,0.14,True,True,0.99,0.082,4.3202,
20261006T051224Z_706c25701e90,zoned_corridor_w1,SU,30,2.0,4,349.6,0.211,0.06,True,True,0.99,0.083,4.0024,
20261006T051224Z_706c25701e90,zoned_corridor_w1,SU,30,4.0,0,212.3,0.171,0.35,True,True,0.99,0.086,2.4046,
20261006T051224Z_706c25701e90,zoned_corridor_w1,SU,30,4.0,1,18.4,0.213,0.0,True,True,0.99,0.082,2.8251,
20261006T051224Z_706c25701e90,zoned_corridor_w1,SU,30,4.0,2,258.6,0.195,0.17,True,True,0.99,0.084,3.7372,
20261006T051224Z_706c25701e90,zoned_corridor_w1,SU,30,4.0,3,250.5,0.214,0.01,True,True,0.99,0.082,3.8339,
20261006T051224Z_706c25701e90,zoned_corridor_w1,SU,30,4.0,4,173.0,0.192,0.18,True,True,0.99,0.083,5.1143,
20261006T051224Z_706c25701e90,zoned_corridor_w1,SU,30,6.0,0,273.8,0.232,0.2,True,True,0.99,0.082,3.2873,
20261006T051224Z_706c25701e90,zoned_corridor_w1,SU,30,6.0,1,287.6,0.202,0.1,True,True,0.99,0.083,3.848,
20261006T051224Z_706c25701e90,zoned_corridor_w1,SU,30,6.0,2,303.3,0.213,0.01,True,True,0.99,0.082,4.0606,
20261006T051224Z_706c25701e90,zoned_corridor_w1,SU,30,6.0,3,298.2,0.197,0.14,True,True,0.99,0.083,3.4608,
20261006T051224Z_706c25701e90,zoned_corridor_w1,SU,30,6.0,4,341.3,0.199,0.15,True,True,0.99,0.084,3.2903,
20261006T051224Z_706c25701e90,zoned_corridor_w1,SR,32,0.0,0,153.9,0.0,0.0,True,True,0.951,0.076,1.4524,
20261006T051224Z_706c25701e90,zoned_corridor_w1,SR,32,0.5,0,274.3,0.012,0.18,True,True,0.951,0.068,1.9556,
20261006T051224Z_706c25701e90,zoned_corridor_w1,SR,32,0.5,1,78.8,0.019,0.09,True,True,0.951,0.067,1.7067,
20261006T051224Z_706c25701e90,zoned_corridor_w1,SR,32,0.5,2,119.4,0.012,0.25,True,True,0.951,0.068,1.7626,
20261006T051224Z_706c25701e90,zoned_corridor_w1,SR,32,0.5,3,33.0,0.038,0.5,True,True,0.951,0.072,1.5318,
20261006T051224Z_706c25701e90,zoned_corridor_w1,SR,32,0.5,4,269.7,0.182,0.37,True,True,0.957,0.089,1.3857,
20261006T051224Z_706c25701e90,zoned_corridor_w1,SR,32,1.0,0,85.3,0.009,0.23,True,True,0.951,0.068,1.782,
20261006T051224Z_706c25701e90,zoned_corridor_w1,SR,32,1.0,1,134.7,0.014,0.17,True,True,0.951,0.067,1.724,
20261006T051224Z_706c25701e90,zoned_corridor_w1,SR,32,1.0,2,48.7,0.187,0.27,True,True,0.957,0.088,1.3226,
20261006T051224Z_706c25701e90,zoned_corridor_w1,SR,32,1.0,3,101.7,0.028,0.02,True,True,0.951,0.067,1.6743,
20261006T051224Z_706c25701e90,zoned_corridor_w1,SR,32,1.0,4,218.6,0.031,0.48,True,True,0.954,0.078,1.5404,
20261006T051224Z_706c25701e90,zoned_corridor_w1,SR,32,2.0,0,222.7,0.011,0.18,True,True,0.951,0.068,2.0894,
20261006T051224Z_706c25701e90,zoned_corridor_w1,SR,32,2.0,1,40.2,0.011,0.17,True,True,0.951,0.068,1.8153,
20261006T051224Z_706c25701e90,zoned_corridor_w1,SR,32,2.0,2,13.2,0.196,0.2,True,True,0.957,0.089,1.4356,
20261006T051224Z_706c25701e90,zoned_corridor_w1,SR,32,2.0,3,273.1,0.04,0.05,True,True,0.951,0.068,1.6572,
20261006T051224Z_706c25701e90,zoned_corridor_w1,SR,32,2.0,4,123.5,0.166,0.24,True,True,0.957,0.086,1.5935,
20261006T051224Z_706c25701e90,zoned_corridor_w1,SR,32,4.0,0,121.1,0.013,0.17,True,True,0.951,0.068,2.8013,
20261006T051224Z_706c25701e90,zoned_corridor_w1,SR,32,4.0,1,99.6,0.012,0.18,True,True,0.951,0.068,1.7575,
20261006T051224Z_706c25701e90,zoned_corridor_w1,SR,32,4.0,2,160.4,0.015,0.24,True,True,0.954,0.075,3.0636,
20261006T051224Z_706c25701e90,zoned_corridor_w1,SR,32,4.0,3,203.9,0.025,0.37,True,True,0.951,0.07,2.7658,
20261006T051224Z_706c25701e90,zoned_corridor_w1,SR,32,4.0,4,277.1,0.015,0.16,True,True,0.951,0.067,1.4082,
20261006T051224Z_706c25701e90,zoned_corridor_w1,SR,32,6.0,0,3.4,0.02,0.21,True,True,0.954,0.074,1.6705,
20261006T051224Z_706c25701e90,zoned_corridor_w1,SR,32,6.0,1,327.1,0.199,0.14,True,True,0.957,0.089,1.3494,
20261006T051224Z_706c25701e90,zoned_corridor_w1,SR,32,6.0,2,331.6,0.023,0.36,True,False,0.951,0.07,1.6423,translation_correction_limit
20261006T051224Z_706c25701e90,zoned_corridor_w1,SR,32,6.0,3,279.6,0.013,0.18,True,True,0.951,0.067,1.7515,
20261006T051224Z_706c25701e90,zoned_corridor_w1,SR,32,6.0,4,31.7,0.011,0.18,True,True,0.951,0.068,1.7302,
20261006T051224Z_706c25701e90,zoned_corridor_w1,RU,35,0.0,0,22.8,0.061,0.56,True,True,0.84,0.111,1.416,
20261006T051224Z_706c25701e90,zoned_corridor_w1,RU,35,0.5,0,219.6,0.058,0.58,True,True,0.84,0.111,1.3734,
20261006T051224Z_706c25701e90,zoned_corridor_w1,RU,35,0.5,1,67.1,0.067,0.46,True,True,0.84,0.11,1.8627,
20261006T051224Z_706c25701e90,zoned_corridor_w1,RU,35,0.5,2,226.7,0.061,0.51,True,True,0.84,0.11,1.3955,
20261006T051224Z_706c25701e90,zoned_corridor_w1,RU,35,0.5,3,86.6,0.046,0.04,True,True,0.846,0.113,1.07,
20261006T051224Z_706c25701e90,zoned_corridor_w1,RU,35,0.5,4,58.5,0.043,0.03,True,True,0.846,0.113,1.854,
20261006T051224Z_706c25701e90,zoned_corridor_w1,RU,35,1.0,0,213.2,0.058,0.57,True,True,0.84,0.111,1.1032,
20261006T051224Z_706c25701e90,zoned_corridor_w1,RU,35,1.0,1,244.5,0.061,0.61,True,True,0.838,0.109,1.3739,
20261006T051224Z_706c25701e90,zoned_corridor_w1,RU,35,1.0,2,283.8,0.041,0.76,True,True,0.838,0.11,0.9664,
20261006T051224Z_706c25701e90,zoned_corridor_w1,RU,35,1.0,3,194.5,0.057,0.6,True,True,0.838,0.108,1.3763,
20261006T051224Z_706c25701e90,zoned_corridor_w1,RU,35,1.0,4,15.0,0.038,0.04,True,True,0.846,0.112,1.1948,
20261006T051224Z_706c25701e90,zoned_corridor_w1,RU,35,2.0,0,124.9,0.059,0.58,True,True,0.838,0.108,1.3757,
20261006T051224Z_706c25701e90,zoned_corridor_w1,RU,35,2.0,1,282.1,0.054,0.59,True,True,0.84,0.111,1.4149,
20261006T051224Z_706c25701e90,zoned_corridor_w1,RU,35,2.0,2,73.5,0.058,0.58,True,True,0.84,0.111,1.4194,
20261006T051224Z_706c25701e90,zoned_corridor_w1,RU,35,2.0,3,20.4,0.063,0.5,True,True,0.84,0.111,1.4203,
20261006T051224Z_706c25701e90,zoned_corridor_w1,RU,35,2.0,4,57.7,0.06,0.56,True,True,0.84,0.111,1.2619,
20261006T051224Z_706c25701e90,zoned_corridor_w1,RU,35,4.0,0,209.8,0.051,0.67,True,True,0.838,0.109,1.3695,
20261006T051224Z_706c25701e90,zoned_corridor_w1,RU,35,4.0,1,119.1,0.054,0.67,True,True,0.838,0.109,1.6225,
20261006T051224Z_706c25701e90,zoned_corridor_w1,RU,35,4.0,2,176.0,0.041,0.01,True,True,0.846,0.113,1.3428,
20261006T051224Z_706c25701e90,zoned_corridor_w1,RU,35,4.0,3,169.6,0.06,0.51,True,True,0.84,0.11,1.2157,
20261006T051224Z_706c25701e90,zoned_corridor_w1,RU,35,4.0,4,304.8,0.057,0.58,True,True,0.84,0.111,1.4234,
20261006T051224Z_706c25701e90,zoned_corridor_w1,RU,35,6.0,0,11.9,0.055,0.63,True,True,0.838,0.108,1.21,
20261006T051224Z_706c25701e90,zoned_corridor_w1,RU,35,6.0,1,13.6,0.059,0.59,True,True,0.838,0.108,1.5891,
20261006T051224Z_706c25701e90,zoned_corridor_w1,RU,35,6.0,2,349.9,0.059,0.58,True,True,0.838,0.108,1.3705,
20261006T051224Z_706c25701e90,zoned_corridor_w1,RU,35,6.0,3,84.3,0.048,0.72,True,False,0.838,0.109,1.4301,translation_correction_limit
20261006T051224Z_706c25701e90,zoned_corridor_w1,RU,35,6.0,4,85.3,0.05,0.61,True,False,0.84,0.111,1.4098,translation_correction_limit
20261006T051224Z_706c25701e90,zoned_corridor_w1,SR,38,0.0,0,131.7,0.19,0.43,True,True,0.966,0.094,2.0806,
20261006T051224Z_706c25701e90,zoned_corridor_w1,SR,38,0.5,0,198.7,0.013,0.31,True,True,0.963,0.079,2.589,
20261006T051224Z_706c25701e90,zoned_corridor_w1,SR,38,0.5,1,319.5,0.025,0.18,True,True,0.963,0.081,2.5008,
20261006T051224Z_706c25701e90,zoned_corridor_w1,SR,38,0.5,2,91.6,0.013,0.32,True,True,0.963,0.079,3.0484,
20261006T051224Z_706c25701e90,zoned_corridor_w1,SR,38,0.5,3,272.2,0.217,0.29,True,True,0.966,0.1,2.421,
20261006T051224Z_706c25701e90,zoned_corridor_w1,SR,38,0.5,4,49.2,0.19,0.43,True,True,0.966,0.094,2.4547,
20261006T051224Z_706c25701e90,zoned_corridor_w1,SR,38,1.0,0,280.9,0.013,0.32,True,True,0.963,0.079,2.6235,
20261006T051224Z_706c25701e90,zoned_corridor_w1,SR,38,1.0,1,342.3,0.167,0.49,True,True,0.966,0.091,2.021,
20261006T051224Z_706c25701e90,zoned_corridor_w1,SR,38,1.0,2,251.7,0.027,0.18,True,True,0.963,0.081,2.1627,
20261006T051224Z_706c25701e90,zoned_corridor_w1,SR,38,1.0,3,0.5,0.013,0.31,True,True,0.963,0.079,2.5866,
20261006T051224Z_706c25701e90,zoned_corridor_w1,SR,38,1.0,4,105.8,0.012,0.32,True,True,0.963,0.079,2.6051,
20261006T051224Z_706c25701e90,zoned_corridor_w1,SR,38,2.0,0,217.0,0.013,0.31,True,True,0.963,0.079,2.8561,
20261006T051224Z_706c25701e90,zoned_corridor_w1,SR,38,2.0,1,309.0,0.013,0.31,True,True,0.963,0.079,2.7793,
20261006T051224Z_706c25701e90,zoned_corridor_w1,SR,38,2.0,2,312.8,0.012,0.32,True,True,0.963,0.079,2.5862,
20261006T051224Z_706c25701e90,zoned_corridor_w1,SR,38,2.0,3,241.3,0.212,0.16,True,True,0.963,0.093,2.0233,
20261006T051224Z_706c25701e90,zoned_corridor_w1,SR,38,2.0,4,271.0,0.221,0.19,True,True,0.963,0.094,1.9615,
20261006T051224Z_706c25701e90,zoned_corridor_w1,SR,38,4.0,0,103.9,0.013,0.29,True,True,0.963,0.08,2.5834,
20261006T051224Z_706c25701e90,zoned_corridor_w1,SR,38,4.0,1,1.0,0.025,0.66,True,True,0.963,0.082,2.2991,
20261006T051224Z_706c25701e90,zoned_corridor_w1,SR,38,4.0,2,26.2,0.123,0.33,True,True,0.96,0.09,1.6878,
20261006T051224Z_706c25701e90,zoned_corridor_w1,SR,38,4.0,3,251.7,0.018,0.21,True,True,0.963,0.081,2.4506,
20261006T051224Z_706c25701e90,zoned_corridor_w1,SR,38,4.0,4,344.3,0.19,0.43,True,True,0.966,0.094,1.7738,
20261006T051224Z_706c25701e90,zoned_corridor_w1,SR,38,6.0,0,222.0,0.025,0.32,True,False,0.963,0.078,2.3879,translation_correction_limit
20261006T051224Z_706c25701e90,zoned_corridor_w1,SR,38,6.0,1,3.2,0.185,0.44,True,True,0.966,0.093,2.069,
20261006T051224Z_706c25701e90,zoned_corridor_w1,SR,38,6.0,2,291.3,0.029,0.31,True,True,0.963,0.078,2.4056,
20261006T051224Z_706c25701e90,zoned_corridor_w1,SR,38,6.0,3,76.9,0.012,0.32,True,True,0.963,0.079,2.5107,
20261006T051224Z_706c25701e90,zoned_corridor_w1,SR,38,6.0,4,197.3,0.012,0.32,True,False,0.963,0.079,3.0031,translation_correction_limit
20261006T051224Z_706c25701e90,zoned_corridor_w1,SU,46,0.0,0,125.3,0.11,0.07,True,True,0.617,0.091,0.6437,
20261006T051224Z_706c25701e90,zoned_corridor_w1,SU,46,0.5,0,15.1,0.109,0.04,True,True,0.617,0.091,0.6286,
20261006T051224Z_706c25701e90,zoned_corridor_w1,SU,46,0.5,1,282.6,0.109,0.04,True,True,0.617,0.091,0.6247,
20261006T051224Z_706c25701e90,zoned_corridor_w1,SU,46,0.5,2,203.1,0.105,0.03,True,True,0.617,0.091,0.6491,
20261006T051224Z_706c25701e90,zoned_corridor_w1,SU,46,0.5,3,347.2,0.104,0.0,True,True,0.617,0.09,0.6433,
20261006T051224Z_706c25701e90,zoned_corridor_w1,SU,46,0.5,4,343.9,0.102,0.01,True,True,0.617,0.09,0.6493,
20261006T051224Z_706c25701e90,zoned_corridor_w1,SU,46,1.0,0,106.3,0.105,0.01,True,True,0.617,0.09,0.6508,
20261006T051224Z_706c25701e90,zoned_corridor_w1,SU,46,1.0,1,347.8,0.104,0.01,True,True,0.617,0.09,0.6456,
20261006T051224Z_706c25701e90,zoned_corridor_w1,SU,46,1.0,2,157.6,0.104,0.02,True,True,0.617,0.09,0.6358,
20261006T051224Z_706c25701e90,zoned_corridor_w1,SU,46,1.0,3,175.3,0.11,0.05,True,True,0.617,0.091,0.6431,
20261006T051224Z_706c25701e90,zoned_corridor_w1,SU,46,1.0,4,232.0,0.11,0.04,True,True,0.617,0.091,0.5231,
20261006T051224Z_706c25701e90,zoned_corridor_w1,SU,46,2.0,0,301.7,0.106,0.01,True,True,0.617,0.09,0.6441,
20261006T051224Z_706c25701e90,zoned_corridor_w1,SU,46,2.0,1,158.3,0.103,0.0,True,True,0.617,0.09,0.6454,
20261006T051224Z_706c25701e90,zoned_corridor_w1,SU,46,2.0,2,149.3,0.102,0.01,True,True,0.617,0.09,0.638,
20261006T051224Z_706c25701e90,zoned_corridor_w1,SU,46,2.0,3,196.1,0.11,0.04,True,True,0.617,0.091,0.6206,
20261006T051224Z_706c25701e90,zoned_corridor_w1,SU,46,2.0,4,247.3,0.11,0.05,True,True,0.617,0.091,0.6429,
20261006T051224Z_706c25701e90,zoned_corridor_w1,SU,46,4.0,0,224.8,0.107,0.09,True,True,0.617,0.09,0.6438,
20261006T051224Z_706c25701e90,zoned_corridor_w1,SU,46,4.0,1,331.0,0.103,0.03,True,True,0.617,0.09,0.5129,
20261006T051224Z_706c25701e90,zoned_corridor_w1,SU,46,4.0,2,227.0,0.103,0.02,True,True,0.617,0.091,0.6426,
20261006T051224Z_706c25701e90,zoned_corridor_w1,SU,46,4.0,3,148.0,0.102,0.0,True,True,0.617,0.09,0.6463,
20261006T051224Z_706c25701e90,zoned_corridor_w1,SU,46,4.0,4,343.5,0.103,0.0,True,True,0.617,0.09,0.4972,
20261006T051224Z_706c25701e90,zoned_corridor_w1,SU,46,6.0,0,292.1,0.103,0.0,True,True,0.617,0.09,0.5696,
20261006T051224Z_706c25701e90,zoned_corridor_w1,SU,46,6.0,1,104.8,0.11,0.08,True,False,0.617,0.091,0.6441,translation_correction_limit
20261006T051224Z_706c25701e90,zoned_corridor_w1,SU,46,6.0,2,283.7,0.107,0.06,True,True,0.617,0.091,0.6524,
20261006T051224Z_706c25701e90,zoned_corridor_w1,SU,46,6.0,3,48.5,0.111,0.12,True,False,0.617,0.092,0.5197,translation_correction_limit
20261006T051224Z_706c25701e90,zoned_corridor_w1,SU,46,6.0,4,180.4,0.105,0.01,True,True,0.617,0.091,0.604,
20261006T051224Z_706c25701e90,zoned_corridor_w1,SU,48,0.0,0,206.4,0.072,0.3,True,True,0.778,0.106,0.6382,
20261006T051224Z_706c25701e90,zoned_corridor_w1,SU,48,0.5,0,275.3,0.081,0.43,True,True,0.778,0.106,0.8731,
20261006T051224Z_706c25701e90,zoned_corridor_w1,SU,48,0.5,1,254.4,0.113,0.74,True,True,0.778,0.107,0.8163,
20261006T051224Z_706c25701e90,zoned_corridor_w1,SU,48,0.5,2,173.1,0.059,0.18,True,True,0.778,0.107,0.5941,
20261006T051224Z_706c25701e90,zoned_corridor_w1,SU,48,0.5,3,140.4,0.088,0.41,True,True,0.778,0.106,0.7679,
20261006T051224Z_706c25701e90,zoned_corridor_w1,SU,48,0.5,4,83.2,0.078,0.36,True,True,0.778,0.106,0.8732,
20261006T051224Z_706c25701e90,zoned_corridor_w1,SU,48,1.0,0,300.7,0.08,0.41,True,True,0.778,0.106,0.5896,
20261006T051224Z_706c25701e90,zoned_corridor_w1,SU,48,1.0,1,106.5,0.079,0.42,True,True,0.778,0.106,1.1577,
20261006T051224Z_706c25701e90,zoned_corridor_w1,SU,48,1.0,2,293.8,0.184,0.04,True,True,0.768,0.101,0.6157,
20261006T051224Z_706c25701e90,zoned_corridor_w1,SU,48,1.0,3,317.1,0.081,0.43,True,True,0.778,0.106,0.688,
20261006T051224Z_706c25701e90,zoned_corridor_w1,SU,48,1.0,4,181.0,0.038,0.07,True,True,0.778,0.11,0.9422,
20261006T051224Z_706c25701e90,zoned_corridor_w1,SU,48,2.0,0,111.3,0.101,0.63,True,True,0.778,0.106,0.6698,
20261006T051224Z_706c25701e90,zoned_corridor_w1,SU,48,2.0,1,125.2,0.121,0.87,True,True,0.783,0.118,1.0731,
20261006T051224Z_706c25701e90,zoned_corridor_w1,SU,48,2.0,2,131.0,0.081,0.44,True,True,0.778,0.106,1.1726,
20261006T051224Z_706c25701e90,zoned_corridor_w1,SU,48,2.0,3,169.2,0.047,0.02,True,True,0.778,0.108,0.9258,
20261006T051224Z_706c25701e90,zoned_corridor_w1,SU,48,2.0,4,167.9,0.195,0.09,True,True,0.768,0.102,0.558,
20261006T051224Z_706c25701e90,zoned_corridor_w1,SU,48,4.0,0,181.5,0.086,0.55,True,True,0.783,0.116,0.9063,
20261006T051224Z_706c25701e90,zoned_corridor_w1,SU,48,4.0,1,82.5,0.069,0.31,True,True,0.778,0.106,1.1869,
20261006T051224Z_706c25701e90,zoned_corridor_w1,SU,48,4.0,2,83.9,0.08,0.42,True,True,0.778,0.106,0.6889,
20261006T051224Z_706c25701e90,zoned_corridor_w1,SU,48,4.0,3,266.2,0.093,0.57,True,True,0.778,0.106,1.1469,
20261006T051224Z_706c25701e90,zoned_corridor_w1,SU,48,4.0,4,193.7,0.103,0.66,True,True,0.778,0.107,0.742,
20261006T051224Z_706c25701e90,zoned_corridor_w1,SU,48,6.0,0,321.6,0.079,0.42,True,True,0.778,0.106,0.9206,
20261006T051224Z_706c25701e90,zoned_corridor_w1,SU,48,6.0,1,109.3,0.119,0.81,True,True,0.778,0.108,0.965,
20261006T051224Z_706c25701e90,zoned_corridor_w1,SU,48,6.0,2,153.9,0.109,0.7,True,False,0.778,0.107,0.6238,translation_correction_limit
20261006T051224Z_706c25701e90,zoned_corridor_w1,SU,48,6.0,3,258.8,0.053,0.12,True,False,0.778,0.107,0.7614,translation_correction_limit
20261006T051224Z_706c25701e90,zoned_corridor_w1,SU,48,6.0,4,32.2,0.11,0.72,True,True,0.778,0.107,0.9025,
20261006T051224Z_706c25701e90,zoned_corridor_w1,SU,52,0.0,0,267.9,0.111,0.21,True,True,0.782,0.144,0.609,
20261006T051224Z_706c25701e90,zoned_corridor_w1,SU,52,0.5,0,333.7,0.111,0.21,True,True,0.782,0.144,0.6958,
20261006T051224Z_706c25701e90,zoned_corridor_w1,SU,52,0.5,1,329.9,0.064,0.16,True,True,0.786,0.155,0.5924,
20261006T051224Z_706c25701e90,zoned_corridor_w1,SU,52,0.5,2,133.9,0.11,0.21,True,True,0.782,0.143,0.4487,
20261006T051224Z_706c25701e90,zoned_corridor_w1,SU,52,0.5,3,279.9,0.11,0.2,True,True,0.782,0.143,0.607,
20261006T051224Z_706c25701e90,zoned_corridor_w1,SU,52,0.5,4,325.5,0.111,0.2,True,True,0.782,0.144,0.7669,
20261006T051224Z_706c25701e90,zoned_corridor_w1,SU,52,1.0,0,143.0,0.11,0.23,True,True,0.782,0.143,0.7421,
20261006T051224Z_706c25701e90,zoned_corridor_w1,SU,52,1.0,1,284.4,0.113,0.19,True,True,0.782,0.144,0.6958,
20261006T051224Z_706c25701e90,zoned_corridor_w1,SU,52,1.0,2,343.6,0.111,0.21,True,True,0.782,0.144,0.6056,
20261006T051224Z_706c25701e90,zoned_corridor_w1,SU,52,1.0,3,165.5,0.116,0.15,True,True,0.782,0.144,0.5065,
20261006T051224Z_706c25701e90,zoned_corridor_w1,SU,52,1.0,4,125.8,0.111,0.2,True,True,0.782,0.144,0.5913,
20261006T051224Z_706c25701e90,zoned_corridor_w1,SU,52,2.0,0,10.7,0.111,0.2,True,True,0.782,0.143,1.0945,
20261006T051224Z_706c25701e90,zoned_corridor_w1,SU,52,2.0,1,256.2,0.11,0.22,True,True,0.782,0.143,0.3854,
20261006T051224Z_706c25701e90,zoned_corridor_w1,SU,52,2.0,2,103.7,0.111,0.2,True,True,0.782,0.144,0.8797,
20261006T051224Z_706c25701e90,zoned_corridor_w1,SU,52,2.0,3,102.6,0.111,0.2,True,True,0.782,0.144,0.5326,
20261006T051224Z_706c25701e90,zoned_corridor_w1,SU,52,2.0,4,233.7,0.112,0.2,True,True,0.782,0.144,1.0672,
20261006T051224Z_706c25701e90,zoned_corridor_w1,SU,52,4.0,0,253.5,0.11,0.21,True,True,0.782,0.143,0.5761,
20261006T051224Z_706c25701e90,zoned_corridor_w1,SU,52,4.0,1,238.0,0.111,0.2,True,True,0.782,0.144,0.5393,
20261006T051224Z_706c25701e90,zoned_corridor_w1,SU,52,4.0,2,194.0,0.111,0.22,True,True,0.782,0.144,0.5548,
20261006T051224Z_706c25701e90,zoned_corridor_w1,SU,52,4.0,3,212.1,0.111,0.2,True,True,0.782,0.144,0.5834,
20261006T051224Z_706c25701e90,zoned_corridor_w1,SU,52,4.0,4,308.1,0.111,0.21,True,True,0.782,0.144,0.5032,
20261006T051224Z_706c25701e90,zoned_corridor_w1,SU,52,6.0,0,355.9,0.118,0.08,True,True,0.782,0.144,0.6085,
20261006T051224Z_706c25701e90,zoned_corridor_w1,SU,52,6.0,1,89.3,0.031,0.68,True,True,0.777,0.142,0.8308,
20261006T051224Z_706c25701e90,zoned_corridor_w1,SU,52,6.0,2,16.3,0.112,0.21,True,True,0.782,0.144,0.6551,
20261006T051224Z_706c25701e90,zoned_corridor_w1,SU,52,6.0,3,18.7,0.111,0.2,True,True,0.782,0.144,0.7258,
20261006T051224Z_706c25701e90,zoned_corridor_w1,SU,52,6.0,4,332.1,0.111,0.21,True,True,0.782,0.143,0.7038,
20261006T052037Z_1833cad2f569,zoned_corridor_w2,RR,0,0.0,0,242.8,4.195,0.77,False,True,0.94,0.175,0.2528,
20261006T052037Z_1833cad2f569,zoned_corridor_w2,RR,0,0.5,0,18.3,4.025,0.57,False,True,0.932,0.162,0.264,
20261006T052037Z_1833cad2f569,zoned_corridor_w2,RR,0,0.5,1,19.0,4.038,0.43,False,True,0.932,0.163,0.2596,
20261006T052037Z_1833cad2f569,zoned_corridor_w2,RR,0,0.5,2,135.1,4.061,0.27,False,True,0.934,0.167,0.2494,
20261006T052037Z_1833cad2f569,zoned_corridor_w2,RR,0,0.5,3,96.2,4.04,0.44,False,True,0.932,0.162,0.262,
20261006T052037Z_1833cad2f569,zoned_corridor_w2,RR,0,0.5,4,264.3,4.036,0.47,False,True,0.932,0.162,0.2728,
20261006T052037Z_1833cad2f569,zoned_corridor_w2,RR,0,1.0,0,187.7,4.069,0.36,False,True,0.934,0.166,0.2399,
20261006T052037Z_1833cad2f569,zoned_corridor_w2,RR,0,1.0,1,324.3,4.067,0.24,False,True,0.936,0.169,0.3582,
20261006T052037Z_1833cad2f569,zoned_corridor_w2,RR,0,1.0,2,284.7,4.019,0.52,False,True,0.932,0.163,0.2477,
20261006T052037Z_1833cad2f569,zoned_corridor_w2,RR,0,1.0,3,318.7,4.031,0.56,False,True,0.932,0.162,0.263,
20261006T052037Z_1833cad2f569,zoned_corridor_w2,RR,0,1.0,4,117.1,4.201,0.71,False,True,0.94,0.176,0.245,
20261006T052037Z_1833cad2f569,zoned_corridor_w2,RR,0,2.0,0,274.6,4.037,0.47,False,True,0.932,0.162,0.2657,
20261006T052037Z_1833cad2f569,zoned_corridor_w2,RR,0,2.0,1,177.7,4.195,0.77,False,True,0.94,0.175,0.1512,
20261006T052037Z_1833cad2f569,zoned_corridor_w2,RR,0,2.0,2,280.3,4.079,0.1,False,True,0.936,0.172,0.3785,
20261006T052037Z_1833cad2f569,zoned_corridor_w2,RR,0,2.0,3,54.8,4.042,0.43,False,True,0.932,0.163,0.267,
20261006T052037Z_1833cad2f569,zoned_corridor_w2,RR,0,2.0,4,320.3,4.06,0.25,False,True,0.934,0.167,0.2486,
20261006T052037Z_1833cad2f569,zoned_corridor_w2,RR,0,4.0,0,280.0,4.038,0.46,False,False,0.932,0.162,0.267,translation_correction_limit
20261006T052037Z_1833cad2f569,zoned_corridor_w2,RR,0,4.0,1,2.6,0.063,0.84,True,True,0.785,0.112,0.8535,
20261006T052037Z_1833cad2f569,zoned_corridor_w2,RR,0,4.0,2,199.2,4.033,0.47,False,False,0.932,0.162,0.0108,ambiguous_minimum
20261006T052037Z_1833cad2f569,zoned_corridor_w2,RR,0,4.0,3,20.2,0.077,0.91,True,True,0.783,0.108,0.8698,
20261006T052037Z_1833cad2f569,zoned_corridor_w2,RR,0,4.0,4,336.8,0.069,0.8,True,True,0.785,0.112,0.9478,
20261006T052037Z_1833cad2f569,zoned_corridor_w2,RR,0,6.0,0,298.6,0.163,1.51,True,True,0.789,0.105,0.8304,
20261006T052037Z_1833cad2f569,zoned_corridor_w2,RR,0,6.0,1,18.4,0.067,0.78,True,False,0.785,0.112,0.8251,translation_correction_limit
20261006T052037Z_1833cad2f569,zoned_corridor_w2,RR,0,6.0,2,70.9,3.854,0.35,False,False,0.918,0.179,0.0901,translation_correction_limit
20261006T052037Z_1833cad2f569,zoned_corridor_w2,RR,0,6.0,3,102.5,4.034,0.5,False,False,0.932,0.162,0.2623,translation_correction_limit
20261006T052037Z_1833cad2f569,zoned_corridor_w2,RR,0,6.0,4,66.8,0.168,1.35,True,False,0.789,0.104,0.2108,translation_correction_limit
20261006T052037Z_1833cad2f569,zoned_corridor_w2,RR,1,0.0,0,6.6,0.055,0.04,True,True,0.998,0.057,4.1124,
20261006T052037Z_1833cad2f569,zoned_corridor_w2,RR,1,0.5,0,101.7,0.056,0.03,True,True,0.998,0.057,4.085,
20261006T052037Z_1833cad2f569,zoned_corridor_w2,RR,1,0.5,1,332.3,0.094,0.39,True,True,0.996,0.085,1.6151,
20261006T052037Z_1833cad2f569,zoned_corridor_w2,RR,1,0.5,2,13.4,0.055,0.04,True,True,0.998,0.057,4.1141,
20261006T052037Z_1833cad2f569,zoned_corridor_w2,RR,1,0.5,3,148.3,0.056,0.06,True,True,0.998,0.057,4.0401,
20261006T052037Z_1833cad2f569,zoned_corridor_w2,RR,1,0.5,4,190.0,0.055,0.04,True,True,0.998,0.057,4.1087,
20261006T052037Z_1833cad2f569,zoned_corridor_w2,RR,1,1.0,0,39.0,0.052,0.02,True,True,0.998,0.058,3.9066,
20261006T052037Z_1833cad2f569,zoned_corridor_w2,RR,1,1.0,1,120.9,0.056,0.04,True,True,0.998,0.057,4.0955,
20261006T052037Z_1833cad2f569,zoned_corridor_w2,RR,1,1.0,2,274.0,0.054,0.03,True,True,0.998,0.057,4.3677,
20261006T052037Z_1833cad2f569,zoned_corridor_w2,RR,1,1.0,3,0.1,0.055,0.04,True,True,0.998,0.057,4.1238,
20261006T052037Z_1833cad2f569,zoned_corridor_w2,RR,1,1.0,4,102.4,0.055,0.04,True,True,0.998,0.057,4.102,
20261006T052037Z_1833cad2f569,zoned_corridor_w2,RR,1,2.0,0,232.0,0.055,0.04,True,True,0.998,0.057,4.0598,
20261006T052037Z_1833cad2f569,zoned_corridor_w2,RR,1,2.0,1,164.8,0.055,0.04,True,True,0.998,0.057,4.1182,
20261006T052037Z_1833cad2f569,zoned_corridor_w2,RR,1,2.0,2,310.5,0.043,0.77,True,True,0.996,0.081,1.6876,
20261006T052037Z_1833cad2f569,zoned_corridor_w2,RR,1,2.0,3,181.3,0.092,0.41,True,True,0.996,0.084,1.7394,
20261006T052037Z_1833cad2f569,zoned_corridor_w2,RR,1,2.0,4,102.6,0.058,0.13,True,True,0.998,0.059,3.7642,
20261006T052037Z_1833cad2f569,zoned_corridor_w2,RR,1,4.0,0,186.0,0.056,0.04,True,True,0.998,0.057,4.7286,
20261006T052037Z_1833cad2f569,zoned_corridor_w2,RR,1,4.0,1,20.5,0.056,0.09,True,True,0.998,0.058,4.0291,
20261006T052037Z_1833cad2f569,zoned_corridor_w2,RR,1,4.0,2,196.3,0.049,0.74,True,True,0.996,0.081,1.8519,
20261006T052037Z_1833cad2f569,zoned_corridor_w2,RR,1,4.0,3,219.7,0.053,0.05,True,True,0.998,0.057,4.6889,
20261006T052037Z_1833cad2f569,zoned_corridor_w2,RR,1,4.0,4,23.7,0.08,0.5,True,True,0.996,0.082,1.5811,
20261006T052037Z_1833cad2f569,zoned_corridor_w2,RR,1,6.0,0,315.4,0.055,0.04,True,True,0.998,0.057,4.1363,
20261006T052037Z_1833cad2f569,zoned_corridor_w2,RR,1,6.0,1,274.3,0.058,0.12,True,True,0.998,0.058,3.8441,
20261006T052037Z_1833cad2f569,zoned_corridor_w2,RR,1,6.0,2,199.1,0.055,0.04,True,False,0.998,0.057,4.7079,translation_correction_limit
20261006T052037Z_1833cad2f569,zoned_corridor_w2,RR,1,6.0,3,149.1,0.056,0.07,True,False,0.998,0.057,4.6097,translation_correction_limit
20261006T052037Z_1833cad2f569,zoned_corridor_w2,RR,1,6.0,4,75.6,0.055,0.04,True,False,0.998,0.057,4.1517,translation_correction_limit
20261006T052037Z_1833cad2f569,zoned_corridor_w2,RU,3,0.0,0,241.2,0.048,0.4,True,True,0.877,0.116,1.5215,
20261006T052037Z_1833cad2f569,zoned_corridor_w2,RU,3,0.5,0,185.5,0.05,0.4,True,True,0.877,0.116,1.5311,
20261006T052037Z_1833cad2f569,zoned_corridor_w2,RU,3,0.5,1,311.4,0.101,0.06,True,True,0.877,0.113,1.7519,
20261006T052037Z_1833cad2f569,zoned_corridor_w2,RU,3,0.5,2,203.8,0.101,0.05,True,True,0.877,0.113,1.4141,
20261006T052037Z_1833cad2f569,zoned_corridor_w2,RU,3,0.5,3,154.8,0.051,0.44,True,True,0.877,0.117,1.5042,
20261006T052037Z_1833cad2f569,zoned_corridor_w2,RU,3,0.5,4,318.8,0.119,0.13,True,True,0.877,0.114,1.4887,
20261006T052037Z_1833cad2f569,zoned_corridor_w2,RU,3,1.0,0,287.4,0.107,0.01,True,True,0.877,0.113,1.3994,
20261006T052037Z_1833cad2f569,zoned_corridor_w2,RU,3,1.0,1,276.2,0.048,0.38,True,True,0.877,0.116,1.517,
20261006T052037Z_1833cad2f569,zoned_corridor_w2,RU,3,1.0,2,48.7,0.085,0.18,True,True,0.877,0.113,1.4944,
20261006T052037Z_1833cad2f569,zoned_corridor_w2,RU,3,1.0,3,121.1,0.049,0.5,True,True,0.877,0.117,0.8382,
20261006T052037Z_1833cad2f569,zoned_corridor_w2,RU,3,1.0,4,125.5,0.048,0.31,True,True,0.877,0.116,1.5051,
20261006T052037Z_1833cad2f569,zoned_corridor_w2,RU,3,2.0,0,317.6,0.05,0.35,True,True,0.877,0.117,1.7558,
20261006T052037Z_1833cad2f569,zoned_corridor_w2,RU,3,2.0,1,241.0,0.05,0.5,True,True,0.877,0.117,1.5151,
20261006T052037Z_1833cad2f569,zoned_corridor_w2,RU,3,2.0,2,281.5,0.056,0.54,True,True,0.877,0.117,0.8647,
20261006T052037Z_1833cad2f569,zoned_corridor_w2,RU,3,2.0,3,239.7,0.053,0.44,True,True,0.877,0.117,1.5196,
20261006T052037Z_1833cad2f569,zoned_corridor_w2,RU,3,2.0,4,121.4,0.066,0.31,True,True,0.877,0.122,1.4187,
20261006T052037Z_1833cad2f569,zoned_corridor_w2,RU,3,4.0,0,346.6,0.056,0.17,True,True,0.877,0.119,1.4698,
20261006T052037Z_1833cad2f569,zoned_corridor_w2,RU,3,4.0,1,254.9,0.051,0.41,True,True,0.877,0.116,1.5343,
20261006T052037Z_1833cad2f569,zoned_corridor_w2,RU,3,4.0,2,215.3,0.067,0.36,True,True,0.879,0.118,1.8252,
20261006T052037Z_1833cad2f569,zoned_corridor_w2,RU,3,4.0,3,311.2,0.086,0.19,True,True,0.877,0.113,1.3855,
20261006T052037Z_1833cad2f569,zoned_corridor_w2,RU,3,4.0,4,222.5,0.053,0.39,True,True,0.877,0.116,1.3401,
20261006T052037Z_1833cad2f569,zoned_corridor_w2,RU,3,6.0,0,352.0,0.079,0.24,True,True,0.877,0.113,1.1,
20261006T052037Z_1833cad2f569,zoned_corridor_w2,RU,3,6.0,1,234.8,0.105,0.01,True,False,0.877,0.113,1.3801,translation_correction_limit
20261006T052037Z_1833cad2f569,zoned_corridor_w2,RU,3,6.0,2,91.9,0.052,0.41,True,True,0.877,0.116,0.9397,
20261006T052037Z_1833cad2f569,zoned_corridor_w2,RU,3,6.0,3,116.9,0.049,0.37,True,True,0.877,0.117,1.524,
20261006T052037Z_1833cad2f569,zoned_corridor_w2,RU,3,6.0,4,84.7,0.055,0.35,True,True,0.877,0.116,1.5844,
20261006T052037Z_1833cad2f569,zoned_corridor_w2,RR,7,0.0,0,154.1,0.086,0.44,True,True,0.998,0.055,2.9212,
20261006T052037Z_1833cad2f569,zoned_corridor_w2,RR,7,0.5,0,81.3,0.085,0.49,True,True,0.998,0.055,3.1483,
20261006T052037Z_1833cad2f569,zoned_corridor_w2,RR,7,0.5,1,110.8,0.082,0.55,True,True,0.998,0.055,3.217,
20261006T052037Z_1833cad2f569,zoned_corridor_w2,RR,7,0.5,2,246.7,0.087,0.42,True,True,0.998,0.055,2.8918,
20261006T052037Z_1833cad2f569,zoned_corridor_w2,RR,7,0.5,3,228.9,0.025,0.18,True,True,0.998,0.068,2.2842,
20261006T052037Z_1833cad2f569,zoned_corridor_w2,RR,7,0.5,4,82.1,0.085,0.48,True,True,0.998,0.055,3.1551,
20261006T052037Z_1833cad2f569,zoned_corridor_w2,RR,7,1.0,0,358.5,0.084,0.49,True,True,0.998,0.055,3.0593,
20261006T052037Z_1833cad2f569,zoned_corridor_w2,RR,7,1.0,1,52.9,0.086,0.46,True,True,0.998,0.055,3.0356,
20261006T052037Z_1833cad2f569,zoned_corridor_w2,RR,7,1.0,2,300.1,0.031,0.09,True,True,0.998,0.066,2.2848,
20261006T052037Z_1833cad2f569,zoned_corridor_w2,RR,7,1.0,3,33.3,0.086,0.44,True,True,0.998,0.055,3.238,
20261006T052037Z_1833cad2f569,zoned_corridor_w2,RR,7,1.0,4,247.8,0.084,0.49,True,True,0.998,0.054,3.156,
20261006T052037Z_1833cad2f569,zoned_corridor_w2,RR,7,2.0,0,215.4,0.089,0.4,True,True,0.998,0.056,2.8212,
20261006T052037Z_1833cad2f569,zoned_corridor_w2,RR,7,2.0,1,66.7,0.083,0.47,True,True,0.998,0.054,3.1458,
20261006T052037Z_1833cad2f569,zoned_corridor_w2,RR,7,2.0,2,337.1,0.083,0.49,True,True,0.998,0.054,2.965,
20261006T052037Z_1833cad2f569,zoned_corridor_w2,RR,7,2.0,3,309.9,0.084,0.48,True,True,0.998,0.054,2.9682,
20261006T052037Z_1833cad2f569,zoned_corridor_w2,RR,7,2.0,4,65.4,0.025,0.09,True,True,0.998,0.065,2.264,
20261006T052037Z_1833cad2f569,zoned_corridor_w2,RR,7,4.0,0,291.0,0.084,0.52,True,True,0.998,0.054,3.1358,
20261006T052037Z_1833cad2f569,zoned_corridor_w2,RR,7,4.0,1,247.7,0.021,0.21,True,True,0.998,0.068,2.2385,
20261006T052037Z_1833cad2f569,zoned_corridor_w2,RR,7,4.0,2,246.9,0.08,0.57,True,True,0.998,0.055,3.2077,
20261006T052037Z_1833cad2f569,zoned_corridor_w2,RR,7,4.0,3,13.5,0.022,0.21,True,True,0.998,0.068,2.2635,
20261006T052037Z_1833cad2f569,zoned_corridor_w2,RR,7,4.0,4,19.5,0.084,0.49,True,True,0.998,0.054,3.2197,
20261006T052037Z_1833cad2f569,zoned_corridor_w2,RR,7,6.0,0,202.3,0.084,0.51,True,False,0.998,0.054,3.5116,translation_correction_limit
20261006T052037Z_1833cad2f569,zoned_corridor_w2,RR,7,6.0,1,303.0,0.084,0.49,True,True,0.998,0.054,3.16,
20261006T052037Z_1833cad2f569,zoned_corridor_w2,RR,7,6.0,2,326.2,0.064,0.17,True,False,0.998,0.068,2.2231,translation_correction_limit
20261006T052037Z_1833cad2f569,zoned_corridor_w2,RR,7,6.0,3,183.3,0.074,0.25,True,True,0.998,0.07,2.5562,
20261006T052037Z_1833cad2f569,zoned_corridor_w2,RR,7,6.0,4,76.6,0.027,0.11,True,False,0.998,0.066,2.2906,translation_correction_limit
20261006T052037Z_1833cad2f569,zoned_corridor_w2,RR,8,0.0,0,308.6,4.171,1.0,False,True,0.929,0.163,0.4423,
20261006T052037Z_1833cad2f569,zoned_corridor_w2,RR,8,0.5,0,26.0,4.21,0.66,False,True,0.931,0.173,0.4182,
20261006T052037Z_1833cad2f569,zoned_corridor_w2,RR,8,0.5,1,54.2,4.176,0.95,False,True,0.931,0.166,0.4409,
20261006T052037Z_1833cad2f569,zoned_corridor_w2,RR,8,0.5,2,233.1,4.226,0.53,False,True,0.931,0.177,0.4101,
20261006T052037Z_1833cad2f569,zoned_corridor_w2,RR,8,0.5,3,183.9,4.212,0.65,False,True,0.931,0.173,0.4551,
20261006T052037Z_1833cad2f569,zoned_corridor_w2,RR,8,0.5,4,61.4,4.171,1.0,False,True,0.929,0.163,0.4434,
20261006T052037Z_1833cad2f569,zoned_corridor_w2,RR,8,1.0,0,202.9,4.175,0.95,False,True,0.931,0.166,0.6096,
20261006T052037Z_1833cad2f569,zoned_corridor_w2,RR,8,1.0,1,109.5,4.153,1.18,False,True,0.929,0.162,0.4808,
20261006T052037Z_1833cad2f569,zoned_corridor_w2,RR,8,1.0,2,176.2,4.169,0.99,False,True,0.929,0.163,0.5317,
20261006T052037Z_1833cad2f569,zoned_corridor_w2,RR,8,1.0,3,202.0,4.052,0.11,False,True,0.928,0.175,0.4766,
20261006T052037Z_1833cad2f569,zoned_corridor_w2,RR,8,1.0,4,288.1,4.18,0.91,False,True,0.931,0.166,0.4403,
20261006T052037Z_1833cad2f569,zoned_corridor_w2,RR,8,2.0,0,224.0,4.05,0.4,False,True,0.926,0.167,0.4523,
20261006T052037Z_1833cad2f569,zoned_corridor_w2,RR,8,2.0,1,340.3,4.172,0.99,False,True,0.929,0.163,0.1006,
20261006T052037Z_1833cad2f569,zoned_corridor_w2,RR,8,2.0,2,274.1,4.177,0.9,False,True,0.931,0.166,0.4386,
20261006T052037Z_1833cad2f569,zoned_corridor_w2,RR,8,2.0,3,227.9,4.168,1.02,False,True,0.929,0.163,0.4422,
20261006T052037Z_1833cad2f569,zoned_corridor_w2,RR,8,2.0,4,208.6,4.168,0.98,False,False,0.929,0.163,0.5294,translation_correction_limit
20261006T052037Z_1833cad2f569,zoned_corridor_w2,RR,8,4.0,0,13.3,8.105,0.15,False,True,0.944,0.145,0.1352,
20261006T052037Z_1833cad2f569,zoned_corridor_w2,RR,8,4.0,1,91.1,4.171,1.0,False,True,0.929,0.163,0.4432,
20261006T052037Z_1833cad2f569,zoned_corridor_w2,RR,8,4.0,2,188.7,0.128,1.48,True,True,0.743,0.114,0.8876,
20261006T052037Z_1833cad2f569,zoned_corridor_w2,RR,8,4.0,3,136.1,0.139,1.37,True,True,0.743,0.113,0.7055,
20261006T052037Z_1833cad2f569,zoned_corridor_w2,RR,8,4.0,4,153.8,0.135,1.44,True,True,0.743,0.113,0.8917,
20261006T052037Z_1833cad2f569,zoned_corridor_w2,RR,8,6.0,0,272.2,4.04,0.48,False,False,0.924,0.168,0.3954,translation_correction_limit
20261006T052037Z_1833cad2f569,zoned_corridor_w2,RR,8,6.0,1,72.1,7.862,0.12,False,False,0.944,0.164,0.0399,translation_correction_limit
20261006T052037Z_1833cad2f569,zoned_corridor_w2,RR,8,6.0,2,210.2,0.057,0.51,True,False,0.736,0.129,0.7444,translation_correction_limit
20261006T052037Z_1833cad2f569,zoned_corridor_w2,RR,8,6.0,3,21.9,8.1,0.1,False,True,0.944,0.144,0.1559,
20261006T052037Z_1833cad2f569,zoned_corridor_w2,RR,8,6.0,4,181.2,0.01,0.87,True,True,0.732,0.128,0.7205,
20261006T052037Z_1833cad2f569,zoned_corridor_w2,RR,12,0.0,0,274.6,4.192,0.13,False,True,0.911,0.153,0.2935,
20261006T052037Z_1833cad2f569,zoned_corridor_w2,RR,12,0.5,0,213.3,4.173,0.3,False,True,0.913,0.153,0.3612,
20261006T052037Z_1833cad2f569,zoned_corridor_w2,RR,12,0.5,1,135.1,4.152,0.52,False,True,0.909,0.149,0.2346,
20261006T052037Z_1833cad2f569,zoned_corridor_w2,RR,12,0.5,2,145.2,4.163,0.28,False,True,0.913,0.154,0.2443,
20261006T052037Z_1833cad2f569,zoned_corridor_w2,RR,12,0.5,3,345.5,3.979,0.28,False,True,0.893,0.134,0.2504,
20261006T052037Z_1833cad2f569,zoned_corridor_w2,RR,12,0.5,4,42.7,4.173,0.33,False,True,0.913,0.153,0.2648,
20261006T052037Z_1833cad2f569,zoned_corridor_w2,RR,12,1.0,0,338.3,4.339,0.62,False,True,0.908,0.162,0.2179,
20261006T052037Z_1833cad2f569,zoned_corridor_w2,RR,12,1.0,1,52.7,4.176,0.27,False,True,0.913,0.154,0.2643,
20261006T052037Z_1833cad2f569,zoned_corridor_w2,RR,12,1.0,2,200.7,4.173,0.3,False,True,0.913,0.153,0.2655,
20261006T052037Z_1833cad2f569,zoned_corridor_w2,RR,12,1.0,3,215.0,4.374,0.27,False,True,0.904,0.166,0.1318,
20261006T052037Z_1833cad2f569,zoned_corridor_w2,RR,12,1.0,4,11.9,3.994,0.15,False,True,0.9,0.141,0.2599,
20261006T052037Z_1833cad2f569,zoned_corridor_w2,RR,12,2.0,0,30.8,4.175,0.29,False,True,0.913,0.154,0.2656,
20261006T052037Z_1833cad2f569,zoned_corridor_w2,RR,12,2.0,1,96.8,3.999,0.08,False,True,0.9,0.141,0.2595,
20261006T052037Z_1833cad2f569,zoned_corridor_w2,RR,12,2.0,2,94.4,4.187,0.16,False,True,0.911,0.153,0.2788,
20261006T052037Z_1833cad2f569,zoned_corridor_w2,RR,12,2.0,3,179.3,4.182,0.23,False,True,0.913,0.154,0.2963,
20261006T052037Z_1833cad2f569,zoned_corridor_w2,RR,12,2.0,4,149.7,4.18,0.23,False,True,0.913,0.154,0.2931,
20261006T052037Z_1833cad2f569,zoned_corridor_w2,RR,12,4.0,0,147.1,4.167,0.37,False,True,0.913,0.153,0.2614,
20261006T052037Z_1833cad2f569,zoned_corridor_w2,RR,12,4.0,1,41.0,0.159,0.45,True,True,0.802,0.109,0.9565,
20261006T052037Z_1833cad2f569,zoned_corridor_w2,RR,12,4.0,2,179.9,4.327,0.76,False,True,0.911,0.166,0.114,
20261006T052037Z_1833cad2f569,zoned_corridor_w2,RR,12,4.0,3,54.1,0.139,0.66,True,True,0.8,0.102,0.1183,
20261006T052037Z_1833cad2f569,zoned_corridor_w2,RR,12,4.0,4,111.4,4.18,0.2,False,True,0.913,0.154,0.2627,
20261006T052037Z_1833cad2f569,zoned_corridor_w2,RR,12,6.0,0,39.2,0.143,0.63,True,False,0.8,0.102,0.869,translation_correction_limit
20261006T052037Z_1833cad2f569,zoned_corridor_w2,RR,12,6.0,1,186.2,4.173,0.34,False,True,0.913,0.153,0.2945,
20261006T052037Z_1833cad2f569,zoned_corridor_w2,RR,12,6.0,2,294.6,0.011,0.1,True,False,0.795,0.109,0.2771,translation_correction_limit
20261006T052037Z_1833cad2f569,zoned_corridor_w2,RR,12,6.0,3,339.9,0.272,1.3,True,False,0.808,0.118,0.853,translation_correction_limit
20261006T052037Z_1833cad2f569,zoned_corridor_w2,RR,12,6.0,4,98.3,4.184,0.2,False,False,0.913,0.154,0.2578,translation_correction_limit
20261006T052037Z_1833cad2f569,zoned_corridor_w2,RU,14,0.0,0,340.6,0.012,0.28,True,True,0.954,0.091,3.7346,
20261006T052037Z_1833cad2f569,zoned_corridor_w2,RU,14,0.5,0,160.8,0.012,0.28,True,True,0.954,0.091,2.4677,
20261006T052037Z_1833cad2f569,zoned_corridor_w2,RU,14,0.5,1,250.3,0.021,0.46,True,True,0.954,0.091,3.5164,
20261006T052037Z_1833cad2f569,zoned_corridor_w2,RU,14,0.5,2,59.8,0.012,0.28,True,True,0.954,0.091,3.3906,
20261006T052037Z_1833cad2f569,zoned_corridor_w2,RU,14,0.5,3,324.9,0.012,0.2,True,True,0.95,0.085,2.4016,
20261006T052037Z_1833cad2f569,zoned_corridor_w2,RU,14,0.5,4,127.3,0.011,0.28,True,True,0.954,0.091,4.8011,
20261006T052037Z_1833cad2f569,zoned_corridor_w2,RU,14,1.0,0,181.0,0.012,0.28,True,True,0.954,0.091,3.716,
20261006T052037Z_1833cad2f569,zoned_corridor_w2,RU,14,1.0,1,210.9,0.012,0.28,True,True,0.954,0.092,2.7661,
20261006T052037Z_1833cad2f569,zoned_corridor_w2,RU,14,1.0,2,37.8,0.012,0.28,True,True,0.954,0.092,3.9234,
20261006T052037Z_1833cad2f569,zoned_corridor_w2,RU,14,1.0,3,53.5,0.015,0.37,True,True,0.954,0.091,2.9085,
20261006T052037Z_1833cad2f569,zoned_corridor_w2,RU,14,1.0,4,272.5,0.012,0.28,True,True,0.954,0.091,3.7554,
20261006T052037Z_1833cad2f569,zoned_corridor_w2,RU,14,2.0,0,31.9,0.012,0.28,True,True,0.954,0.092,3.7927,
20261006T052037Z_1833cad2f569,zoned_corridor_w2,RU,14,2.0,1,292.3,0.014,0.32,True,True,0.954,0.091,3.6783,
20261006T052037Z_1833cad2f569,zoned_corridor_w2,RU,14,2.0,2,82.9,0.012,0.28,True,True,0.954,0.091,3.7129,
20261006T052037Z_1833cad2f569,zoned_corridor_w2,RU,14,2.0,3,33.1,0.021,0.08,True,True,0.95,0.089,2.752,
20261006T052037Z_1833cad2f569,zoned_corridor_w2,RU,14,2.0,4,53.7,0.012,0.28,True,True,0.954,0.091,3.5665,
20261006T052037Z_1833cad2f569,zoned_corridor_w2,RU,14,4.0,0,95.0,0.012,0.28,True,True,0.954,0.091,3.7513,
20261006T052037Z_1833cad2f569,zoned_corridor_w2,RU,14,4.0,1,144.7,0.014,0.3,True,True,0.954,0.091,3.9338,
20261006T052037Z_1833cad2f569,zoned_corridor_w2,RU,14,4.0,2,284.8,0.013,0.28,True,True,0.954,0.092,3.2779,
20261006T052037Z_1833cad2f569,zoned_corridor_w2,RU,14,4.0,3,346.0,0.043,0.66,True,True,0.954,0.094,2.4604,
20261006T052037Z_1833cad2f569,zoned_corridor_w2,RU,14,4.0,4,38.5,0.012,0.28,True,True,0.954,0.091,3.7572,
20261006T052037Z_1833cad2f569,zoned_corridor_w2,RU,14,6.0,0,258.8,0.012,0.28,True,True,0.954,0.092,3.7379,
20261006T052037Z_1833cad2f569,zoned_corridor_w2,RU,14,6.0,1,195.5,0.01,0.28,True,True,0.954,0.091,3.7088,
20261006T052037Z_1833cad2f569,zoned_corridor_w2,RU,14,6.0,2,45.5,0.012,0.27,True,False,0.954,0.092,2.9357,translation_correction_limit
20261006T052037Z_1833cad2f569,zoned_corridor_w2,RU,14,6.0,3,86.1,0.013,0.19,True,False,0.95,0.085,2.3997,translation_correction_limit
20261006T052037Z_1833cad2f569,zoned_corridor_w2,RU,14,6.0,4,90.1,0.008,0.18,True,True,0.95,0.086,3.4939,
20261006T052037Z_1833cad2f569,zoned_corridor_w2,RU,21,0.0,0,170.2,0.022,0.05,True,True,0.561,0.173,0.203,
20261006T052037Z_1833cad2f569,zoned_corridor_w2,RU,21,0.5,0,237.4,0.047,0.12,True,True,0.563,0.176,0.3467,
20261006T052037Z_1833cad2f569,zoned_corridor_w2,RU,21,0.5,1,132.8,0.021,0.0,True,True,0.561,0.173,0.3479,
20261006T052037Z_1833cad2f569,zoned_corridor_w2,RU,21,0.5,2,41.7,0.02,0.02,True,True,0.561,0.173,0.3751,
20261006T052037Z_1833cad2f569,zoned_corridor_w2,RU,21,0.5,3,219.4,0.021,0.01,True,True,0.561,0.173,0.3478,
20261006T052037Z_1833cad2f569,zoned_corridor_w2,RU,21,0.5,4,167.9,0.02,0.02,True,True,0.561,0.173,0.3477,
20261006T052037Z_1833cad2f569,zoned_corridor_w2,RU,21,1.0,0,277.6,0.022,0.01,True,True,0.561,0.173,0.3479,
20261006T052037Z_1833cad2f569,zoned_corridor_w2,RU,21,1.0,1,111.7,0.025,0.02,True,True,0.561,0.173,0.3476,
20261006T052037Z_1833cad2f569,zoned_corridor_w2,RU,21,1.0,2,110.6,0.021,0.0,True,True,0.561,0.173,0.3562,
20261006T052037Z_1833cad2f569,zoned_corridor_w2,RU,21,1.0,3,140.0,0.024,0.01,True,True,0.561,0.173,0.3481,
20261006T052037Z_1833cad2f569,zoned_corridor_w2,RU,21,1.0,4,250.4,0.026,0.04,True,True,0.561,0.172,0.3579,
20261006T052037Z_1833cad2f569,zoned_corridor_w2,RU,21,2.0,0,237.3,0.042,0.06,True,True,0.563,0.176,0.375,
20261006T052037Z_1833cad2f569,zoned_corridor_w2,RU,21,2.0,1,299.8,0.036,0.2,True,True,0.561,0.172,0.4168,
20261006T052037Z_1833cad2f569,zoned_corridor_w2,RU,21,2.0,2,323.9,0.02,0.07,True,True,0.561,0.173,0.3568,
20261006T052037Z_1833cad2f569,zoned_corridor_w2,RU,21,2.0,3,169.1,0.047,0.03,True,True,0.563,0.175,0.3746,
20261006T052037Z_1833cad2f569,zoned_corridor_w2,RU,21,2.0,4,98.3,0.031,0.09,True,True,0.561,0.172,0.3613,
20261006T052037Z_1833cad2f569,zoned_corridor_w2,RU,21,4.0,0,315.6,0.02,0.01,True,True,0.561,0.173,0.3752,
20261006T052037Z_1833cad2f569,zoned_corridor_w2,RU,21,4.0,1,202.5,0.021,0.01,True,True,0.561,0.173,0.4575,
20261006T052037Z_1833cad2f569,zoned_corridor_w2,RU,21,4.0,2,41.7,0.022,0.0,True,True,0.561,0.173,0.3478,
20261006T052037Z_1833cad2f569,zoned_corridor_w2,RU,21,4.0,3,62.4,0.03,0.03,True,True,0.561,0.172,0.3476,
20261006T052037Z_1833cad2f569,zoned_corridor_w2,RU,21,4.0,4,59.8,0.043,0.05,True,True,0.563,0.175,0.3474,
20261006T052037Z_1833cad2f569,zoned_corridor_w2,RU,21,6.0,0,108.6,0.02,0.01,True,False,0.561,0.173,0.3771,translation_correction_limit
20261006T052037Z_1833cad2f569,zoned_corridor_w2,RU,21,6.0,1,134.5,0.022,0.01,True,False,0.561,0.173,0.2715,translation_correction_limit
20261006T052037Z_1833cad2f569,zoned_corridor_w2,RU,21,6.0,2,143.3,0.019,0.08,True,False,0.561,0.173,0.2813,translation_correction_limit
20261006T052037Z_1833cad2f569,zoned_corridor_w2,RU,21,6.0,3,182.5,0.013,0.08,True,False,0.561,0.175,0.3187,translation_correction_limit
20261006T052037Z_1833cad2f569,zoned_corridor_w2,RU,21,6.0,4,224.5,0.044,0.36,True,False,0.563,0.176,0.1877,translation_correction_limit
20261006T052037Z_1833cad2f569,zoned_corridor_w2,RU,23,0.0,0,19.5,0.111,0.3,True,True,0.951,0.072,3.8308,
20261006T052037Z_1833cad2f569,zoned_corridor_w2,RU,23,0.5,0,294.5,0.111,0.3,True,True,0.951,0.072,1.0,
20261006T052037Z_1833cad2f569,zoned_corridor_w2,RU,23,0.5,1,51.5,0.051,0.21,True,True,0.949,0.079,2.3035,
20261006T052037Z_1833cad2f569,zoned_corridor_w2,RU,23,0.5,2,170.4,0.102,0.44,True,True,0.951,0.074,3.6043,
20261006T052037Z_1833cad2f569,zoned_corridor_w2,RU,23,0.5,3,66.5,0.116,0.23,True,True,0.951,0.072,4.5407,
20261006T052037Z_1833cad2f569,zoned_corridor_w2,RU,23,0.5,4,231.4,0.112,0.28,True,True,0.951,0.072,3.6339,
20261006T052037Z_1833cad2f569,zoned_corridor_w2,RU,23,1.0,0,38.4,0.11,0.33,True,True,0.951,0.073,3.7524,
20261006T052037Z_1833cad2f569,zoned_corridor_w2,RU,23,1.0,1,185.9,0.107,0.39,True,True,0.951,0.073,3.6518,
20261006T052037Z_1833cad2f569,zoned_corridor_w2,RU,23,1.0,2,340.8,0.11,0.31,True,True,0.951,0.072,4.4036,
20261006T052037Z_1833cad2f569,zoned_corridor_w2,RU,23,1.0,3,156.8,0.112,0.3,True,True,0.951,0.072,3.723,
20261006T052037Z_1833cad2f569,zoned_corridor_w2,RU,23,1.0,4,285.5,0.051,0.22,True,True,0.949,0.079,3.2785,
20261006T052037Z_1833cad2f569,zoned_corridor_w2,RU,23,2.0,0,17.4,0.111,0.32,True,True,0.951,0.073,3.0467,
20261006T052037Z_1833cad2f569,zoned_corridor_w2,RU,23,2.0,1,28.7,0.108,0.34,True,True,0.951,0.073,3.7116,
20261006T052037Z_1833cad2f569,zoned_corridor_w2,RU,23,2.0,2,177.8,0.111,0.31,True,True,0.951,0.072,3.6902,
20261006T052037Z_1833cad2f569,zoned_corridor_w2,RU,23,2.0,3,144.1,0.113,0.27,True,True,0.951,0.072,3.6494,
20261006T052037Z_1833cad2f569,zoned_corridor_w2,RU,23,2.0,4,149.2,0.057,0.35,True,True,0.949,0.08,2.3709,
20261006T052037Z_1833cad2f569,zoned_corridor_w2,RU,23,4.0,0,296.7,0.111,0.31,True,True,0.951,0.072,4.5269,
20261006T052037Z_1833cad2f569,zoned_corridor_w2,RU,23,4.0,1,346.8,0.108,0.38,True,True,0.951,0.073,3.4864,
20261006T052037Z_1833cad2f569,zoned_corridor_w2,RU,23,4.0,2,14.9,0.111,0.3,True,True,0.951,0.072,3.6655,
20261006T052037Z_1833cad2f569,zoned_corridor_w2,RU,23,4.0,3,242.1,0.109,0.36,True,True,0.951,0.073,2.9544,
20261006T052037Z_1833cad2f569,zoned_corridor_w2,RU,23,4.0,4,31.7,0.111,0.3,True,True,0.951,0.072,3.7261,
20261006T052037Z_1833cad2f569,zoned_corridor_w2,RU,23,6.0,0,215.6,0.117,0.23,True,True,0.951,0.072,4.544,
20261006T052037Z_1833cad2f569,zoned_corridor_w2,RU,23,6.0,1,335.0,0.114,0.27,True,False,0.951,0.072,1.0,translation_correction_limit
20261006T052037Z_1833cad2f569,zoned_corridor_w2,RU,23,6.0,2,41.0,0.114,0.25,True,False,0.951,0.072,3.9519,translation_correction_limit
20261006T052037Z_1833cad2f569,zoned_corridor_w2,RU,23,6.0,3,288.5,0.112,0.3,True,False,0.951,0.072,3.6825,translation_correction_limit
20261006T052037Z_1833cad2f569,zoned_corridor_w2,RU,23,6.0,4,249.3,0.111,0.3,True,False,0.951,0.072,3.6546,translation_correction_limit
20261006T052037Z_1833cad2f569,zoned_corridor_w2,SU,24,0.0,0,204.5,0.035,0.03,True,True,0.98,0.096,2.5776,
20261006T052037Z_1833cad2f569,zoned_corridor_w2,SU,24,0.5,0,220.6,0.047,1.06,True,True,0.984,0.1,1.6857,
20261006T052037Z_1833cad2f569,zoned_corridor_w2,SU,24,0.5,1,294.4,0.169,1.36,True,True,0.988,0.121,0.898,
20261006T052037Z_1833cad2f569,zoned_corridor_w2,SU,24,0.5,2,61.9,0.082,0.56,True,True,0.984,0.09,2.3674,
20261006T052037Z_1833cad2f569,zoned_corridor_w2,SU,24,0.5,3,8.1,0.034,0.11,True,True,0.98,0.096,1.75,
20261006T052037Z_1833cad2f569,zoned_corridor_w2,SU,24,0.5,4,292.3,0.072,0.59,True,True,0.984,0.09,2.4217,
20261006T052037Z_1833cad2f569,zoned_corridor_w2,SU,24,1.0,0,42.5,0.069,0.6,True,True,0.984,0.09,2.0436,
20261006T052037Z_1833cad2f569,zoned_corridor_w2,SU,24,1.0,1,312.3,0.078,0.52,True,True,0.984,0.09,1.0,
20261006T052037Z_1833cad2f569,zoned_corridor_w2,SU,24,1.0,2,287.7,0.027,0.08,True,True,0.98,0.096,2.1326,
20261006T052037Z_1833cad2f569,zoned_corridor_w2,SU,24,1.0,3,266.4,0.031,0.2,True,True,0.98,0.096,2.3067,
20261006T052037Z_1833cad2f569,zoned_corridor_w2,SU,24,1.0,4,40.1,0.027,0.44,True,True,0.98,0.098,2.5985,
20261006T052037Z_1833cad2f569,zoned_corridor_w2,SU,24,2.0,0,131.7,0.032,0.24,True,True,0.98,0.096,2.0427,
20261006T052037Z_1833cad2f569,zoned_corridor_w2,SU,24,2.0,1,109.8,0.069,0.23,True,True,0.98,0.098,1.6748,
20261006T052037Z_1833cad2f569,zoned_corridor_w2,SU,24,2.0,2,5.8,0.013,0.28,True,True,0.98,0.095,1.8552,
20261006T052037Z_1833cad2f569,zoned_corridor_w2,SU,24,2.0,3,64.2,0.071,0.59,True,True,0.984,0.09,2.6079,
20261006T052037Z_1833cad2f569,zoned_corridor_w2,SU,24,2.0,4,113.2,0.033,0.1,True,True,0.98,0.095,1.869,
20261006T052037Z_1833cad2f569,zoned_corridor_w2,SU,24,4.0,0,11.7,0.032,0.04,True,True,0.98,0.095,2.6774,
20261006T052037Z_1833cad2f569,zoned_corridor_w2,SU,24,4.0,1,244.1,0.027,0.08,True,True,0.98,0.096,3.9787,
20261006T052037Z_1833cad2f569,zoned_corridor_w2,SU,24,4.0,2,124.7,0.037,0.07,True,True,0.98,0.096,2.5349,
20261006T052037Z_1833cad2f569,zoned_corridor_w2,SU,24,4.0,3,271.5,0.072,0.59,True,True,0.984,0.09,1.9774,
20261006T052037Z_1833cad2f569,zoned_corridor_w2,SU,24,4.0,4,319.2,0.072,0.58,True,True,0.984,0.09,2.4908,
20261006T052037Z_1833cad2f569,zoned_corridor_w2,SU,24,6.0,0,321.0,0.082,0.49,True,False,0.984,0.09,1.0,translation_correction_limit
20261006T052037Z_1833cad2f569,zoned_corridor_w2,SU,24,6.0,1,140.2,0.028,0.08,True,False,0.98,0.096,2.2026,translation_correction_limit
20261006T052037Z_1833cad2f569,zoned_corridor_w2,SU,24,6.0,2,316.5,0.076,0.61,True,False,0.984,0.09,2.3638,translation_correction_limit
20261006T052037Z_1833cad2f569,zoned_corridor_w2,SU,24,6.0,3,271.2,0.072,0.58,True,True,0.984,0.09,2.1334,
20261006T052037Z_1833cad2f569,zoned_corridor_w2,SU,24,6.0,4,241.9,0.071,0.59,True,True,0.984,0.09,1.9927,
20261006T052037Z_1833cad2f569,zoned_corridor_w2,RU,30,0.0,0,343.9,0.046,0.03,True,True,0.842,0.114,1.2711,
20261006T052037Z_1833cad2f569,zoned_corridor_w2,RU,30,0.5,0,274.0,0.021,0.22,True,True,0.842,0.114,1.4102,
20261006T052037Z_1833cad2f569,zoned_corridor_w2,RU,30,0.5,1,229.6,0.022,0.31,True,True,0.842,0.115,1.3259,
20261006T052037Z_1833cad2f569,zoned_corridor_w2,RU,30,0.5,2,191.9,0.024,0.2,True,True,0.842,0.114,1.3149,
20261006T052037Z_1833cad2f569,zoned_corridor_w2,RU,30,0.5,3,329.9,0.029,0.13,True,True,0.842,0.114,1.2869,
20261006T052037Z_1833cad2f569,zoned_corridor_w2,RU,30,0.5,4,50.6,0.026,0.18,True,True,0.842,0.114,1.3998,
20261006T052037Z_1833cad2f569,zoned_corridor_w2,RU,30,1.0,0,182.7,0.019,0.24,True,True,0.842,0.115,1.281,
20261006T052037Z_1833cad2f569,zoned_corridor_w2,RU,30,1.0,1,61.9,0.029,0.13,True,True,0.842,0.114,1.3037,
20261006T052037Z_1833cad2f569,zoned_corridor_w2,RU,30,1.0,2,83.3,0.023,0.21,True,True,0.842,0.114,1.3461,
20261006T052037Z_1833cad2f569,zoned_corridor_w2,RU,30,1.0,3,118.2,0.035,0.05,True,True,0.842,0.114,1.2855,
20261006T052037Z_1833cad2f569,zoned_corridor_w2,RU,30,1.0,4,122.5,0.027,0.17,True,True,0.842,0.114,1.2877,
20261006T052037Z_1833cad2f569,zoned_corridor_w2,RU,30,2.0,0,68.3,0.019,0.47,True,True,0.842,0.12,1.1341,
20261006T052037Z_1833cad2f569,zoned_corridor_w2,RU,30,2.0,1,97.5,0.102,0.31,True,True,0.842,0.118,1.2434,
20261006T052037Z_1833cad2f569,zoned_corridor_w2,RU,30,2.0,2,269.2,0.113,0.72,True,True,0.846,0.13,1.1184,
20261006T052037Z_1833cad2f569,zoned_corridor_w2,RU,30,2.0,3,48.8,0.037,0.05,True,True,0.842,0.114,1.3968,
20261006T052037Z_1833cad2f569,zoned_corridor_w2,RU,30,2.0,4,26.8,0.028,0.13,True,True,0.842,0.114,1.0675,
20261006T052037Z_1833cad2f569,zoned_corridor_w2,RU,30,4.0,0,35.1,0.029,0.13,True,True,0.842,0.114,1.383,
20261006T052037Z_1833cad2f569,zoned_corridor_w2,RU,30,4.0,1,76.3,0.027,0.13,True,True,0.842,0.114,1.3142,
20261006T052037Z_1833cad2f569,zoned_corridor_w2,RU,30,4.0,2,166.6,0.015,0.26,True,True,0.842,0.115,1.2858,
20261006T052037Z_1833cad2f569,zoned_corridor_w2,RU,30,4.0,3,206.6,0.029,0.13,True,True,0.842,0.114,1.6231,
20261006T052037Z_1833cad2f569,zoned_corridor_w2,RU,30,4.0,4,336.1,0.028,0.13,True,True,0.842,0.114,1.383,
20261006T052037Z_1833cad2f569,zoned_corridor_w2,RU,30,6.0,0,81.9,0.022,0.21,True,True,0.842,0.114,1.2827,
20261006T052037Z_1833cad2f569,zoned_corridor_w2,RU,30,6.0,1,3.6,0.029,0.13,True,True,0.842,0.114,1.4004,
20261006T052037Z_1833cad2f569,zoned_corridor_w2,RU,30,6.0,2,149.6,0.029,0.11,True,False,0.842,0.114,1.3582,translation_correction_limit
20261006T052037Z_1833cad2f569,zoned_corridor_w2,RU,30,6.0,3,120.6,0.028,0.12,True,True,0.842,0.114,1.039,
20261006T052037Z_1833cad2f569,zoned_corridor_w2,RU,30,6.0,4,20.3,0.106,0.37,True,True,0.844,0.122,0.8074,
20261006T052037Z_1833cad2f569,zoned_corridor_w2,SR,31,0.0,0,150.8,0.001,0.11,True,True,0.944,0.105,2.4597,
20261006T052037Z_1833cad2f569,zoned_corridor_w2,SR,31,0.5,0,280.2,0.002,0.12,True,True,0.944,0.105,2.2085,
20261006T052037Z_1833cad2f569,zoned_corridor_w2,SR,31,0.5,1,74.2,0.001,0.11,True,True,0.944,0.105,2.4494,
20261006T052037Z_1833cad2f569,zoned_corridor_w2,SR,31,0.5,2,43.0,0.0,0.11,True,True,0.944,0.104,2.4117,
20261006T052037Z_1833cad2f569,zoned_corridor_w2,SR,31,0.5,3,281.7,0.002,0.11,True,True,0.944,0.105,2.1339,
20261006T052037Z_1833cad2f569,zoned_corridor_w2,SR,31,0.5,4,24.8,0.048,0.24,True,True,0.944,0.11,2.2138,
20261006T052037Z_1833cad2f569,zoned_corridor_w2,SR,31,1.0,0,107.3,0.002,0.11,True,True,0.944,0.105,2.4598,
20261006T052037Z_1833cad2f569,zoned_corridor_w2,SR,31,1.0,1,202.5,0.001,0.11,True,True,0.944,0.105,1.9416,
20261006T052037Z_1833cad2f569,zoned_corridor_w2,SR,31,1.0,2,142.3,0.003,0.12,True,True,0.944,0.104,2.4464,
20261006T052037Z_1833cad2f569,zoned_corridor_w2,SR,31,1.0,3,72.7,0.0,0.11,True,True,0.944,0.105,2.4474,
20261006T052037Z_1833cad2f569,zoned_corridor_w2,SR,31,1.0,4,98.2,0.0,0.11,True,True,0.944,0.105,1.9533,
20261006T052037Z_1833cad2f569,zoned_corridor_w2,SR,31,2.0,0,258.1,0.0,0.13,True,True,0.944,0.105,2.4436,
20261006T052037Z_1833cad2f569,zoned_corridor_w2,SR,31,2.0,1,334.5,0.008,0.22,True,True,0.944,0.106,2.1151,
20261006T052037Z_1833cad2f569,zoned_corridor_w2,SR,31,2.0,2,152.9,0.001,0.11,True,True,0.944,0.105,2.3684,
20261006T052037Z_1833cad2f569,zoned_corridor_w2,SR,31,2.0,3,111.6,0.001,0.11,True,True,0.944,0.105,2.4474,
20261006T052037Z_1833cad2f569,zoned_corridor_w2,SR,31,2.0,4,42.6,0.001,0.11,True,True,0.944,0.104,2.7847,
20261006T052037Z_1833cad2f569,zoned_corridor_w2,SR,31,4.0,0,256.6,0.008,0.26,True,True,0.944,0.107,1.9968,
20261006T052037Z_1833cad2f569,zoned_corridor_w2,SR,31,4.0,1,295.3,0.001,0.11,True,True,0.944,0.105,2.5072,
20261006T052037Z_1833cad2f569,zoned_corridor_w2,SR,31,4.0,2,51.1,0.001,0.11,True,True,0.944,0.104,2.9543,
20261006T052037Z_1833cad2f569,zoned_corridor_w2,SR,31,4.0,3,137.4,0.007,0.04,True,True,0.944,0.103,2.0221,
20261006T052037Z_1833cad2f569,zoned_corridor_w2,SR,31,4.0,4,206.7,0.001,0.1,True,True,0.944,0.104,2.4608,
20261006T052037Z_1833cad2f569,zoned_corridor_w2,SR,31,6.0,0,7.7,0.006,0.25,True,False,0.944,0.107,2.9451,translation_correction_limit
20261006T052037Z_1833cad2f569,zoned_corridor_w2,SR,31,6.0,1,81.5,0.001,0.11,True,False,0.944,0.105,2.4521,translation_correction_limit
20261006T052037Z_1833cad2f569,zoned_corridor_w2,SR,31,6.0,2,28.4,0.011,0.0,True,True,0.944,0.105,1.7783,
20261006T052037Z_1833cad2f569,zoned_corridor_w2,SR,31,6.0,3,317.1,0.011,0.24,True,False,0.944,0.105,1.703,translation_correction_limit
20261006T052037Z_1833cad2f569,zoned_corridor_w2,SR,31,6.0,4,231.5,0.0,0.11,True,True,0.944,0.105,2.362,
20261006T052037Z_1833cad2f569,zoned_corridor_w2,SR,34,0.0,0,229.2,0.026,0.0,True,True,0.786,0.137,0.4712,
20261006T052037Z_1833cad2f569,zoned_corridor_w2,SR,34,0.5,0,345.5,0.027,0.07,True,True,0.786,0.137,0.4377,
20261006T052037Z_1833cad2f569,zoned_corridor_w2,SR,34,0.5,1,135.4,0.118,0.35,True,True,0.812,0.167,0.4175,
20261006T052037Z_1833cad2f569,zoned_corridor_w2,SR,34,0.5,2,171.5,0.028,0.09,True,True,0.786,0.138,0.5564,
20261006T052037Z_1833cad2f569,zoned_corridor_w2,SR,34,0.5,3,120.8,0.025,0.14,True,True,0.797,0.152,0.6278,
20261006T052037Z_1833cad2f569,zoned_corridor_w2,SR,34,0.5,4,59.6,0.027,0.07,True,True,0.786,0.137,0.656,
20261006T052037Z_1833cad2f569,zoned_corridor_w2,SR,34,1.0,0,301.8,0.026,0.06,True,True,0.786,0.137,0.638,
20261006T052037Z_1833cad2f569,zoned_corridor_w2,SR,34,1.0,1,113.3,0.029,0.06,True,True,0.786,0.138,0.4533,
20261006T052037Z_1833cad2f569,zoned_corridor_w2,SR,34,1.0,2,67.6,0.032,0.0,True,True,0.786,0.139,0.4535,
20261006T052037Z_1833cad2f569,zoned_corridor_w2,SR,34,1.0,3,97.0,0.027,0.07,True,True,0.786,0.137,0.8209,
20261006T052037Z_1833cad2f569,zoned_corridor_w2,SR,34,1.0,4,313.7,0.027,0.07,True,True,0.786,0.137,0.7682,
20261006T052037Z_1833cad2f569,zoned_corridor_w2,SR,34,2.0,0,274.9,0.028,0.06,True,True,0.786,0.138,0.536,
20261006T052037Z_1833cad2f569,zoned_corridor_w2,SR,34,2.0,1,263.4,0.03,0.07,True,True,0.786,0.138,0.4267,
20261006T052037Z_1833cad2f569,zoned_corridor_w2,SR,34,2.0,2,221.5,0.012,0.13,True,True,0.797,0.15,0.5397,
20261006T052037Z_1833cad2f569,zoned_corridor_w2,SR,34,2.0,3,352.4,0.028,0.14,True,True,0.792,0.145,0.6806,
20261006T052037Z_1833cad2f569,zoned_corridor_w2,SR,34,2.0,4,289.7,0.035,0.02,True,True,0.786,0.14,0.4014,
20261006T052037Z_1833cad2f569,zoned_corridor_w2,SR,34,4.0,0,309.9,0.028,0.07,True,True,0.786,0.138,0.4314,
20261006T052037Z_1833cad2f569,zoned_corridor_w2,SR,34,4.0,1,282.3,0.028,0.06,True,True,0.786,0.138,0.4806,
20261006T052037Z_1833cad2f569,zoned_corridor_w2,SR,34,4.0,2,328.9,0.026,0.01,True,True,0.786,0.137,0.6757,
20261006T052037Z_1833cad2f569,zoned_corridor_w2,SR,34,4.0,3,270.1,0.026,0.06,True,True,0.786,0.137,0.5274,
20261006T052037Z_1833cad2f569,zoned_corridor_w2,SR,34,4.0,4,276.3,0.028,0.07,True,True,0.786,0.138,0.8214,
20261006T052037Z_1833cad2f569,zoned_corridor_w2,SR,34,6.0,0,330.0,0.028,0.06,True,True,0.786,0.138,0.5812,
20261006T052037Z_1833cad2f569,zoned_corridor_w2,SR,34,6.0,1,30.3,0.029,0.05,True,True,0.786,0.138,1.0074,
20261006T052037Z_1833cad2f569,zoned_corridor_w2,SR,34,6.0,2,29.7,0.028,0.07,True,True,0.786,0.138,0.9117,
20261006T052037Z_1833cad2f569,zoned_corridor_w2,SR,34,6.0,3,176.3,0.2,0.37,True,True,0.818,0.182,0.5268,
20261006T052037Z_1833cad2f569,zoned_corridor_w2,SR,34,6.0,4,121.5,0.028,0.07,True,True,0.786,0.138,0.4161,
20261006T052037Z_1833cad2f569,zoned_corridor_w2,SU,35,0.0,0,145.6,0.079,0.01,True,True,0.927,0.111,1.8489,
20261006T052037Z_1833cad2f569,zoned_corridor_w2,SU,35,0.5,0,122.5,0.135,0.38,True,True,0.93,0.117,2.6185,
20261006T052037Z_1833cad2f569,zoned_corridor_w2,SU,35,0.5,1,111.6,0.128,0.39,True,True,0.93,0.117,2.1187,
20261006T052037Z_1833cad2f569,zoned_corridor_w2,SU,35,0.5,2,104.2,0.137,0.45,True,True,0.93,0.118,2.1319,
20261006T052037Z_1833cad2f569,zoned_corridor_w2,SU,35,0.5,3,21.3,0.046,0.32,True,True,0.927,0.108,1.1471,
20261006T052037Z_1833cad2f569,zoned_corridor_w2,SU,35,0.5,4,139.7,0.134,0.33,True,True,0.93,0.117,1.0,
20261006T052037Z_1833cad2f569,zoned_corridor_w2,SU,35,1.0,0,296.7,0.037,0.53,True,True,0.927,0.108,2.0624,
20261006T052037Z_1833cad2f569,zoned_corridor_w2,SU,35,1.0,1,84.9,0.133,0.39,True,True,0.93,0.117,1.6448,
20261006T052037Z_1833cad2f569,zoned_corridor_w2,SU,35,1.0,2,301.7,0.129,0.53,True,True,0.93,0.118,1.2177,
20261006T052037Z_1833cad2f569,zoned_corridor_w2,SU,35,1.0,3,329.2,0.131,0.51,True,True,0.93,0.118,1.088,
20261006T052037Z_1833cad2f569,zoned_corridor_w2,SU,35,1.0,4,105.7,0.124,0.64,True,True,0.93,0.119,1.0096,
20261006T052037Z_1833cad2f569,zoned_corridor_w2,SU,35,2.0,0,153.1,0.134,0.39,True,True,0.93,0.117,1.4524,
20261006T052037Z_1833cad2f569,zoned_corridor_w2,SU,35,2.0,1,44.1,0.043,1.48,True,True,0.93,0.14,0.4941,
20261006T052037Z_1833cad2f569,zoned_corridor_w2,SU,35,2.0,2,208.2,0.047,0.32,True,True,0.927,0.108,1.1121,
20261006T052037Z_1833cad2f569,zoned_corridor_w2,SU,35,2.0,3,136.1,0.139,0.23,True,True,0.93,0.117,1.4909,
20261006T052037Z_1833cad2f569,zoned_corridor_w2,SU,35,2.0,4,20.3,0.135,0.36,True,True,0.93,0.117,2.2952,
20261006T052037Z_1833cad2f569,zoned_corridor_w2,SU,35,4.0,0,233.4,0.133,0.35,True,True,0.93,0.117,1.0522,
20261006T052037Z_1833cad2f569,zoned_corridor_w2,SU,35,4.0,1,200.7,0.065,0.16,True,True,0.927,0.109,1.0,
20261006T052037Z_1833cad2f569,zoned_corridor_w2,SU,35,4.0,2,345.1,0.134,0.51,True,True,0.93,0.118,1.3754,
20261006T052037Z_1833cad2f569,zoned_corridor_w2,SU,35,4.0,3,138.2,0.134,0.41,True,True,0.93,0.117,1.192,
20261006T052037Z_1833cad2f569,zoned_corridor_w2,SU,35,4.0,4,31.2,0.144,0.38,True,True,0.927,0.113,1.6336,
20261006T052037Z_1833cad2f569,zoned_corridor_w2,SU,35,6.0,0,195.3,0.16,2.22,True,False,0.92,0.149,0.0916,translation_correction_limit
20261006T052037Z_1833cad2f569,zoned_corridor_w2,SU,35,6.0,1,51.3,0.132,0.39,True,False,0.93,0.117,1.3559,translation_correction_limit
20261006T052037Z_1833cad2f569,zoned_corridor_w2,SU,35,6.0,2,0.7,0.139,0.26,True,True,0.93,0.117,1.5723,
20261006T052037Z_1833cad2f569,zoned_corridor_w2,SU,35,6.0,3,173.2,0.05,0.22,True,True,0.927,0.108,1.6439,
20261006T052037Z_1833cad2f569,zoned_corridor_w2,SU,35,6.0,4,290.2,0.131,0.39,True,True,0.93,0.117,1.94,
20261006T052037Z_1833cad2f569,zoned_corridor_w2,SR,40,0.0,0,344.3,0.14,0.53,True,True,0.929,0.119,1.0568,
20261006T052037Z_1833cad2f569,zoned_corridor_w2,SR,40,0.5,0,114.2,0.126,0.11,True,True,0.929,0.132,1.3428,
20261006T052037Z_1833cad2f569,zoned_corridor_w2,SR,40,0.5,1,62.2,0.141,0.53,True,True,0.929,0.119,1.5392,
20261006T052037Z_1833cad2f569,zoned_corridor_w2,SR,40,0.5,2,318.2,0.154,0.43,True,True,0.929,0.12,1.3031,
20261006T052037Z_1833cad2f569,zoned_corridor_w2,SR,40,0.5,3,217.3,0.141,0.53,True,True,0.929,0.119,1.2991,
20261006T052037Z_1833cad2f569,zoned_corridor_w2,SR,40,0.5,4,266.0,0.139,0.56,True,True,0.929,0.119,1.8348,
20261006T052037Z_1833cad2f569,zoned_corridor_w2,SR,40,1.0,0,318.5,0.09,0.11,True,True,0.929,0.123,1.3272,
20261006T052037Z_1833cad2f569,zoned_corridor_w2,SR,40,1.0,1,55.9,0.142,0.54,True,True,0.929,0.119,1.3272,
20261006T052037Z_1833cad2f569,zoned_corridor_w2,SR,40,1.0,2,198.8,0.14,0.53,True,True,0.929,0.119,1.5677,
20261006T052037Z_1833cad2f569,zoned_corridor_w2,SR,40,1.0,3,254.0,0.144,0.55,True,True,0.929,0.119,1.3084,
20261006T052037Z_1833cad2f569,zoned_corridor_w2,SR,40,1.0,4,135.6,0.141,0.53,True,True,0.929,0.119,1.1831,
20261006T052037Z_1833cad2f569,zoned_corridor_w2,SR,40,2.0,0,46.9,0.14,0.54,True,True,0.929,0.119,1.5665,
20261006T052037Z_1833cad2f569,zoned_corridor_w2,SR,40,2.0,1,226.0,0.143,0.55,True,True,0.929,0.119,1.3151,
20261006T052037Z_1833cad2f569,zoned_corridor_w2,SR,40,2.0,2,43.9,0.161,0.81,True,True,0.929,0.125,0.8289,
20261006T052037Z_1833cad2f569,zoned_corridor_w2,SR,40,2.0,3,165.5,0.146,0.75,True,True,0.929,0.122,1.5456,
20261006T052037Z_1833cad2f569,zoned_corridor_w2,SR,40,2.0,4,293.6,0.139,0.52,True,True,0.929,0.119,1.6728,
20261006T052037Z_1833cad2f569,zoned_corridor_w2,SR,40,4.0,0,23.4,0.142,0.56,True,True,0.929,0.119,1.2013,
20261006T052037Z_1833cad2f569,zoned_corridor_w2,SR,40,4.0,1,235.2,0.14,0.53,True,True,0.929,0.119,1.4611,
20261006T052037Z_1833cad2f569,zoned_corridor_w2,SR,40,4.0,2,84.6,0.144,0.54,True,True,0.929,0.119,1.9391,
20261006T052037Z_1833cad2f569,zoned_corridor_w2,SR,40,4.0,3,272.3,0.145,0.49,True,True,0.934,0.127,1.3041,
20261006T052037Z_1833cad2f569,zoned_corridor_w2,SR,40,4.0,4,300.9,0.143,0.58,True,True,0.929,0.12,1.7556,
20261006T052037Z_1833cad2f569,zoned_corridor_w2,SR,40,6.0,0,128.1,0.141,0.57,True,False,0.929,0.12,1.3091,translation_correction_limit
20261006T052037Z_1833cad2f569,zoned_corridor_w2,SR,40,6.0,1,100.1,0.158,0.02,True,False,0.929,0.124,1.3392,translation_correction_limit
20261006T052037Z_1833cad2f569,zoned_corridor_w2,SR,40,6.0,2,108.8,0.141,0.53,True,False,0.929,0.119,1.7843,translation_correction_limit
20261006T052037Z_1833cad2f569,zoned_corridor_w2,SR,40,6.0,3,24.0,0.143,0.55,True,False,0.929,0.119,1.1553,translation_correction_limit
20261006T052037Z_1833cad2f569,zoned_corridor_w2,SR,40,6.0,4,125.5,0.142,0.55,True,False,0.929,0.119,1.0148,translation_correction_limit
20261006T052037Z_1833cad2f569,zoned_corridor_w2,SU,45,0.0,0,80.6,0.006,0.51,True,True,0.857,0.095,2.0042,
20261006T052037Z_1833cad2f569,zoned_corridor_w2,SU,45,0.5,0,70.0,0.007,0.51,True,True,0.857,0.095,2.2604,
20261006T052037Z_1833cad2f569,zoned_corridor_w2,SU,45,0.5,1,243.9,0.007,0.54,True,True,0.857,0.095,2.2891,
20261006T052037Z_1833cad2f569,zoned_corridor_w2,SU,45,0.5,2,172.2,0.007,0.51,True,True,0.857,0.095,2.0211,
20261006T052037Z_1833cad2f569,zoned_corridor_w2,SU,45,0.5,3,359.4,0.079,0.09,True,True,0.852,0.098,1.9344,
20261006T052037Z_1833cad2f569,zoned_corridor_w2,SU,45,0.5,4,154.0,0.006,0.52,True,True,0.857,0.094,1.4575,
20261006T052037Z_1833cad2f569,zoned_corridor_w2,SU,45,1.0,0,126.0,0.005,0.54,True,True,0.857,0.095,2.0043,
20261006T052037Z_1833cad2f569,zoned_corridor_w2,SU,45,1.0,1,323.4,0.008,0.51,True,True,0.857,0.095,1.5651,
20261006T052037Z_1833cad2f569,zoned_corridor_w2,SU,45,1.0,2,155.4,0.089,0.02,True,True,0.852,0.098,2.2156,
20261006T052037Z_1833cad2f569,zoned_corridor_w2,SU,45,1.0,3,293.0,0.086,0.01,True,True,0.852,0.096,1.9653,
20261006T052037Z_1833cad2f569,zoned_corridor_w2,SU,45,1.0,4,289.0,0.008,0.5,True,True,0.857,0.095,1.9997,
20261006T052037Z_1833cad2f569,zoned_corridor_w2,SU,45,2.0,0,295.8,0.007,0.5,True,True,0.857,0.095,2.0852,
20261006T052037Z_1833cad2f569,zoned_corridor_w2,SU,45,2.0,1,195.1,0.089,0.05,True,True,0.852,0.095,1.657,
20261006T052037Z_1833cad2f569,zoned_corridor_w2,SU,45,2.0,2,4.1,0.008,0.51,True,True,0.857,0.095,1.8079,
20261006T052037Z_1833cad2f569,zoned_corridor_w2,SU,45,2.0,3,155.2,0.087,0.0,True,True,0.852,0.096,1.8333,
20261006T052037Z_1833cad2f569,zoned_corridor_w2,SU,45,2.0,4,333.9,0.007,0.65,True,True,0.861,0.105,1.6219,
20261006T052037Z_1833cad2f569,zoned_corridor_w2,SU,45,4.0,0,213.5,0.086,0.01,True,True,0.852,0.096,2.0086,
20261006T052037Z_1833cad2f569,zoned_corridor_w2,SU,45,4.0,1,330.5,0.008,0.51,True,True,0.857,0.095,2.0012,
20261006T052037Z_1833cad2f569,zoned_corridor_w2,SU,45,4.0,2,80.6,0.007,0.5,True,True,0.857,0.095,2.01,
20261006T052037Z_1833cad2f569,zoned_corridor_w2,SU,45,4.0,3,107.2,0.01,0.47,True,True,0.857,0.095,2.0058,
20261006T052037Z_1833cad2f569,zoned_corridor_w2,SU,45,4.0,4,97.0,0.01,0.47,True,True,0.857,0.095,1.9957,
20261006T052037Z_1833cad2f569,zoned_corridor_w2,SU,45,6.0,0,356.8,0.005,0.58,True,False,0.857,0.094,1.8743,translation_correction_limit
20261006T052037Z_1833cad2f569,zoned_corridor_w2,SU,45,6.0,1,358.7,0.008,0.51,True,True,0.857,0.095,1.6358,
20261006T052037Z_1833cad2f569,zoned_corridor_w2,SU,45,6.0,2,231.8,0.012,0.39,True,False,0.857,0.096,2.2384,translation_correction_limit
20261006T052037Z_1833cad2f569,zoned_corridor_w2,SU,45,6.0,3,32.8,0.087,0.07,True,False,0.857,0.103,1.6622,translation_correction_limit
20261006T052037Z_1833cad2f569,zoned_corridor_w2,SU,45,6.0,4,48.3,0.009,0.49,True,False,0.857,0.095,2.2632,translation_correction_limit
20261006T052037Z_1833cad2f569,zoned_corridor_w2,SR,46,0.0,0,303.4,0.084,0.0,True,True,0.915,0.072,2.5182,
20261006T052037Z_1833cad2f569,zoned_corridor_w2,SR,46,0.5,0,33.7,0.089,0.11,True,True,0.915,0.072,1.5857,
20261006T052037Z_1833cad2f569,zoned_corridor_w2,SR,46,0.5,1,346.2,0.087,0.02,True,True,0.915,0.072,2.761,
20261006T052037Z_1833cad2f569,zoned_corridor_w2,SR,46,0.5,2,323.6,0.086,0.01,True,True,0.915,0.072,1.5695,
20261006T052037Z_1833cad2f569,zoned_corridor_w2,SR,46,0.5,3,112.7,0.087,0.02,True,True,0.915,0.072,1.4578,
20261006T052037Z_1833cad2f569,zoned_corridor_w2,SR,46,0.5,4,74.8,0.086,0.1,True,True,0.915,0.072,1.9716,
20261006T052037Z_1833cad2f569,zoned_corridor_w2,SR,46,1.0,0,30.9,0.085,0.13,True,True,0.915,0.073,1.9146,
20261006T052037Z_1833cad2f569,zoned_corridor_w2,SR,46,1.0,1,287.9,0.086,0.02,True,True,0.915,0.072,1.9299,
20261006T052037Z_1833cad2f569,zoned_corridor_w2,SR,46,1.0,2,127.5,0.086,0.01,True,True,0.915,0.072,1.6998,
20261006T052037Z_1833cad2f569,zoned_corridor_w2,SR,46,1.0,3,322.8,0.086,0.02,True,True,0.915,0.072,1.6241,
20261006T052037Z_1833cad2f569,zoned_corridor_w2,SR,46,1.0,4,21.4,0.086,0.01,True,True,0.915,0.072,1.246,
20261006T052037Z_1833cad2f569,zoned_corridor_w2,SR,46,2.0,0,338.8,0.086,0.01,True,True,0.915,0.072,1.6097,
20261006T052037Z_1833cad2f569,zoned_corridor_w2,SR,46,2.0,1,255.1,0.086,0.02,True,True,0.915,0.072,2.7599,
20261006T052037Z_1833cad2f569,zoned_corridor_w2,SR,46,2.0,2,108.2,0.089,0.16,True,True,0.915,0.073,1.6122,
20261006T052037Z_1833cad2f569,zoned_corridor_w2,SR,46,2.0,3,125.5,0.086,0.06,True,True,0.915,0.072,2.4841,
20261006T052037Z_1833cad2f569,zoned_corridor_w2,SR,46,2.0,4,234.1,0.085,0.01,True,True,0.915,0.072,1.3727,
20261006T052037Z_1833cad2f569,zoned_corridor_w2,SR,46,4.0,0,330.9,0.086,0.01,True,True,0.915,0.072,1.898,
20261006T052037Z_1833cad2f569,zoned_corridor_w2,SR,46,4.0,1,36.1,0.088,0.13,True,True,0.915,0.072,1.803,
20261006T052037Z_1833cad2f569,zoned_corridor_w2,SR,46,4.0,2,128.3,0.086,0.02,True,True,0.915,0.072,1.5785,
20261006T052037Z_1833cad2f569,zoned_corridor_w2,SR,46,4.0,3,337.9,0.086,0.02,True,True,0.915,0.072,1.532,
20261006T052037Z_1833cad2f569,zoned_corridor_w2,SR,46,4.0,4,350.9,0.087,0.02,True,True,0.915,0.072,1.497,
20261006T052037Z_1833cad2f569,zoned_corridor_w2,SR,46,6.0,0,320.1,0.087,0.03,True,True,0.915,0.072,1.3368,
20261006T052037Z_1833cad2f569,zoned_corridor_w2,SR,46,6.0,1,306.1,0.086,0.02,True,True,0.915,0.072,1.8707,
20261006T052037Z_1833cad2f569,zoned_corridor_w2,SR,46,6.0,2,18.7,0.086,0.02,True,False,0.915,0.072,1.5911,translation_correction_limit
20261006T052037Z_1833cad2f569,zoned_corridor_w2,SR,46,6.0,3,78.4,0.088,0.02,True,False,0.915,0.072,2.0286,translation_correction_limit
20261006T052037Z_1833cad2f569,zoned_corridor_w2,SR,46,6.0,4,97.9,0.071,0.34,True,False,0.915,0.076,2.0915,translation_correction_limit
20261006T052037Z_1833cad2f569,zoned_corridor_w2,SR,51,0.0,0,134.1,0.023,0.21,True,True,0.447,0.153,0.0705,
20261006T052037Z_1833cad2f569,zoned_corridor_w2,SR,51,0.5,0,134.7,0.034,0.25,True,True,0.447,0.151,0.0722,
20261006T052037Z_1833cad2f569,zoned_corridor_w2,SR,51,0.5,1,341.4,0.042,0.28,True,True,0.447,0.15,0.0713,
20261006T052037Z_1833cad2f569,zoned_corridor_w2,SR,51,0.5,2,286.2,0.089,0.53,True,True,0.452,0.157,0.085,
20261006T052037Z_1833cad2f569,zoned_corridor_w2,SR,51,0.5,3,301.0,0.09,0.49,True,True,0.452,0.157,0.0823,
20261006T052037Z_1833cad2f569,zoned_corridor_w2,SR,51,0.5,4,245.4,0.045,0.27,True,True,0.447,0.149,0.0713,
20261006T052037Z_1833cad2f569,zoned_corridor_w2,SR,51,1.0,0,54.8,0.036,0.27,True,True,0.447,0.15,0.0713,
20261006T052037Z_1833cad2f569,zoned_corridor_w2,SR,51,1.0,1,99.4,0.091,0.45,True,True,0.452,0.157,0.0711,
20261006T052037Z_1833cad2f569,zoned_corridor_w2,SR,51,1.0,2,185.2,0.088,0.49,True,True,0.452,0.157,0.0734,
20261006T052037Z_1833cad2f569,zoned_corridor_w2,SR,51,1.0,3,291.6,0.037,0.26,True,True,0.447,0.15,0.0925,
20261006T052037Z_1833cad2f569,zoned_corridor_w2,SR,51,1.0,4,152.6,0.043,0.28,True,True,0.447,0.15,0.0823,
20261006T052037Z_1833cad2f569,zoned_corridor_w2,SR,51,2.0,0,239.5,0.044,0.37,True,True,0.447,0.149,0.0746,
20261006T052037Z_1833cad2f569,zoned_corridor_w2,SR,51,2.0,1,274.1,0.028,0.01,True,True,0.447,0.154,0.0703,
20261006T052037Z_1833cad2f569,zoned_corridor_w2,SR,51,2.0,2,355.7,0.045,0.27,True,True,0.447,0.149,0.0715,
20261006T052037Z_1833cad2f569,zoned_corridor_w2,SR,51,2.0,3,264.2,0.091,0.51,True,True,0.452,0.156,0.0712,
20261006T052037Z_1833cad2f569,zoned_corridor_w2,SR,51,2.0,4,242.9,0.108,0.66,True,True,0.452,0.154,0.0723,
20261006T052037Z_1833cad2f569,zoned_corridor_w2,SR,51,4.0,0,35.2,0.042,0.26,True,True,0.447,0.15,0.0713,
20261006T052037Z_1833cad2f569,zoned_corridor_w2,SR,51,4.0,1,238.4,0.089,0.49,True,True,0.452,0.157,0.244,
20261006T052037Z_1833cad2f569,zoned_corridor_w2,SR,51,4.0,2,19.7,0.084,0.45,True,True,0.452,0.157,0.0714,
20261006T052037Z_1833cad2f569,zoned_corridor_w2,SR,51,4.0,3,334.7,0.044,0.27,True,True,0.447,0.15,0.0713,
20261006T052037Z_1833cad2f569,zoned_corridor_w2,SR,51,4.0,4,31.4,0.071,0.46,True,True,0.452,0.159,0.0854,
20261006T052037Z_1833cad2f569,zoned_corridor_w2,SR,51,6.0,0,67.1,0.044,0.27,True,True,0.447,0.15,0.0713,
20261006T052037Z_1833cad2f569,zoned_corridor_w2,SR,51,6.0,1,67.3,0.084,0.45,True,True,0.452,0.158,0.0836,
20261006T052037Z_1833cad2f569,zoned_corridor_w2,SR,51,6.0,2,79.3,0.091,0.54,True,True,0.452,0.156,0.0722,
20261006T052037Z_1833cad2f569,zoned_corridor_w2,SR,51,6.0,3,82.0,0.087,0.51,True,True,0.452,0.157,0.0713,
20261006T052037Z_1833cad2f569,zoned_corridor_w2,SR,51,6.0,4,52.4,0.089,0.53,True,True,0.452,0.156,0.0715,
20261006T052037Z_1833cad2f569,zoned_corridor_w2,SU,59,0.0,0,70.5,0.089,0.34,True,True,0.376,0.165,0.1714,
20261006T052037Z_1833cad2f569,zoned_corridor_w2,SU,59,0.5,0,97.0,0.086,0.42,True,True,0.376,0.165,0.1751,
20261006T052037Z_1833cad2f569,zoned_corridor_w2,SU,59,0.5,1,192.6,0.085,0.46,True,True,0.376,0.166,0.1359,
20261006T052037Z_1833cad2f569,zoned_corridor_w2,SU,59,0.5,2,347.0,0.088,0.39,True,True,0.376,0.165,0.1525,
20261006T052037Z_1833cad2f569,zoned_corridor_w2,SU,59,0.5,3,162.8,0.085,0.54,True,True,0.376,0.167,0.2232,
20261006T052037Z_1833cad2f569,zoned_corridor_w2,SU,59,0.5,4,46.6,0.088,0.33,True,True,0.376,0.165,0.1523,
20261006T052037Z_1833cad2f569,zoned_corridor_w2,SU,59,1.0,0,64.1,0.087,0.4,True,True,0.376,0.165,0.1184,
20261006T052037Z_1833cad2f569,zoned_corridor_w2,SU,59,1.0,1,187.5,0.084,0.35,True,True,0.376,0.165,0.241,
20261006T052037Z_1833cad2f569,zoned_corridor_w2,SU,59,1.0,2,112.7,0.089,0.35,True,True,0.376,0.165,0.2425,
20261006T052037Z_1833cad2f569,zoned_corridor_w2,SU,59,1.0,3,19.3,0.084,0.45,True,True,0.376,0.166,0.1549,
20261006T052037Z_1833cad2f569,zoned_corridor_w2,SU,59,1.0,4,188.0,0.088,0.32,True,True,0.376,0.164,0.2156,
20261006T052037Z_1833cad2f569,zoned_corridor_w2,SU,59,2.0,0,96.8,0.087,0.4,True,True,0.376,0.165,0.1101,
20261006T052037Z_1833cad2f569,zoned_corridor_w2,SU,59,2.0,1,126.1,0.086,0.4,True,True,0.376,0.165,0.2241,
20261006T052037Z_1833cad2f569,zoned_corridor_w2,SU,59,2.0,2,254.8,0.088,0.34,True,True,0.376,0.165,0.2252,
20261006T052037Z_1833cad2f569,zoned_corridor_w2,SU,59,2.0,3,239.0,0.082,0.28,True,True,0.376,0.164,0.2226,
20261006T052037Z_1833cad2f569,zoned_corridor_w2,SU,59,2.0,4,292.5,0.089,0.43,True,True,0.376,0.166,0.1746,
20261006T052037Z_1833cad2f569,zoned_corridor_w2,SU,59,4.0,0,27.5,0.116,0.54,True,True,0.376,0.162,0.0365,
20261006T052037Z_1833cad2f569,zoned_corridor_w2,SU,59,4.0,1,311.6,0.088,0.34,True,True,0.376,0.165,0.0941,
20261006T052037Z_1833cad2f569,zoned_corridor_w2,SU,59,4.0,2,17.7,0.089,0.36,True,True,0.376,0.165,0.0231,
20261006T052037Z_1833cad2f569,zoned_corridor_w2,SU,59,4.0,3,134.0,0.087,0.42,True,True,0.376,0.165,0.2241,
20261006T052037Z_1833cad2f569,zoned_corridor_w2,SU,59,4.0,4,221.2,0.088,0.38,True,True,0.376,0.165,0.2109,
20261006T052037Z_1833cad2f569,zoned_corridor_w2,SU,59,6.0,0,181.6,0.022,0.1,True,True,0.376,0.174,0.2256,
20261006T052037Z_1833cad2f569,zoned_corridor_w2,SU,59,6.0,1,67.3,0.086,0.41,True,True,0.376,0.165,0.183,
20261006T052037Z_1833cad2f569,zoned_corridor_w2,SU,59,6.0,2,162.8,0.089,0.38,True,False,0.376,0.165,0.1135,translation_correction_limit
20261006T052037Z_1833cad2f569,zoned_corridor_w2,SU,59,6.0,3,107.5,0.084,0.42,True,False,0.376,0.165,0.193,translation_correction_limit
20261006T052037Z_1833cad2f569,zoned_corridor_w2,SU,59,6.0,4,298.2,0.086,0.33,True,True,0.376,0.164,0.0998,
20261006T053001Z_f1fd6a472c02,zoned_corridor_w2,RR,0,0.0,0,37.8,0.043,0.41,True,True,0.966,0.069,1.327,
20261006T053001Z_f1fd6a472c02,zoned_corridor_w2,RR,0,0.5,0,111.9,0.054,0.28,True,True,0.966,0.067,1.3739,
20261006T053001Z_f1fd6a472c02,zoned_corridor_w2,RR,0,0.5,1,355.6,0.048,0.33,True,True,0.966,0.067,1.5617,
20261006T053001Z_f1fd6a472c02,zoned_corridor_w2,RR,0,0.5,2,278.0,0.062,0.25,True,True,0.966,0.079,1.2644,
20261006T053001Z_f1fd6a472c02,zoned_corridor_w2,RR,0,0.5,3,285.6,0.043,0.37,True,True,0.966,0.068,1.4555,
20261006T053001Z_f1fd6a472c02,zoned_corridor_w2,RR,0,0.5,4,149.3,0.048,0.34,True,True,0.966,0.067,1.3726,
20261006T053001Z_f1fd6a472c02,zoned_corridor_w2,RR,0,1.0,0,133.4,0.043,0.36,True,True,0.966,0.068,1.4055,
20261006T053001Z_f1fd6a472c02,zoned_corridor_w2,RR,0,1.0,1,339.1,0.053,0.28,True,True,0.966,0.067,1.4155,
20261006T053001Z_f1fd6a472c02,zoned_corridor_w2,RR,0,1.0,2,166.8,0.058,0.24,True,True,0.966,0.067,1.3654,
20261006T053001Z_f1fd6a472c02,zoned_corridor_w2,RR,0,1.0,3,309.3,0.058,0.18,True,True,0.966,0.067,1.3852,
20261006T053001Z_f1fd6a472c02,zoned_corridor_w2,RR,0,1.0,4,97.5,0.047,0.35,True,True,0.966,0.067,1.3722,
20261006T053001Z_f1fd6a472c02,zoned_corridor_w2,RR,0,2.0,0,253.6,0.086,0.04,True,True,0.966,0.073,1.263,
20261006T053001Z_f1fd6a472c02,zoned_corridor_w2,RR,0,2.0,1,110.0,0.05,0.31,True,True,0.966,0.067,1.3914,
20261006T053001Z_f1fd6a472c02,zoned_corridor_w2,RR,0,2.0,2,59.9,0.041,0.39,True,True,0.966,0.068,1.3468,
20261006T053001Z_f1fd6a472c02,zoned_corridor_w2,RR,0,2.0,3,327.1,0.049,0.31,True,True,0.966,0.067,1.3946,
20261006T053001Z_f1fd6a472c02,zoned_corridor_w2,RR,0,2.0,4,288.4,0.058,0.19,True,True,0.966,0.068,1.4336,
20261006T053001Z_f1fd6a472c02,zoned_corridor_w2,RR,0,4.0,0,198.2,0.082,0.07,True,True,0.966,0.071,1.2883,
20261006T053001Z_f1fd6a472c02,zoned_corridor_w2,RR,0,4.0,1,71.3,0.064,0.23,True,True,0.966,0.079,1.252,
20261006T053001Z_f1fd6a472c02,zoned_corridor_w2,RR,0,4.0,2,104.4,0.054,0.25,True,True,0.966,0.067,1.384,
20261006T053001Z_f1fd6a472c02,zoned_corridor_w2,RR,0,4.0,3,290.7,0.044,0.37,True,True,0.966,0.067,1.3598,
20261006T053001Z_f1fd6a472c02,zoned_corridor_w2,RR,0,4.0,4,12.3,0.05,0.31,True,True,0.966,0.067,2.378,
20261006T053001Z_f1fd6a472c02,zoned_corridor_w2,RR,0,6.0,0,130.7,0.049,0.31,True,True,0.966,0.067,1.3791,
20261006T053001Z_f1fd6a472c02,zoned_corridor_w2,RR,0,6.0,1,41.1,0.062,0.25,True,True,0.966,0.079,2.1034,
20261006T053001Z_f1fd6a472c02,zoned_corridor_w2,RR,0,6.0,2,233.3,0.052,0.32,True,True,0.966,0.067,1.3837,
20261006T053001Z_f1fd6a472c02,zoned_corridor_w2,RR,0,6.0,3,193.2,0.052,0.32,True,True,0.966,0.067,1.7,
20261006T053001Z_f1fd6a472c02,zoned_corridor_w2,RR,0,6.0,4,340.6,0.077,0.1,True,False,0.966,0.07,2.2181,translation_correction_limit
20261006T053001Z_f1fd6a472c02,zoned_corridor_w2,RR,1,0.0,0,264.6,0.199,0.66,True,True,0.952,0.086,0.7941,
20261006T053001Z_f1fd6a472c02,zoned_corridor_w2,RR,1,0.5,0,178.1,0.288,1.45,True,True,0.955,0.096,0.5996,
20261006T053001Z_f1fd6a472c02,zoned_corridor_w2,RR,1,0.5,1,187.1,0.185,0.64,True,True,0.952,0.083,0.7626,
20261006T053001Z_f1fd6a472c02,zoned_corridor_w2,RR,1,0.5,2,301.6,0.192,0.73,True,True,0.952,0.086,0.7427,
20261006T053001Z_f1fd6a472c02,zoned_corridor_w2,RR,1,0.5,3,57.4,0.293,1.37,True,True,0.955,0.095,0.6607,
20261006T053001Z_f1fd6a472c02,zoned_corridor_w2,RR,1,0.5,4,346.2,0.194,0.75,True,True,0.952,0.086,0.7417,
20261006T053001Z_f1fd6a472c02,zoned_corridor_w2,RR,1,1.0,0,258.3,0.083,0.07,True,True,0.948,0.097,0.7022,
20261006T053001Z_f1fd6a472c02,zoned_corridor_w2,RR,1,1.0,1,3.0,0.185,0.66,True,True,0.952,0.083,0.7517,
20261006T053001Z_f1fd6a472c02,zoned_corridor_w2,RR,1,1.0,2,108.4,0.184,0.65,True,True,0.952,0.083,0.7443,
20261006T053001Z_f1fd6a472c02,zoned_corridor_w2,RR,1,1.0,3,41.9,0.284,1.35,True,True,0.953,0.092,0.63,
20261006T053001Z_f1fd6a472c02,zoned_corridor_w2,RR,1,1.0,4,211.0,0.194,0.5,True,True,0.952,0.084,0.707,
20261006T053001Z_f1fd6a472c02,zoned_corridor_w2,RR,1,2.0,0,58.1,0.198,0.65,True,True,0.952,0.086,0.7576,
20261006T053001Z_f1fd6a472c02,zoned_corridor_w2,RR,1,2.0,1,211.5,0.188,0.55,True,True,0.952,0.083,0.7293,
20261006T053001Z_f1fd6a472c02,zoned_corridor_w2,RR,1,2.0,2,83.1,0.293,1.37,True,True,0.955,0.095,0.5908,
20261006T053001Z_f1fd6a472c02,zoned_corridor_w2,RR,1,2.0,3,41.8,0.293,1.52,True,True,0.955,0.098,0.5715,
20261006T053001Z_f1fd6a472c02,zoned_corridor_w2,RR,1,2.0,4,157.7,0.195,0.71,True,True,0.952,0.085,0.7755,
20261006T053001Z_f1fd6a472c02,zoned_corridor_w2,RR,1,4.0,0,299.5,0.29,1.42,True,True,0.955,0.095,0.7559,
20261006T053001Z_f1fd6a472c02,zoned_corridor_w2,RR,1,4.0,1,73.3,0.196,0.67,True,True,0.952,0.085,0.7638,
20261006T053001Z_f1fd6a472c02,zoned_corridor_w2,RR,1,4.0,2,127.9,0.182,0.62,True,True,0.952,0.083,0.7377,
20261006T053001Z_f1fd6a472c02,zoned_corridor_w2,RR,1,4.0,3,113.3,0.417,1.97,True,True,0.957,0.124,0.2883,
20261006T053001Z_f1fd6a472c02,zoned_corridor_w2,RR,1,4.0,4,18.2,0.202,0.58,True,True,0.952,0.086,1.5511,
20261006T053001Z_f1fd6a472c02,zoned_corridor_w2,RR,1,6.0,0,314.4,0.183,0.64,True,False,0.952,0.083,1.5397,translation_correction_limit
20261006T053001Z_f1fd6a472c02,zoned_corridor_w2,RR,1,6.0,1,213.9,0.197,0.65,True,True,0.952,0.085,0.7523,
20261006T053001Z_f1fd6a472c02,zoned_corridor_w2,RR,1,6.0,2,222.1,0.185,0.65,True,True,0.952,0.083,0.768,
20261006T053001Z_f1fd6a472c02,zoned_corridor_w2,RR,1,6.0,3,103.4,0.184,0.65,True,True,0.952,0.083,0.8972,
20261006T053001Z_f1fd6a472c02,zoned_corridor_w2,RR,1,6.0,4,140.7,0.194,0.47,True,True,0.952,0.085,0.6979,
20261006T053001Z_f1fd6a472c02,zoned_corridor_w2,RU,4,0.0,0,200.6,0.024,0.34,True,True,0.966,0.065,4.7337,
20261006T053001Z_f1fd6a472c02,zoned_corridor_w2,RU,4,0.5,0,26.3,0.024,0.32,True,True,0.966,0.065,3.1033,
20261006T053001Z_f1fd6a472c02,zoned_corridor_w2,RU,4,0.5,1,188.8,0.023,0.32,True,True,0.966,0.065,4.6131,
20261006T053001Z_f1fd6a472c02,zoned_corridor_w2,RU,4,0.5,2,341.4,0.024,0.29,True,True,0.966,0.065,3.835,
20261006T053001Z_f1fd6a472c02,zoned_corridor_w2,RU,4,0.5,3,213.3,0.023,0.32,True,True,0.966,0.065,4.8651,
20261006T053001Z_f1fd6a472c02,zoned_corridor_w2,RU,4,0.5,4,54.0,0.022,0.31,True,True,0.966,0.065,3.4175,
20261006T053001Z_f1fd6a472c02,zoned_corridor_w2,RU,4,1.0,0,246.4,0.025,0.32,True,True,0.966,0.065,4.5672,
20261006T053001Z_f1fd6a472c02,zoned_corridor_w2,RU,4,1.0,1,106.5,0.023,0.32,True,True,0.966,0.065,4.6597,
20261006T053001Z_f1fd6a472c02,zoned_corridor_w2,RU,4,1.0,2,271.3,0.022,0.44,True,True,0.966,0.066,4.4923,
20261006T053001Z_f1fd6a472c02,zoned_corridor_w2,RU,4,1.0,3,146.5,0.027,0.24,True,True,0.966,0.066,4.1443,
20261006T053001Z_f1fd6a472c02,zoned_corridor_w2,RU,4,1.0,4,282.3,0.026,0.26,True,True,0.966,0.065,3.4646,
20261006T053001Z_f1fd6a472c02,zoned_corridor_w2,RU,4,2.0,0,68.3,0.023,0.46,True,True,0.966,0.066,3.9752,
20261006T053001Z_f1fd6a472c02,zoned_corridor_w2,RU,4,2.0,1,187.3,0.023,0.3,True,True,0.966,0.065,3.9796,
20261006T053001Z_f1fd6a472c02,zoned_corridor_w2,RU,4,2.0,2,187.0,0.023,0.32,True,True,0.966,0.065,3.876,
20261006T053001Z_f1fd6a472c02,zoned_corridor_w2,RU,4,2.0,3,150.3,0.024,0.3,True,True,0.966,0.065,4.5974,
20261006T053001Z_f1fd6a472c02,zoned_corridor_w2,RU,4,2.0,4,216.6,0.02,0.44,True,True,0.966,0.066,4.6928,
20261006T053001Z_f1fd6a472c02,zoned_corridor_w2,RU,4,4.0,0,331.3,0.031,0.15,True,True,0.966,0.067,3.3328,
20261006T053001Z_f1fd6a472c02,zoned_corridor_w2,RU,4,4.0,1,1.3,0.024,0.28,True,True,0.966,0.065,4.2017,
20261006T053001Z_f1fd6a472c02,zoned_corridor_w2,RU,4,4.0,2,43.4,0.024,0.33,True,True,0.966,0.065,4.0294,
20261006T053001Z_f1fd6a472c02,zoned_corridor_w2,RU,4,4.0,3,276.8,0.026,0.22,True,True,0.966,0.066,4.6339,
20261006T053001Z_f1fd6a472c02,zoned_corridor_w2,RU,4,4.0,4,176.2,0.024,0.32,True,True,0.966,0.065,4.6159,
20261006T053001Z_f1fd6a472c02,zoned_corridor_w2,RU,4,6.0,0,48.0,0.024,0.33,True,True,0.966,0.065,4.4655,
20261006T053001Z_f1fd6a472c02,zoned_corridor_w2,RU,4,6.0,1,293.3,0.022,0.45,True,False,0.966,0.067,1.0,translation_correction_limit
20261006T053001Z_f1fd6a472c02,zoned_corridor_w2,RU,4,6.0,2,131.2,0.024,0.32,True,True,0.966,0.065,3.8733,
20261006T053001Z_f1fd6a472c02,zoned_corridor_w2,RU,4,6.0,3,5.9,0.022,0.32,True,True,0.966,0.065,3.8496,
20261006T053001Z_f1fd6a472c02,zoned_corridor_w2,RU,4,6.0,4,73.0,0.024,0.3,True,True,0.966,0.065,4.7915,
20261006T053001Z_f1fd6a472c02,zoned_corridor_w2,RR,6,0.0,0,147.0,4.127,0.07,False,True,0.946,0.167,0.097,
20261006T053001Z_f1fd6a472c02,zoned_corridor_w2,RR,6,0.5,0,46.5,3.981,0.37,False,True,0.948,0.165,0.0625,
20261006T053001Z_f1fd6a472c02,zoned_corridor_w2,RR,6,0.5,1,124.3,3.979,0.36,False,True,0.948,0.165,0.1947,
20261006T053001Z_f1fd6a472c02,zoned_corridor_w2,RR,6,0.5,2,217.2,4.105,0.27,False,True,0.946,0.165,0.0767,
20261006T053001Z_f1fd6a472c02,zoned_corridor_w2,RR,6,0.5,3,321.6,4.106,0.27,False,True,0.946,0.166,0.0612,
20261006T053001Z_f1fd6a472c02,zoned_corridor_w2,RR,6,0.5,4,78.1,4.128,0.11,False,True,0.946,0.167,0.2178,
20261006T053001Z_f1fd6a472c02,zoned_corridor_w2,RR,6,1.0,0,298.9,3.999,0.55,False,True,0.948,0.167,0.2205,
20261006T053001Z_f1fd6a472c02,zoned_corridor_w2,RR,6,1.0,1,204.9,4.16,0.27,False,True,0.946,0.172,0.0637,
20261006T053001Z_f1fd6a472c02,zoned_corridor_w2,RR,6,1.0,2,63.5,4.154,0.2,False,True,0.946,0.17,0.2069,
20261006T053001Z_f1fd6a472c02,zoned_corridor_w2,RR,6,1.0,3,242.8,3.968,0.19,False,True,0.948,0.167,0.06,
20261006T053001Z_f1fd6a472c02,zoned_corridor_w2,RR,6,1.0,4,300.2,4.112,0.19,False,True,0.946,0.165,0.0772,
20261006T053001Z_f1fd6a472c02,zoned_corridor_w2,RR,6,2.0,0,18.4,4.152,0.15,False,True,0.944,0.167,0.296,
20261006T053001Z_f1fd6a472c02,zoned_corridor_w2,RR,6,2.0,1,284.6,3.972,0.29,False,True,0.948,0.166,0.0872,
20261006T053001Z_f1fd6a472c02,zoned_corridor_w2,RR,6,2.0,2,24.5,4.125,0.14,False,True,0.946,0.166,0.0821,
20261006T053001Z_f1fd6a472c02,zoned_corridor_w2,RR,6,2.0,3,167.4,3.958,0.16,False,True,0.948,0.168,0.0584,
20261006T053001Z_f1fd6a472c02,zoned_corridor_w2,RR,6,2.0,4,242.1,4.127,0.07,False,True,0.946,0.166,0.1007,
20261006T053001Z_f1fd6a472c02,zoned_corridor_w2,RR,6,4.0,0,169.7,0.01,0.34,True,True,0.818,0.117,0.8037,
20261006T053001Z_f1fd6a472c02,zoned_corridor_w2,RR,6,4.0,1,145.6,0.099,0.31,True,True,0.824,0.101,1.2536,
20261006T053001Z_f1fd6a472c02,zoned_corridor_w2,RR,6,4.0,2,73.0,3.988,0.29,False,True,0.948,0.165,0.1778,
20261006T053001Z_f1fd6a472c02,zoned_corridor_w2,RR,6,4.0,3,253.3,4.13,0.01,False,False,0.946,0.167,0.0897,translation_correction_limit
20261006T053001Z_f1fd6a472c02,zoned_corridor_w2,RR,6,4.0,4,187.6,0.2,1.07,True,True,0.831,0.119,0.8898,
20261006T053001Z_f1fd6a472c02,zoned_corridor_w2,RR,6,6.0,0,307.1,4.138,0.06,False,True,0.946,0.168,0.09,
20261006T053001Z_f1fd6a472c02,zoned_corridor_w2,RR,6,6.0,1,203.4,0.095,0.37,True,False,0.824,0.101,1.2499,translation_correction_limit
20261006T053001Z_f1fd6a472c02,zoned_corridor_w2,RR,6,6.0,2,55.4,4.123,0.1,False,True,0.946,0.166,0.0889,
20261006T053001Z_f1fd6a472c02,zoned_corridor_w2,RR,6,6.0,3,254.4,3.966,0.29,False,False,0.948,0.167,0.0626,translation_correction_limit
20261006T053001Z_f1fd6a472c02,zoned_corridor_w2,RR,6,6.0,4,307.1,4.132,0.03,False,True,0.946,0.167,0.0919,
20261006T053001Z_f1fd6a472c02,zoned_corridor_w2,SU,8,0.0,0,172.6,0.0,0.0,True,True,0.983,0.098,1.9349,
20261006T053001Z_f1fd6a472c02,zoned_corridor_w2,SU,8,0.5,0,226.5,0.063,0.17,True,True,0.986,0.096,2.3671,
20261006T053001Z_f1fd6a472c02,zoned_corridor_w2,SU,8,0.5,1,142.5,0.065,0.19,True,True,0.986,0.096,2.9448,
20261006T053001Z_f1fd6a472c02,zoned_corridor_w2,SU,8,0.5,2,339.8,0.094,1.32,True,True,0.99,0.114,0.8775,
20261006T053001Z_f1fd6a472c02,zoned_corridor_w2,SU,8,0.5,3,191.6,0.029,0.08,True,True,0.986,0.098,2.3152,
20261006T053001Z_f1fd6a472c02,zoned_corridor_w2,SU,8,0.5,4,122.3,0.062,0.19,True,True,0.986,0.096,3.1123,
20261006T053001Z_f1fd6a472c02,zoned_corridor_w2,SU,8,1.0,0,88.2,0.155,0.65,True,True,0.986,0.105,1.4786,
20261006T053001Z_f1fd6a472c02,zoned_corridor_w2,SU,8,1.0,1,137.3,0.065,0.19,True,True,0.986,0.096,2.8287,
20261006T053001Z_f1fd6a472c02,zoned_corridor_w2,SU,8,1.0,2,36.8,0.064,0.18,True,True,0.986,0.096,2.5238,
20261006T053001Z_f1fd6a472c02,zoned_corridor_w2,SU,8,1.0,3,162.9,0.142,0.74,True,True,0.986,0.105,1.8562,
20261006T053001Z_f1fd6a472c02,zoned_corridor_w2,SU,8,1.0,4,227.8,0.063,0.47,True,True,0.986,0.104,2.0426,
20261006T053001Z_f1fd6a472c02,zoned_corridor_w2,SU,8,2.0,0,283.9,0.065,0.19,True,True,0.986,0.096,2.4107,
20261006T053001Z_f1fd6a472c02,zoned_corridor_w2,SU,8,2.0,1,12.2,0.037,0.03,True,True,0.986,0.097,2.207,
20261006T053001Z_f1fd6a472c02,zoned_corridor_w2,SU,8,2.0,2,136.9,0.101,0.46,True,True,0.986,0.099,3.6783,
20261006T053001Z_f1fd6a472c02,zoned_corridor_w2,SU,8,2.0,3,153.9,0.033,0.38,True,True,0.986,0.101,1.6605,
20261006T053001Z_f1fd6a472c02,zoned_corridor_w2,SU,8,2.0,4,11.7,0.089,0.46,True,True,0.973,0.103,1.0,
20261006T053001Z_f1fd6a472c02,zoned_corridor_w2,SU,8,4.0,0,102.3,0.106,0.99,True,True,0.99,0.11,1.2592,
20261006T053001Z_f1fd6a472c02,zoned_corridor_w2,SU,8,4.0,1,115.9,0.028,0.34,True,True,0.986,0.101,3.1734,
20261006T053001Z_f1fd6a472c02,zoned_corridor_w2,SU,8,4.0,2,253.8,0.023,0.14,True,True,0.986,0.098,2.9578,
20261006T053001Z_f1fd6a472c02,zoned_corridor_w2,SU,8,4.0,3,69.9,0.065,0.19,True,True,0.986,0.096,2.9898,
20261006T053001Z_f1fd6a472c02,zoned_corridor_w2,SU,8,4.0,4,248.2,0.02,1.05,True,True,0.973,0.101,1.3817,
20261006T053001Z_f1fd6a472c02,zoned_corridor_w2,SU,8,6.0,0,341.9,0.027,1.01,True,True,0.973,0.099,3.4012,
20261006T053001Z_f1fd6a472c02,zoned_corridor_w2,SU,8,6.0,1,158.0,0.064,0.18,True,True,0.986,0.096,3.7957,
20261006T053001Z_f1fd6a472c02,zoned_corridor_w2,SU,8,6.0,2,303.7,0.054,0.73,True,True,0.973,0.1,1.2762,
20261006T053001Z_f1fd6a472c02,zoned_corridor_w2,SU,8,6.0,3,95.9,0.106,0.51,True,True,0.986,0.1,3.7166,
20261006T053001Z_f1fd6a472c02,zoned_corridor_w2,SU,8,6.0,4,257.3,0.065,0.19,True,True,0.986,0.096,2.9785,
20261006T053001Z_f1fd6a472c02,zoned_corridor_w2,RU,10,0.0,0,112.1,0.041,0.16,True,True,0.969,0.096,2.9271,
20261006T053001Z_f1fd6a472c02,zoned_corridor_w2,RU,10,0.5,0,138.6,0.068,0.44,True,True,0.964,0.092,1.0,
20261006T053001Z_f1fd6a472c02,zoned_corridor_w2,RU,10,0.5,1,243.2,0.059,0.17,True,True,0.969,0.098,1.0,
20261006T053001Z_f1fd6a472c02,zoned_corridor_w2,RU,10,0.5,2,32.5,0.033,0.25,True,True,0.969,0.096,3.1774,
20261006T053001Z_f1fd6a472c02,zoned_corridor_w2,RU,10,0.5,3,295.2,0.041,0.16,True,True,0.969,0.096,1.0,
20261006T053001Z_f1fd6a472c02,zoned_corridor_w2,RU,10,0.5,4,134.1,0.042,0.23,True,True,0.969,0.097,1.0,
20261006T053001Z_f1fd6a472c02,zoned_corridor_w2,RU,10,1.0,0,44.4,0.041,0.16,True,True,0.969,0.096,3.1846,
20261006T053001Z_f1fd6a472c02,zoned_corridor_w2,RU,10,1.0,1,356.7,0.045,0.15,True,True,0.969,0.096,2.7547,
20261006T053001Z_f1fd6a472c02,zoned_corridor_w2,RU,10,1.0,2,161.3,0.058,0.0,True,True,0.969,0.098,3.1825,
20261006T053001Z_f1fd6a472c02,zoned_corridor_w2,RU,10,1.0,3,185.4,0.045,0.14,True,True,0.969,0.096,2.3519,
20261006T053001Z_f1fd6a472c02,zoned_corridor_w2,RU,10,1.0,4,274.1,0.056,0.02,True,True,0.969,0.097,2.3388,
20261006T053001Z_f1fd6a472c02,zoned_corridor_w2,RU,10,2.0,0,233.8,0.077,0.28,True,True,0.966,0.095,1.0,
20261006T053001Z_f1fd6a472c02,zoned_corridor_w2,RU,10,2.0,1,202.8,0.059,0.55,True,True,0.964,0.093,2.9665,
20261006T053001Z_f1fd6a472c02,zoned_corridor_w2,RU,10,2.0,2,12.1,0.062,0.01,True,True,0.969,0.098,1.0,
20261006T053001Z_f1fd6a472c02,zoned_corridor_w2,RU,10,2.0,3,146.8,0.067,0.44,True,True,0.964,0.092,3.0954,
20261006T053001Z_f1fd6a472c02,zoned_corridor_w2,RU,10,2.0,4,157.7,0.067,0.38,True,True,0.966,0.095,2.7428,
20261006T053001Z_f1fd6a472c02,zoned_corridor_w2,RU,10,4.0,0,97.3,0.064,0.49,True,True,0.964,0.092,3.0438,
20261006T053001Z_f1fd6a472c02,zoned_corridor_w2,RU,10,4.0,1,48.0,0.041,0.16,True,True,0.969,0.096,3.1869,
20261006T053001Z_f1fd6a472c02,zoned_corridor_w2,RU,10,4.0,2,351.2,0.039,0.2,True,True,0.969,0.096,3.1489,
20261006T053001Z_f1fd6a472c02,zoned_corridor_w2,RU,10,4.0,3,6.8,0.041,0.16,True,True,0.969,0.096,3.269,
20261006T053001Z_f1fd6a472c02,zoned_corridor_w2,RU,10,4.0,4,92.4,0.067,0.43,True,True,0.964,0.092,3.0675,
20261006T053001Z_f1fd6a472c02,zoned_corridor_w2,RU,10,6.0,0,137.2,0.041,0.16,True,True,0.969,0.096,3.1771,
20261006T053001Z_f1fd6a472c02,zoned_corridor_w2,RU,10,6.0,1,226.1,0.068,0.37,True,False,0.966,0.094,3.5236,translation_correction_limit
20261006T053001Z_f1fd6a472c02,zoned_corridor_w2,RU,10,6.0,2,211.8,0.041,0.17,True,True,0.969,0.096,3.2448,
20261006T053001Z_f1fd6a472c02,zoned_corridor_w2,RU,10,6.0,3,258.8,0.076,0.29,True,False,0.966,0.095,3.0466,translation_correction_limit
20261006T053001Z_f1fd6a472c02,zoned_corridor_w2,RU,10,6.0,4,61.4,0.066,0.45,True,True,0.964,0.092,3.0253,
20261006T053001Z_f1fd6a472c02,zoned_corridor_w2,RR,11,0.0,0,65.6,4.035,0.01,False,True,0.965,0.161,0.4432,
20261006T053001Z_f1fd6a472c02,zoned_corridor_w2,RR,11,0.5,0,246.9,4.067,0.23,False,True,0.964,0.166,0.3966,
20261006T053001Z_f1fd6a472c02,zoned_corridor_w2,RR,11,0.5,1,276.6,4.149,0.64,False,True,0.965,0.17,0.3216,
20261006T053001Z_f1fd6a472c02,zoned_corridor_w2,RR,11,0.5,2,8.2,4.052,0.08,False,True,0.965,0.163,0.4193,
20261006T053001Z_f1fd6a472c02,zoned_corridor_w2,RR,11,0.5,3,269.7,4.039,0.03,False,True,0.965,0.161,0.4569,
20261006T053001Z_f1fd6a472c02,zoned_corridor_w2,RR,11,0.5,4,126.7,3.864,0.15,False,True,0.952,0.152,0.3892,
20261006T053001Z_f1fd6a472c02,zoned_corridor_w2,RR,11,1.0,0,248.4,3.965,0.62,False,True,0.955,0.15,0.3745,
20261006T053001Z_f1fd6a472c02,zoned_corridor_w2,RR,11,1.0,1,305.3,3.963,0.64,False,True,0.955,0.15,0.3695,
20261006T053001Z_f1fd6a472c02,zoned_corridor_w2,RR,11,1.0,2,145.7,4.021,0.19,False,True,0.965,0.159,0.5839,
20261006T053001Z_f1fd6a472c02,zoned_corridor_w2,RR,11,1.0,3,309.3,4.067,0.22,False,True,0.964,0.166,0.4328,
20261006T053001Z_f1fd6a472c02,zoned_corridor_w2,RR,11,1.0,4,210.7,3.993,0.42,False,True,0.96,0.154,0.5685,
20261006T053001Z_f1fd6a472c02,zoned_corridor_w2,RR,11,2.0,0,220.1,4.004,0.35,False,True,0.962,0.155,0.4452,
20261006T053001Z_f1fd6a472c02,zoned_corridor_w2,RR,11,2.0,1,268.6,3.967,0.61,False,True,0.955,0.149,0.3776,
20261006T053001Z_f1fd6a472c02,zoned_corridor_w2,RR,11,2.0,2,47.3,4.153,0.66,False,True,0.965,0.171,0.3275,
20261006T053001Z_f1fd6a472c02,zoned_corridor_w2,RR,11,2.0,3,299.2,3.992,0.42,False,True,0.96,0.154,0.4115,
20261006T053001Z_f1fd6a472c02,zoned_corridor_w2,RR,11,2.0,4,326.8,4.008,0.23,False,True,0.964,0.157,0.3769,
20261006T053001Z_f1fd6a472c02,zoned_corridor_w2,RR,11,4.0,0,161.9,0.107,1.03,True,True,0.794,0.107,0.9024,
20261006T053001Z_f1fd6a472c02,zoned_corridor_w2,RR,11,4.0,1,230.6,0.11,1.01,True,True,0.794,0.107,0.0869,
20261006T053001Z_f1fd6a472c02,zoned_corridor_w2,RR,11,4.0,2,322.7,4.013,0.26,False,True,0.964,0.157,0.318,
20261006T053001Z_f1fd6a472c02,zoned_corridor_w2,RR,11,4.0,3,270.5,4.08,0.35,False,True,0.964,0.171,0.3294,
20261006T053001Z_f1fd6a472c02,zoned_corridor_w2,RR,11,4.0,4,23.9,4.15,0.68,False,True,0.965,0.17,0.0965,
20261006T053001Z_f1fd6a472c02,zoned_corridor_w2,RR,11,6.0,0,287.7,4.071,0.26,False,False,0.964,0.167,0.2404,translation_correction_limit
20261006T053001Z_f1fd6a472c02,zoned_corridor_w2,RR,11,6.0,1,149.5,0.108,1.06,True,False,0.794,0.107,0.8833,translation_correction_limit
20261006T053001Z_f1fd6a472c02,zoned_corridor_w2,RR,11,6.0,2,183.6,0.15,0.23,True,True,0.785,0.124,0.7217,
20261006T053001Z_f1fd6a472c02,zoned_corridor_w2,RR,11,6.0,3,34.3,4.017,0.18,False,True,0.965,0.159,0.1764,
20261006T053001Z_f1fd6a472c02,zoned_corridor_w2,RR,11,6.0,4,231.9,0.106,1.11,True,False,0.794,0.107,0.8808,translation_correction_limit
20261006T053001Z_f1fd6a472c02,zoned_corridor_w2,RU,14,0.0,0,211.9,0.04,0.39,True,True,0.835,0.123,1.2138,
20261006T053001Z_f1fd6a472c02,zoned_corridor_w2,RU,14,0.5,0,211.4,0.047,0.28,True,True,0.834,0.12,1.2403,
20261006T053001Z_f1fd6a472c02,zoned_corridor_w2,RU,14,0.5,1,259.8,0.04,0.39,True,True,0.835,0.122,1.5696,
20261006T053001Z_f1fd6a472c02,zoned_corridor_w2,RU,14,0.5,2,348.5,0.041,0.39,True,True,0.835,0.123,1.2395,
20261006T053001Z_f1fd6a472c02,zoned_corridor_w2,RU,14,0.5,3,314.8,0.04,0.34,True,True,0.834,0.12,1.3029,
20261006T053001Z_f1fd6a472c02,zoned_corridor_w2,RU,14,0.5,4,330.1,0.037,0.42,True,True,0.835,0.123,1.2146,
20261006T053001Z_f1fd6a472c02,zoned_corridor_w2,RU,14,1.0,0,290.2,0.039,0.39,True,True,0.835,0.123,1.2438,
20261006T053001Z_f1fd6a472c02,zoned_corridor_w2,RU,14,1.0,1,5.0,0.09,0.07,True,True,0.832,0.122,0.7872,
20261006T053001Z_f1fd6a472c02,zoned_corridor_w2,RU,14,1.0,2,0.7,0.04,0.43,True,True,0.837,0.125,1.2398,
20261006T053001Z_f1fd6a472c02,zoned_corridor_w2,RU,14,1.0,3,187.6,0.04,0.39,True,True,0.835,0.123,1.2113,
20261006T053001Z_f1fd6a472c02,zoned_corridor_w2,RU,14,1.0,4,86.0,0.035,0.46,True,True,0.835,0.123,1.2132,
20261006T053001Z_f1fd6a472c02,zoned_corridor_w2,RU,14,2.0,0,334.3,0.027,0.56,True,True,0.835,0.124,1.2087,
20261006T053001Z_f1fd6a472c02,zoned_corridor_w2,RU,14,2.0,1,49.5,0.04,0.34,True,True,0.834,0.12,1.4411,
20261006T053001Z_f1fd6a472c02,zoned_corridor_w2,RU,14,2.0,2,221.3,0.041,0.31,True,True,0.834,0.12,1.2053,
20261006T053001Z_f1fd6a472c02,zoned_corridor_w2,RU,14,2.0,3,246.7,0.033,0.49,True,True,0.837,0.126,1.2342,
20261006T053001Z_f1fd6a472c02,zoned_corridor_w2,RU,14,2.0,4,128.1,0.076,0.05,True,True,0.834,0.123,1.1885,
20261006T053001Z_f1fd6a472c02,zoned_corridor_w2,RU,14,4.0,0,274.9,0.047,0.29,True,True,0.834,0.12,1.2318,
20261006T053001Z_f1fd6a472c02,zoned_corridor_w2,RU,14,4.0,1,210.7,0.04,0.39,True,True,0.835,0.123,1.2143,
20261006T053001Z_f1fd6a472c02,zoned_corridor_w2,RU,14,4.0,2,67.8,0.037,0.44,True,True,0.835,0.123,1.2569,
20261006T053001Z_f1fd6a472c02,zoned_corridor_w2,RU,14,4.0,3,59.7,0.04,0.39,True,True,0.835,0.123,1.2359,
20261006T053001Z_f1fd6a472c02,zoned_corridor_w2,RU,14,4.0,4,82.7,0.043,0.32,True,True,0.834,0.12,1.2063,
20261006T053001Z_f1fd6a472c02,zoned_corridor_w2,RU,14,6.0,0,269.9,0.04,0.43,True,True,0.837,0.125,1.2277,
20261006T053001Z_f1fd6a472c02,zoned_corridor_w2,RU,14,6.0,1,205.9,0.077,0.04,True,False,0.834,0.123,1.3108,translation_correction_limit
20261006T053001Z_f1fd6a472c02,zoned_corridor_w2,RU,14,6.0,2,21.8,0.037,0.25,True,True,0.835,0.124,1.1784,
20261006T053001Z_f1fd6a472c02,zoned_corridor_w2,RU,14,6.0,3,35.9,0.04,0.39,True,True,0.835,0.123,1.2183,
20261006T053001Z_f1fd6a472c02,zoned_corridor_w2,RU,14,6.0,4,7.8,0.04,0.39,True,True,0.835,0.123,1.2117,
20261006T053001Z_f1fd6a472c02,zoned_corridor_w2,SR,22,0.0,0,11.5,0.069,0.01,True,True,0.973,0.109,2.7122,
20261006T053001Z_f1fd6a472c02,zoned_corridor_w2,SR,22,0.5,0,43.0,0.025,0.51,True,True,0.973,0.108,3.0475,
20261006T053001Z_f1fd6a472c02,zoned_corridor_w2,SR,22,0.5,1,305.8,0.059,0.08,True,True,0.973,0.108,2.71,
20261006T053001Z_f1fd6a472c02,zoned_corridor_w2,SR,22,0.5,2,137.3,0.044,0.19,True,True,0.973,0.108,2.5366,
20261006T053001Z_f1fd6a472c02,zoned_corridor_w2,SR,22,0.5,3,237.0,0.025,0.5,True,True,0.973,0.108,3.0468,
20261006T053001Z_f1fd6a472c02,zoned_corridor_w2,SR,22,0.5,4,320.1,0.025,0.51,True,True,0.973,0.108,3.0477,
20261006T053001Z_f1fd6a472c02,zoned_corridor_w2,SR,22,1.0,0,213.9,0.023,0.44,True,True,0.973,0.11,2.3663,
20261006T053001Z_f1fd6a472c02,zoned_corridor_w2,SR,22,1.0,1,291.9,0.025,0.51,True,True,0.973,0.108,3.0476,
20261006T053001Z_f1fd6a472c02,zoned_corridor_w2,SR,22,1.0,2,131.9,0.026,0.51,True,True,0.973,0.108,3.0473,
20261006T053001Z_f1fd6a472c02,zoned_corridor_w2,SR,22,1.0,3,322.5,0.022,0.46,True,True,0.973,0.109,2.7563,
20261006T053001Z_f1fd6a472c02,zoned_corridor_w2,SR,22,1.0,4,317.4,0.026,0.48,True,True,0.973,0.108,3.0441,
20261006T053001Z_f1fd6a472c02,zoned_corridor_w2,SR,22,2.0,0,295.9,0.026,0.42,True,True,0.973,0.108,3.0148,
20261006T053001Z_f1fd6a472c02,zoned_corridor_w2,SR,22,2.0,1,302.6,0.024,0.51,True,True,0.973,0.108,2.504,
20261006T053001Z_f1fd6a472c02,zoned_corridor_w2,SR,22,2.0,2,339.7,0.025,0.51,True,True,0.973,0.108,3.2402,
20261006T053001Z_f1fd6a472c02,zoned_corridor_w2,SR,22,2.0,3,158.8,0.026,0.36,True,True,0.973,0.109,2.5663,
20261006T053001Z_f1fd6a472c02,zoned_corridor_w2,SR,22,2.0,4,303.4,0.025,0.51,True,True,0.973,0.108,3.053,
20261006T053001Z_f1fd6a472c02,zoned_corridor_w2,SR,22,4.0,0,284.1,0.026,0.57,True,True,0.973,0.108,2.665,
20261006T053001Z_f1fd6a472c02,zoned_corridor_w2,SR,22,4.0,1,152.7,0.027,0.6,True,True,0.973,0.108,3.0079,
20261006T053001Z_f1fd6a472c02,zoned_corridor_w2,SR,22,4.0,2,333.6,0.024,0.5,True,True,0.973,0.108,3.1579,
20261006T053001Z_f1fd6a472c02,zoned_corridor_w2,SR,22,4.0,3,34.6,0.025,0.43,True,True,0.973,0.108,2.7483,
20261006T053001Z_f1fd6a472c02,zoned_corridor_w2,SR,22,4.0,4,99.9,0.024,0.46,True,True,0.973,0.11,3.0201,
20261006T053001Z_f1fd6a472c02,zoned_corridor_w2,SR,22,6.0,0,262.9,0.024,0.43,True,False,0.973,0.11,2.996,translation_correction_limit
20261006T053001Z_f1fd6a472c02,zoned_corridor_w2,SR,22,6.0,1,138.1,0.025,0.51,True,True,0.973,0.108,3.0476,
20261006T053001Z_f1fd6a472c02,zoned_corridor_w2,SR,22,6.0,2,145.1,0.026,0.5,True,True,0.973,0.108,3.0488,
20261006T053001Z_f1fd6a472c02,zoned_corridor_w2,SR,22,6.0,3,140.0,0.026,0.44,True,True,0.973,0.108,2.2781,
20261006T053001Z_f1fd6a472c02,zoned_corridor_w2,SR,22,6.0,4,60.2,0.072,0.04,True,False,0.968,0.101,3.2355,translation_correction_limit
20261006T053001Z_f1fd6a472c02,zoned_corridor_w2,RU,25,0.0,0,88.1,0.121,0.23,True,True,0.836,0.126,1.2045,
20261006T053001Z_f1fd6a472c02,zoned_corridor_w2,RU,25,0.5,0,30.1,0.111,0.33,True,True,0.836,0.127,1.1827,
20261006T053001Z_f1fd6a472c02,zoned_corridor_w2,RU,25,0.5,1,42.7,0.137,0.24,True,True,0.838,0.127,1.2864,
20261006T053001Z_f1fd6a472c02,zoned_corridor_w2,RU,25,0.5,2,288.9,0.122,0.19,True,True,0.836,0.126,1.0,
20261006T053001Z_f1fd6a472c02,zoned_corridor_w2,RU,25,0.5,3,59.7,0.121,0.23,True,True,0.836,0.126,1.0,
20261006T053001Z_f1fd6a472c02,zoned_corridor_w2,RU,25,0.5,4,275.2,0.121,0.22,True,True,0.836,0.126,1.3258,
20261006T053001Z_f1fd6a472c02,zoned_corridor_w2,RU,25,1.0,0,230.2,0.122,0.23,True,True,0.836,0.126,1.1957,
20261006T053001Z_f1fd6a472c02,zoned_corridor_w2,RU,25,1.0,1,106.7,0.127,0.15,True,True,0.836,0.126,1.1807,
20261006T053001Z_f1fd6a472c02,zoned_corridor_w2,RU,25,1.0,2,53.0,0.117,0.27,True,True,0.836,0.126,1.1948,
20261006T053001Z_f1fd6a472c02,zoned_corridor_w2,RU,25,1.0,3,301.9,0.238,0.72,True,True,0.841,0.129,1.1317,
20261006T053001Z_f1fd6a472c02,zoned_corridor_w2,RU,25,1.0,4,265.6,0.131,0.12,True,True,0.836,0.126,1.1752,
20261006T053001Z_f1fd6a472c02,zoned_corridor_w2,RU,25,2.0,0,229.9,0.24,0.71,True,True,0.841,0.129,1.3003,
20261006T053001Z_f1fd6a472c02,zoned_corridor_w2,RU,25,2.0,1,345.0,0.109,0.4,True,True,0.836,0.127,1.0519,
20261006T053001Z_f1fd6a472c02,zoned_corridor_w2,RU,25,2.0,2,320.6,0.121,0.22,True,True,0.836,0.126,1.2295,
20261006T053001Z_f1fd6a472c02,zoned_corridor_w2,RU,25,2.0,3,257.9,0.221,0.85,True,True,0.841,0.129,1.1149,
20261006T053001Z_f1fd6a472c02,zoned_corridor_w2,RU,25,2.0,4,159.3,0.137,0.05,True,True,0.836,0.126,1.2077,
20261006T053001Z_f1fd6a472c02,zoned_corridor_w2,RU,25,4.0,0,173.3,0.247,0.65,True,True,0.841,0.13,1.1348,
20261006T053001Z_f1fd6a472c02,zoned_corridor_w2,RU,25,4.0,1,161.8,0.113,0.46,True,True,0.836,0.126,1.0615,
20261006T053001Z_f1fd6a472c02,zoned_corridor_w2,RU,25,4.0,2,278.8,0.238,0.73,True,True,0.841,0.129,1.1429,
20261006T053001Z_f1fd6a472c02,zoned_corridor_w2,RU,25,4.0,3,0.1,0.129,0.14,True,True,0.836,0.126,1.1954,
20261006T053001Z_f1fd6a472c02,zoned_corridor_w2,RU,25,4.0,4,26.5,0.111,0.34,True,True,0.836,0.127,0.8089,
20261006T053001Z_f1fd6a472c02,zoned_corridor_w2,RU,25,6.0,0,302.4,0.158,0.09,True,True,0.838,0.126,1.149,
20261006T053001Z_f1fd6a472c02,zoned_corridor_w2,RU,25,6.0,1,328.6,0.201,1.01,True,True,0.841,0.13,1.1136,
20261006T053001Z_f1fd6a472c02,zoned_corridor_w2,RU,25,6.0,2,150.4,0.124,0.19,True,False,0.836,0.126,1.8166,translation_correction_limit
20261006T053001Z_f1fd6a472c02,zoned_corridor_w2,RU,25,6.0,3,155.5,0.121,0.22,True,False,0.836,0.126,1.0575,translation_correction_limit
20261006T053001Z_f1fd6a472c02,zoned_corridor_w2,RU,25,6.0,4,233.0,0.223,0.85,True,False,0.841,0.129,1.4043,translation_correction_limit
20261006T053001Z_f1fd6a472c02,zoned_corridor_w2,SU,29,0.0,0,185.6,0.13,0.01,True,True,0.935,0.115,1.3312,
20261006T053001Z_f1fd6a472c02,zoned_corridor_w2,SU,29,0.5,0,212.6,0.136,0.14,True,True,0.931,0.111,1.9741,
20261006T053001Z_f1fd6a472c02,zoned_corridor_w2,SU,29,0.5,1,333.6,0.105,0.41,True,True,0.931,0.11,1.4028,
20261006T053001Z_f1fd6a472c02,zoned_corridor_w2,SU,29,0.5,2,182.9,0.131,0.02,True,True,0.935,0.116,1.2941,
20261006T053001Z_f1fd6a472c02,zoned_corridor_w2,SU,29,0.5,3,85.8,0.135,0.01,True,True,0.935,0.116,2.6004,
20261006T053001Z_f1fd6a472c02,zoned_corridor_w2,SU,29,0.5,4,241.4,0.076,0.7,True,True,0.935,0.118,1.1059,
20261006T053001Z_f1fd6a472c02,zoned_corridor_w2,SU,29,1.0,0,134.1,0.123,0.14,True,True,0.935,0.115,2.084,
20261006T053001Z_f1fd6a472c02,zoned_corridor_w2,SU,29,1.0,1,51.0,0.122,1.42,True,True,0.931,0.123,0.7899,
20261006T053001Z_f1fd6a472c02,zoned_corridor_w2,SU,29,1.0,2,60.7,0.125,0.14,True,True,0.935,0.115,2.1247,
20261006T053001Z_f1fd6a472c02,zoned_corridor_w2,SU,29,1.0,3,101.6,0.123,0.17,True,True,0.935,0.115,2.0451,
20261006T053001Z_f1fd6a472c02,zoned_corridor_w2,SU,29,1.0,4,207.6,0.13,0.03,True,True,0.935,0.115,1.8667,
20261006T053001Z_f1fd6a472c02,zoned_corridor_w2,SU,29,2.0,0,300.2,0.125,0.13,True,True,0.935,0.115,1.1269,
20261006T053001Z_f1fd6a472c02,zoned_corridor_w2,SU,29,2.0,1,189.0,0.126,0.13,True,True,0.935,0.115,1.4492,
20261006T053001Z_f1fd6a472c02,zoned_corridor_w2,SU,29,2.0,2,1.2,0.129,0.08,True,True,0.935,0.115,2.0408,
20261006T053001Z_f1fd6a472c02,zoned_corridor_w2,SU,29,2.0,3,265.1,0.082,0.84,True,True,0.931,0.113,1.0007,
20261006T053001Z_f1fd6a472c02,zoned_corridor_w2,SU,29,2.0,4,149.5,0.13,0.06,True,True,0.935,0.115,1.5733,
20261006T053001Z_f1fd6a472c02,zoned_corridor_w2,SU,29,4.0,0,344.9,0.128,0.09,True,True,0.935,0.115,2.008,
20261006T053001Z_f1fd6a472c02,zoned_corridor_w2,SU,29,4.0,1,93.4,0.124,0.11,True,True,0.935,0.115,1.0942,
20261006T053001Z_f1fd6a472c02,zoned_corridor_w2,SU,29,4.0,2,218.4,0.122,0.14,True,True,0.935,0.115,1.0634,
20261006T053001Z_f1fd6a472c02,zoned_corridor_w2,SU,29,4.0,3,147.1,0.129,0.18,True,True,0.931,0.11,1.1713,
20261006T053001Z_f1fd6a472c02,zoned_corridor_w2,SU,29,4.0,4,304.2,0.115,0.29,True,True,0.931,0.109,1.5353,
20261006T053001Z_f1fd6a472c02,zoned_corridor_w2,SU,29,6.0,0,348.1,0.129,0.06,True,True,0.935,0.115,1.3436,
20261006T053001Z_f1fd6a472c02,zoned_corridor_w2,SU,29,6.0,1,348.0,0.117,0.26,True,True,0.931,0.109,1.1527,
20261006T053001Z_f1fd6a472c02,zoned_corridor_w2,SU,29,6.0,2,294.7,0.098,1.25,True,True,0.931,0.118,2.2178,
20261006T053001Z_f1fd6a472c02,zoned_corridor_w2,SU,29,6.0,3,235.2,0.114,0.28,True,True,0.931,0.109,2.0379,
20261006T053001Z_f1fd6a472c02,zoned_corridor_w2,SU,29,6.0,4,90.6,0.097,0.13,True,True,0.935,0.123,1.6538,
20261006T053001Z_f1fd6a472c02,zoned_corridor_w2,SR,32,0.0,0,223.9,0.063,0.34,True,True,0.972,0.1,3.1944,
20261006T053001Z_f1fd6a472c02,zoned_corridor_w2,SR,32,0.5,0,90.8,0.009,0.41,True,True,0.977,0.089,2.2874,
20261006T053001Z_f1fd6a472c02,zoned_corridor_w2,SR,32,0.5,1,335.2,0.02,0.31,True,True,0.977,0.088,4.1305,
20261006T053001Z_f1fd6a472c02,zoned_corridor_w2,SR,32,0.5,2,59.0,0.011,0.44,True,True,0.977,0.09,3.3884,
20261006T053001Z_f1fd6a472c02,zoned_corridor_w2,SR,32,0.5,3,157.3,0.046,0.1,True,True,0.977,0.088,2.3122,
20261006T053001Z_f1fd6a472c02,zoned_corridor_w2,SR,32,0.5,4,271.4,0.02,0.31,True,True,0.977,0.088,2.1548,
20261006T053001Z_f1fd6a472c02,zoned_corridor_w2,SR,32,1.0,0,119.8,0.005,0.51,True,True,0.977,0.091,2.4139,
20261006T053001Z_f1fd6a472c02,zoned_corridor_w2,SR,32,1.0,1,23.0,0.019,0.31,True,True,0.977,0.088,2.6261,
20261006T053001Z_f1fd6a472c02,zoned_corridor_w2,SR,32,1.0,2,3.4,0.019,0.31,True,True,0.977,0.088,3.4921,
20261006T053001Z_f1fd6a472c02,zoned_corridor_w2,SR,32,1.0,3,247.1,0.022,0.81,True,True,0.972,0.102,1.7904,
20261006T053001Z_f1fd6a472c02,zoned_corridor_w2,SR,32,1.0,4,290.2,0.02,0.31,True,True,0.977,0.088,2.2566,
20261006T053001Z_f1fd6a472c02,zoned_corridor_w2,SR,32,2.0,0,234.2,0.067,0.31,True,True,0.972,0.1,1.9569,
20261006T053001Z_f1fd6a472c02,zoned_corridor_w2,SR,32,2.0,1,90.1,0.021,0.25,True,True,0.977,0.088,2.2102,
20261006T053001Z_f1fd6a472c02,zoned_corridor_w2,SR,32,2.0,2,27.0,0.032,0.44,True,True,0.977,0.093,2.8727,
20261006T053001Z_f1fd6a472c02,zoned_corridor_w2,SR,32,2.0,3,53.0,0.021,0.31,True,True,0.977,0.088,1.8721,
20261006T053001Z_f1fd6a472c02,zoned_corridor_w2,SR,32,2.0,4,230.1,0.048,0.23,True,True,0.977,0.091,2.2031,
20261006T053001Z_f1fd6a472c02,zoned_corridor_w2,SR,32,4.0,0,92.1,0.013,0.37,True,True,0.977,0.089,2.9128,
20261006T053001Z_f1fd6a472c02,zoned_corridor_w2,SR,32,4.0,1,74.4,0.039,0.17,True,True,0.977,0.088,2.539,
20261006T053001Z_f1fd6a472c02,zoned_corridor_w2,SR,32,4.0,2,193.4,0.066,0.34,True,True,0.972,0.1,3.1488,
20261006T053001Z_f1fd6a472c02,zoned_corridor_w2,SR,32,4.0,3,244.9,0.021,0.31,True,True,0.977,0.088,2.6372,
20261006T053001Z_f1fd6a472c02,zoned_corridor_w2,SR,32,4.0,4,70.8,0.021,0.76,True,True,0.972,0.101,2.317,
20261006T053001Z_f1fd6a472c02,zoned_corridor_w2,SR,32,6.0,0,333.8,0.059,0.38,True,True,0.972,0.1,2.4051,
20261006T053001Z_f1fd6a472c02,zoned_corridor_w2,SR,32,6.0,1,204.1,0.025,0.67,True,False,0.977,0.094,2.8972,translation_correction_limit
20261006T053001Z_f1fd6a472c02,zoned_corridor_w2,SR,32,6.0,2,36.8,0.032,0.68,True,True,0.972,0.102,1.9112,
20261006T053001Z_f1fd6a472c02,zoned_corridor_w2,SR,32,6.0,3,329.2,0.054,0.02,True,False,0.977,0.089,3.1502,translation_correction_limit
20261006T053001Z_f1fd6a472c02,zoned_corridor_w2,SR,32,6.0,4,170.0,0.081,0.22,True,True,0.977,0.093,3.3299,
20261006T053001Z_f1fd6a472c02,zoned_corridor_w2,SR,33,0.0,0,54.0,0.055,0.33,True,True,0.926,0.117,1.1612,
20261006T053001Z_f1fd6a472c02,zoned_corridor_w2,SR,33,0.5,0,156.8,0.055,0.33,True,True,0.926,0.117,1.474,
20261006T053001Z_f1fd6a472c02,zoned_corridor_w2,SR,33,0.5,1,238.3,0.071,0.3,True,True,0.926,0.123,2.0179,
20261006T053001Z_f1fd6a472c02,zoned_corridor_w2,SR,33,0.5,2,197.4,0.067,0.36,True,True,0.926,0.123,1.2594,
20261006T053001Z_f1fd6a472c02,zoned_corridor_w2,SR,33,0.5,3,201.0,0.055,0.33,True,True,0.926,0.117,1.4679,
20261006T053001Z_f1fd6a472c02,zoned_corridor_w2,SR,33,0.5,4,317.7,0.079,0.25,True,True,0.926,0.123,1.195,
20261006T053001Z_f1fd6a472c02,zoned_corridor_w2,SR,33,1.0,0,178.4,0.054,0.34,True,True,0.926,0.117,1.6251,
20261006T053001Z_f1fd6a472c02,zoned_corridor_w2,SR,33,1.0,1,31.3,0.07,0.31,True,True,0.926,0.123,1.7682,
20261006T053001Z_f1fd6a472c02,zoned_corridor_w2,SR,33,1.0,2,31.8,0.057,0.33,True,True,0.921,0.11,1.8722,
20261006T053001Z_f1fd6a472c02,zoned_corridor_w2,SR,33,1.0,3,293.1,0.07,0.31,True,True,0.926,0.123,1.7251,
20261006T053001Z_f1fd6a472c02,zoned_corridor_w2,SR,33,1.0,4,220.8,0.097,0.58,True,True,0.931,0.131,1.5306,
20261006T053001Z_f1fd6a472c02,zoned_corridor_w2,SR,33,2.0,0,283.3,0.069,0.32,True,True,0.926,0.123,1.6347,
20261006T053001Z_f1fd6a472c02,zoned_corridor_w2,SR,33,2.0,1,212.4,0.069,0.33,True,True,0.926,0.123,1.2761,
20261006T053001Z_f1fd6a472c02,zoned_corridor_w2,SR,33,2.0,2,198.2,0.054,0.33,True,True,0.926,0.117,1.9794,
20261006T053001Z_f1fd6a472c02,zoned_corridor_w2,SR,33,2.0,3,197.7,0.054,0.33,True,True,0.926,0.117,1.9325,
20261006T053001Z_f1fd6a472c02,zoned_corridor_w2,SR,33,2.0,4,240.1,0.056,0.32,True,True,0.921,0.109,2.0307,
20261006T053001Z_f1fd6a472c02,zoned_corridor_w2,SR,33,4.0,0,182.5,0.067,0.44,True,True,0.921,0.118,1.0919,
20261006T053001Z_f1fd6a472c02,zoned_corridor_w2,SR,33,4.0,1,281.1,0.052,0.39,True,True,0.931,0.124,2.0216,
20261006T053001Z_f1fd6a472c02,zoned_corridor_w2,SR,33,4.0,2,235.6,0.073,0.21,True,True,0.921,0.11,2.1717,
20261006T053001Z_f1fd6a472c02,zoned_corridor_w2,SR,33,4.0,3,93.4,0.063,0.28,True,True,0.921,0.11,1.1256,
20261006T053001Z_f1fd6a472c02,zoned_corridor_w2,SR,33,4.0,4,257.4,0.055,0.33,True,True,0.926,0.117,1.5919,
20261006T053001Z_f1fd6a472c02,zoned_corridor_w2,SR,33,6.0,0,274.8,0.055,0.33,True,True,0.926,0.117,1.1351,
20261006T053001Z_f1fd6a472c02,zoned_corridor_w2,SR,33,6.0,1,74.5,0.07,0.32,True,False,0.926,0.123,1.8532,translation_correction_limit
20261006T053001Z_f1fd6a472c02,zoned_corridor_w2,SR,33,6.0,2,97.7,0.092,0.06,True,False,0.921,0.112,1.8575,translation_correction_limit
20261006T053001Z_f1fd6a472c02,zoned_corridor_w2,SR,33,6.0,3,36.2,0.071,0.32,True,False,0.926,0.123,1.6803,translation_correction_limit
20261006T053001Z_f1fd6a472c02,zoned_corridor_w2,SR,33,6.0,4,72.0,0.069,0.33,True,False,0.926,0.123,1.9406,translation_correction_limit
20261006T053001Z_f1fd6a472c02,zoned_corridor_w2,SR,37,0.0,0,208.6,0.0,0.0,True,True,0.801,0.163,0.3114,
20261006T053001Z_f1fd6a472c02,zoned_corridor_w2,SR,37,0.5,0,150.7,0.134,0.67,True,True,0.833,0.189,0.5778,
20261006T053001Z_f1fd6a472c02,zoned_corridor_w2,SR,37,0.5,1,317.3,0.043,0.43,True,True,0.806,0.168,0.7315,
20261006T053001Z_f1fd6a472c02,zoned_corridor_w2,SR,37,0.5,2,81.7,0.052,1.57,True,True,0.806,0.165,0.2984,
20261006T053001Z_f1fd6a472c02,zoned_corridor_w2,SR,37,0.5,3,202.3,0.047,0.73,True,True,0.801,0.16,0.5557,
20261006T053001Z_f1fd6a472c02,zoned_corridor_w2,SR,37,0.5,4,255.6,0.038,0.43,True,True,0.806,0.167,0.473,
20261006T053001Z_f1fd6a472c02,zoned_corridor_w2,SR,37,1.0,0,39.4,0.041,0.41,True,True,0.806,0.168,0.4766,
20261006T053001Z_f1fd6a472c02,zoned_corridor_w2,SR,37,1.0,1,165.4,0.04,0.39,True,True,0.806,0.167,0.642,
20261006T053001Z_f1fd6a472c02,zoned_corridor_w2,SR,37,1.0,2,142.2,0.04,0.42,True,True,0.806,0.167,0.4649,
20261006T053001Z_f1fd6a472c02,zoned_corridor_w2,SR,37,1.0,3,133.7,0.057,0.11,True,True,0.796,0.152,0.6804,
20261006T053001Z_f1fd6a472c02,zoned_corridor_w2,SR,37,1.0,4,277.6,0.036,0.32,True,True,0.801,0.16,0.47,
20261006T053001Z_f1fd6a472c02,zoned_corridor_w2,SR,37,2.0,0,239.7,0.203,0.04,True,True,0.828,0.189,0.2148,
20261006T053001Z_f1fd6a472c02,zoned_corridor_w2,SR,37,2.0,1,256.5,0.044,0.4,True,True,0.801,0.162,0.73,
20261006T053001Z_f1fd6a472c02,zoned_corridor_w2,SR,37,2.0,2,112.3,0.041,0.4,True,True,0.806,0.168,0.7322,
20261006T053001Z_f1fd6a472c02,zoned_corridor_w2,SR,37,2.0,3,245.1,0.051,0.8,True,True,0.801,0.161,0.4358,
20261006T053001Z_f1fd6a472c02,zoned_corridor_w2,SR,37,2.0,4,258.3,0.037,0.55,True,True,0.806,0.167,0.4214,
20261006T053001Z_f1fd6a472c02,zoned_corridor_w2,SR,37,4.0,0,208.8,0.037,0.47,True,True,0.806,0.166,0.4957,
20261006T053001Z_f1fd6a472c02,zoned_corridor_w2,SR,37,4.0,1,185.4,0.037,0.54,True,True,0.806,0.166,0.5865,
20261006T053001Z_f1fd6a472c02,zoned_corridor_w2,SR,37,4.0,2,25.6,0.051,1.2,True,True,0.812,0.167,0.3485,
20261006T053001Z_f1fd6a472c02,zoned_corridor_w2,SR,37,4.0,3,198.2,0.04,0.36,True,True,0.801,0.161,0.7311,
20261006T053001Z_f1fd6a472c02,zoned_corridor_w2,SR,37,4.0,4,165.9,0.124,1.23,True,True,0.796,0.167,0.3509,
20261006T053001Z_f1fd6a472c02,zoned_corridor_w2,SR,37,6.0,0,357.4,0.04,0.38,True,True,0.806,0.167,0.8201,
20261006T053001Z_f1fd6a472c02,zoned_corridor_w2,SR,37,6.0,1,12.3,0.037,0.43,True,True,0.806,0.167,0.5269,
20261006T053001Z_f1fd6a472c02,zoned_corridor_w2,SR,37,6.0,2,8.7,0.04,0.39,True,True,0.806,0.167,0.6346,
20261006T053001Z_f1fd6a472c02,zoned_corridor_w2,SR,37,6.0,3,66.4,0.042,0.41,True,True,0.806,0.168,0.8733,
20261006T053001Z_f1fd6a472c02,zoned_corridor_w2,SR,37,6.0,4,232.5,0.04,0.4,True,False,0.806,0.167,0.5647,translation_correction_limit
20261006T053001Z_f1fd6a472c02,zoned_corridor_w2,SU,40,0.0,0,168.5,0.053,0.52,True,True,0.901,0.08,2.8977,
20261006T053001Z_f1fd6a472c02,zoned_corridor_w2,SU,40,0.5,0,297.4,0.061,0.46,True,True,0.901,0.081,2.6429,
20261006T053001Z_f1fd6a472c02,zoned_corridor_w2,SU,40,0.5,1,305.9,0.053,0.52,True,True,0.901,0.08,2.4878,
20261006T053001Z_f1fd6a472c02,zoned_corridor_w2,SU,40,0.5,2,48.4,0.053,0.52,True,True,0.901,0.08,2.4521,
20261006T053001Z_f1fd6a472c02,zoned_corridor_w2,SU,40,0.5,3,226.9,0.033,0.67,True,True,0.901,0.081,2.0302,
20261006T053001Z_f1fd6a472c02,zoned_corridor_w2,SU,40,0.5,4,72.2,0.054,0.52,True,True,0.901,0.08,2.7933,
20261006T053001Z_f1fd6a472c02,zoned_corridor_w2,SU,40,1.0,0,339.3,0.054,0.52,True,True,0.901,0.08,2.039,
20261006T053001Z_f1fd6a472c02,zoned_corridor_w2,SU,40,1.0,1,210.0,0.054,0.51,True,True,0.901,0.08,3.111,
20261006T053001Z_f1fd6a472c02,zoned_corridor_w2,SU,40,1.0,2,99.7,0.054,0.52,True,True,0.901,0.08,2.9293,
20261006T053001Z_f1fd6a472c02,zoned_corridor_w2,SU,40,1.0,3,170.8,0.054,0.54,True,True,0.901,0.08,2.8191,
20261006T053001Z_f1fd6a472c02,zoned_corridor_w2,SU,40,1.0,4,6.8,0.055,0.52,True,True,0.901,0.08,2.5324,
20261006T053001Z_f1fd6a472c02,zoned_corridor_w2,SU,40,2.0,0,185.5,0.054,0.52,True,True,0.901,0.08,2.138,
20261006T053001Z_f1fd6a472c02,zoned_corridor_w2,SU,40,2.0,1,131.6,0.054,0.52,True,True,0.901,0.08,2.5969,
20261006T053001Z_f1fd6a472c02,zoned_corridor_w2,SU,40,2.0,2,100.7,0.054,0.52,True,True,0.901,0.08,2.3272,
20261006T053001Z_f1fd6a472c02,zoned_corridor_w2,SU,40,2.0,3,142.8,0.052,0.5,True,True,0.901,0.08,3.0172,
20261006T053001Z_f1fd6a472c02,zoned_corridor_w2,SU,40,2.0,4,292.8,0.064,0.41,True,True,0.901,0.082,1.9209,
20261006T053001Z_f1fd6a472c02,zoned_corridor_w2,SU,40,4.0,0,301.1,0.053,0.52,True,True,0.901,0.08,2.0862,
20261006T053001Z_f1fd6a472c02,zoned_corridor_w2,SU,40,4.0,1,106.1,0.054,0.51,True,True,0.901,0.08,2.7477,
20261006T053001Z_f1fd6a472c02,zoned_corridor_w2,SU,40,4.0,2,81.8,0.059,0.46,True,True,0.901,0.081,2.9891,
20261006T053001Z_f1fd6a472c02,zoned_corridor_w2,SU,40,4.0,3,109.1,0.011,0.92,True,True,0.901,0.084,2.0135,
20261006T053001Z_f1fd6a472c02,zoned_corridor_w2,SU,40,4.0,4,131.7,0.056,0.5,True,True,0.901,0.08,2.9097,
20261006T053001Z_f1fd6a472c02,zoned_corridor_w2,SU,40,6.0,0,321.1,0.052,0.52,True,False,0.901,0.08,2.9446,translation_correction_limit
20261006T053001Z_f1fd6a472c02,zoned_corridor_w2,SU,40,6.0,1,316.5,0.054,0.52,True,False,0.901,0.08,2.6125,translation_correction_limit
20261006T053001Z_f1fd6a472c02,zoned_corridor_w2,SU,40,6.0,2,56.4,0.02,0.77,True,True,0.901,0.082,2.8208,
20261006T053001Z_f1fd6a472c02,zoned_corridor_w2,SU,40,6.0,3,194.2,0.056,0.48,True,False,0.901,0.08,2.7594,translation_correction_limit
20261006T053001Z_f1fd6a472c02,zoned_corridor_w2,SU,40,6.0,4,344.9,0.056,0.55,True,True,0.901,0.08,2.6755,
20261006T053001Z_f1fd6a472c02,zoned_corridor_w2,SU,58,0.0,0,223.0,0.092,0.08,True,True,0.394,0.18,0.114,
20261006T053001Z_f1fd6a472c02,zoned_corridor_w2,SU,58,0.5,0,262.2,0.093,0.11,True,True,0.394,0.18,0.169,
20261006T053001Z_f1fd6a472c02,zoned_corridor_w2,SU,58,0.5,1,331.7,0.092,0.19,True,True,0.394,0.181,0.1497,
20261006T053001Z_f1fd6a472c02,zoned_corridor_w2,SU,58,0.5,2,88.0,0.093,0.1,True,True,0.394,0.18,0.165,
20261006T053001Z_f1fd6a472c02,zoned_corridor_w2,SU,58,0.5,3,35.1,0.093,0.13,True,True,0.394,0.18,0.1498,
20261006T053001Z_f1fd6a472c02,zoned_corridor_w2,SU,58,0.5,4,79.3,0.092,0.17,True,True,0.394,0.18,0.1605,
20261006T053001Z_f1fd6a472c02,zoned_corridor_w2,SU,58,1.0,0,25.1,0.092,0.12,True,True,0.394,0.18,0.1504,
20261006T053001Z_f1fd6a472c02,zoned_corridor_w2,SU,58,1.0,1,229.7,0.092,0.05,True,True,0.394,0.18,0.214,
20261006T053001Z_f1fd6a472c02,zoned_corridor_w2,SU,58,1.0,2,334.4,0.093,0.06,True,True,0.394,0.18,0.1497,
20261006T053001Z_f1fd6a472c02,zoned_corridor_w2,SU,58,1.0,3,86.7,0.092,0.16,True,True,0.394,0.18,0.214,
20261006T053001Z_f1fd6a472c02,zoned_corridor_w2,SU,58,1.0,4,257.7,0.092,0.11,True,True,0.394,0.18,0.1711,
20261006T053001Z_f1fd6a472c02,zoned_corridor_w2,SU,58,2.0,0,292.0,0.093,0.15,True,True,0.394,0.18,0.1348,
20261006T053001Z_f1fd6a472c02,zoned_corridor_w2,SU,58,2.0,1,355.7,0.089,0.18,True,True,0.394,0.181,0.1496,
20261006T053001Z_f1fd6a472c02,zoned_corridor_w2,SU,58,2.0,2,103.5,0.093,0.1,True,True,0.394,0.18,0.1314,
20261006T053001Z_f1fd6a472c02,zoned_corridor_w2,SU,58,2.0,3,52.7,0.093,0.11,True,True,0.394,0.18,0.2162,
20261006T053001Z_f1fd6a472c02,zoned_corridor_w2,SU,58,2.0,4,41.6,0.093,0.12,True,True,0.394,0.18,0.2171,
20261006T053001Z_f1fd6a472c02,zoned_corridor_w2,SU,58,4.0,0,325.4,0.09,0.18,True,True,0.394,0.181,0.082,
20261006T053001Z_f1fd6a472c02,zoned_corridor_w2,SU,58,4.0,1,357.3,0.092,0.1,True,True,0.394,0.18,0.0644,
20261006T053001Z_f1fd6a472c02,zoned_corridor_w2,SU,58,4.0,2,355.6,0.092,0.11,True,True,0.394,0.18,0.1122,
20261006T053001Z_f1fd6a472c02,zoned_corridor_w2,SU,58,4.0,3,8.6,0.092,0.09,True,True,0.394,0.18,0.1541,
20261006T053001Z_f1fd6a472c02,zoned_corridor_w2,SU,58,4.0,4,60.7,0.093,0.08,True,True,0.394,0.18,0.2242,
20261006T053001Z_f1fd6a472c02,zoned_corridor_w2,SU,58,6.0,0,21.4,0.091,0.05,True,True,0.394,0.18,0.0462,
20261006T053001Z_f1fd6a472c02,zoned_corridor_w2,SU,58,6.0,1,140.4,0.091,0.15,True,False,0.394,0.18,0.2516,translation_correction_limit
20261006T053001Z_f1fd6a472c02,zoned_corridor_w2,SU,58,6.0,2,127.7,0.091,0.07,True,False,0.394,0.18,0.2297,translation_correction_limit
20261006T053001Z_f1fd6a472c02,zoned_corridor_w2,SU,58,6.0,3,159.3,0.092,0.11,True,False,0.394,0.18,0.2492,translation_correction_limit
20261006T053001Z_f1fd6a472c02,zoned_corridor_w2,SU,58,6.0,4,1.5,0.092,0.13,True,True,0.394,0.18,0.0497,
20261006T062307Z_b1d4e7473935,zoned_corridor_w3,RU,1,0.0,0,298.9,0.032,0.21,True,True,0.914,0.073,2.9775,
20261006T062307Z_b1d4e7473935,zoned_corridor_w3,RU,1,0.5,0,8.1,0.032,0.11,True,True,0.914,0.074,2.9185,
20261006T062307Z_b1d4e7473935,zoned_corridor_w3,RU,1,0.5,1,126.2,0.031,0.15,True,True,0.914,0.074,3.708,
20261006T062307Z_b1d4e7473935,zoned_corridor_w3,RU,1,0.5,2,45.3,0.033,0.21,True,True,0.914,0.073,3.1556,
20261006T062307Z_b1d4e7473935,zoned_corridor_w3,RU,1,0.5,3,342.6,0.035,0.16,True,True,0.914,0.073,2.9233,
20261006T062307Z_b1d4e7473935,zoned_corridor_w3,RU,1,0.5,4,61.6,0.033,0.21,True,True,0.914,0.073,2.9901,
20261006T062307Z_b1d4e7473935,zoned_corridor_w3,RU,1,1.0,0,309.4,0.033,0.21,True,True,0.914,0.073,3.0561,
20261006T062307Z_b1d4e7473935,zoned_corridor_w3,RU,1,1.0,1,85.9,0.033,0.21,True,True,0.914,0.073,2.9655,
20261006T062307Z_b1d4e7473935,zoned_corridor_w3,RU,1,1.0,2,0.2,0.033,0.2,True,True,0.914,0.073,2.9565,
20261006T062307Z_b1d4e7473935,zoned_corridor_w3,RU,1,1.0,3,346.2,0.032,0.23,True,True,0.914,0.073,2.9734,
20261006T062307Z_b1d4e7473935,zoned_corridor_w3,RU,1,1.0,4,353.1,0.033,0.21,True,True,0.914,0.073,2.974,
20261006T062307Z_b1d4e7473935,zoned_corridor_w3,RU,1,2.0,0,82.3,0.035,0.11,True,True,0.914,0.074,2.9428,
20261006T062307Z_b1d4e7473935,zoned_corridor_w3,RU,1,2.0,1,61.9,0.033,0.21,True,True,0.914,0.073,2.9321,
20261006T062307Z_b1d4e7473935,zoned_corridor_w3,RU,1,2.0,2,71.0,0.032,0.21,True,True,0.914,0.073,2.9291,
20261006T062307Z_b1d4e7473935,zoned_corridor_w3,RU,1,2.0,3,66.1,0.032,0.23,True,True,0.914,0.073,2.9715,
20261006T062307Z_b1d4e7473935,zoned_corridor_w3,RU,1,2.0,4,330.6,0.032,0.21,True,True,0.914,0.073,2.9394,
20261006T062307Z_b1d4e7473935,zoned_corridor_w3,RU,1,4.0,0,105.1,0.033,0.21,True,True,0.914,0.073,2.9344,
20261006T062307Z_b1d4e7473935,zoned_corridor_w3,RU,1,4.0,1,132.6,0.032,0.22,True,True,0.914,0.073,2.9269,
20261006T062307Z_b1d4e7473935,zoned_corridor_w3,RU,1,4.0,2,178.1,0.031,0.26,True,True,0.914,0.073,2.9041,
20261006T062307Z_b1d4e7473935,zoned_corridor_w3,RU,1,4.0,3,181.5,0.034,0.2,True,True,0.914,0.073,2.9634,
20261006T062307Z_b1d4e7473935,zoned_corridor_w3,RU,1,4.0,4,335.7,0.033,0.21,True,True,0.914,0.073,3.5018,
20261006T062307Z_b1d4e7473935,zoned_corridor_w3,RU,1,6.0,0,113.6,0.032,0.2,True,True,0.914,0.073,2.9253,
20261006T062307Z_b1d4e7473935,zoned_corridor_w3,RU,1,6.0,1,9.4,0.042,0.08,True,False,0.914,0.074,3.6053,translation_correction_limit
20261006T062307Z_b1d4e7473935,zoned_corridor_w3,RU,1,6.0,2,242.6,0.034,0.17,True,True,0.914,0.073,3.0037,
20261006T062307Z_b1d4e7473935,zoned_corridor_w3,RU,1,6.0,3,58.9,0.033,0.21,True,False,0.914,0.073,2.9664,translation_correction_limit
20261006T062307Z_b1d4e7473935,zoned_corridor_w3,RU,1,6.0,4,62.9,0.033,0.21,True,False,0.914,0.073,3.6021,translation_correction_limit
20261006T062307Z_b1d4e7473935,zoned_corridor_w3,SU,2,0.0,0,95.6,0.025,0.19,True,True,0.947,0.077,2.7006,
20261006T062307Z_b1d4e7473935,zoned_corridor_w3,SU,2,0.5,0,235.0,0.022,0.22,True,True,0.947,0.077,3.8778,
20261006T062307Z_b1d4e7473935,zoned_corridor_w3,SU,2,0.5,1,209.7,0.019,0.25,True,True,0.947,0.077,2.6934,
20261006T062307Z_b1d4e7473935,zoned_corridor_w3,SU,2,0.5,2,307.8,0.006,0.36,True,True,0.947,0.078,3.8541,
20261006T062307Z_b1d4e7473935,zoned_corridor_w3,SU,2,0.5,3,30.8,0.026,0.19,True,True,0.947,0.077,2.8545,
20261006T062307Z_b1d4e7473935,zoned_corridor_w3,SU,2,0.5,4,135.4,0.023,0.21,True,True,0.947,0.077,2.8149,
20261006T062307Z_b1d4e7473935,zoned_corridor_w3,SU,2,1.0,0,72.1,0.006,0.36,True,True,0.947,0.078,2.6247,
20261006T062307Z_b1d4e7473935,zoned_corridor_w3,SU,2,1.0,1,302.3,0.011,0.32,True,True,0.947,0.077,2.6733,
20261006T062307Z_b1d4e7473935,zoned_corridor_w3,SU,2,1.0,2,48.1,0.02,0.24,True,True,0.947,0.077,3.0004,
20261006T062307Z_b1d4e7473935,zoned_corridor_w3,SU,2,1.0,3,194.6,0.018,0.25,True,True,0.947,0.077,2.7313,
20261006T062307Z_b1d4e7473935,zoned_corridor_w3,SU,2,1.0,4,259.2,0.018,0.25,True,True,0.947,0.077,2.7704,
20261006T062307Z_b1d4e7473935,zoned_corridor_w3,SU,2,2.0,0,76.9,0.005,0.38,True,True,0.947,0.079,2.7456,
20261006T062307Z_b1d4e7473935,zoned_corridor_w3,SU,2,2.0,1,220.2,0.018,0.25,True,True,0.947,0.077,2.7809,
20261006T062307Z_b1d4e7473935,zoned_corridor_w3,SU,2,2.0,2,45.7,0.018,0.26,True,True,0.947,0.077,2.8178,
20261006T062307Z_b1d4e7473935,zoned_corridor_w3,SU,2,2.0,3,315.2,0.008,0.34,True,True,0.947,0.078,4.544,
20261006T062307Z_b1d4e7473935,zoned_corridor_w3,SU,2,2.0,4,139.6,0.019,0.25,True,True,0.947,0.077,2.9446,
20261006T062307Z_b1d4e7473935,zoned_corridor_w3,SU,2,4.0,0,106.5,0.032,0.11,True,True,0.947,0.078,2.626,
20261006T062307Z_b1d4e7473935,zoned_corridor_w3,SU,2,4.0,1,347.8,0.181,0.48,True,True,0.954,0.111,1.6652,
20261006T062307Z_b1d4e7473935,zoned_corridor_w3,SU,2,4.0,2,354.4,0.018,0.26,True,True,0.947,0.077,4.4939,
20261006T062307Z_b1d4e7473935,zoned_corridor_w3,SU,2,4.0,3,245.1,0.004,0.38,True,True,0.947,0.079,2.6151,
20261006T062307Z_b1d4e7473935,zoned_corridor_w3,SU,2,4.0,4,132.6,0.007,0.35,True,True,0.947,0.078,2.6545,
20261006T062307Z_b1d4e7473935,zoned_corridor_w3,SU,2,6.0,0,185.1,0.176,0.5,True,True,0.954,0.11,1.0,
20261006T062307Z_b1d4e7473935,zoned_corridor_w3,SU,2,6.0,1,50.6,0.028,0.18,True,False,0.947,0.077,3.966,translation_correction_limit
20261006T062307Z_b1d4e7473935,zoned_corridor_w3,SU,2,6.0,2,336.8,0.018,0.26,True,False,0.947,0.077,4.4155,translation_correction_limit
20261006T062307Z_b1d4e7473935,zoned_corridor_w3,SU,2,6.0,3,298.5,0.006,0.36,True,True,0.947,0.078,2.6557,
20261006T062307Z_b1d4e7473935,zoned_corridor_w3,SU,2,6.0,4,229.9,0.012,0.31,True,True,0.947,0.077,2.7875,
20261006T062307Z_b1d4e7473935,zoned_corridor_w3,RU,3,0.0,0,102.3,0.012,0.0,True,True,0.95,0.075,4.3018,
20261006T062307Z_b1d4e7473935,zoned_corridor_w3,RU,3,0.5,0,124.0,0.012,0.02,True,True,0.95,0.075,3.398,
20261006T062307Z_b1d4e7473935,zoned_corridor_w3,RU,3,0.5,1,264.4,0.012,0.04,True,True,0.95,0.075,2.9117,
20261006T062307Z_b1d4e7473935,zoned_corridor_w3,RU,3,0.5,2,23.8,0.011,0.07,True,True,0.95,0.075,4.2184,
20261006T062307Z_b1d4e7473935,zoned_corridor_w3,RU,3,0.5,3,178.1,0.014,0.02,True,True,0.95,0.075,4.2987,
20261006T062307Z_b1d4e7473935,zoned_corridor_w3,RU,3,0.5,4,29.4,0.011,0.0,True,True,0.95,0.075,4.3956,
20261006T062307Z_b1d4e7473935,zoned_corridor_w3,RU,3,1.0,0,70.9,0.008,0.06,True,True,0.95,0.075,4.26,
20261006T062307Z_b1d4e7473935,zoned_corridor_w3,RU,3,1.0,1,251.1,0.012,0.0,True,True,0.95,0.075,4.3704,
20261006T062307Z_b1d4e7473935,zoned_corridor_w3,RU,3,1.0,2,334.1,0.011,0.0,True,True,0.95,0.075,4.4816,
20261006T062307Z_b1d4e7473935,zoned_corridor_w3,RU,3,1.0,3,275.7,0.1,0.49,True,True,0.95,0.099,2.6628,
20261006T062307Z_b1d4e7473935,zoned_corridor_w3,RU,3,1.0,4,232.2,0.012,0.0,True,True,0.95,0.075,2.8564,
20261006T062307Z_b1d4e7473935,zoned_corridor_w3,RU,3,2.0,0,183.1,0.011,0.01,True,True,0.95,0.075,4.3841,
20261006T062307Z_b1d4e7473935,zoned_corridor_w3,RU,3,2.0,1,92.0,0.011,0.01,True,True,0.95,0.075,3.68,
20261006T062307Z_b1d4e7473935,zoned_corridor_w3,RU,3,2.0,2,10.4,0.012,0.02,True,True,0.95,0.076,4.3376,
20261006T062307Z_b1d4e7473935,zoned_corridor_w3,RU,3,2.0,3,170.6,0.015,0.05,True,True,0.95,0.076,3.2213,
20261006T062307Z_b1d4e7473935,zoned_corridor_w3,RU,3,2.0,4,37.4,0.011,0.0,True,True,0.95,0.075,4.3718,
20261006T062307Z_b1d4e7473935,zoned_corridor_w3,RU,3,4.0,0,259.9,0.013,0.01,True,True,0.95,0.075,2.8664,
20261006T062307Z_b1d4e7473935,zoned_corridor_w3,RU,3,4.0,1,327.2,0.015,0.05,True,True,0.95,0.076,2.8054,
20261006T062307Z_b1d4e7473935,zoned_corridor_w3,RU,3,4.0,2,211.1,0.012,0.01,True,True,0.95,0.075,3.2394,
20261006T062307Z_b1d4e7473935,zoned_corridor_w3,RU,3,4.0,3,178.0,0.011,0.0,True,True,0.95,0.076,3.5766,
20261006T062307Z_b1d4e7473935,zoned_corridor_w3,RU,3,4.0,4,155.0,0.011,0.02,True,True,0.95,0.076,4.4967,
20261006T062307Z_b1d4e7473935,zoned_corridor_w3,RU,3,6.0,0,315.5,0.011,0.0,True,False,0.95,0.075,5.1097,translation_correction_limit
20261006T062307Z_b1d4e7473935,zoned_corridor_w3,RU,3,6.0,1,320.7,0.011,0.0,True,False,0.95,0.075,3.2872,translation_correction_limit
20261006T062307Z_b1d4e7473935,zoned_corridor_w3,RU,3,6.0,2,102.7,0.011,0.01,True,False,0.95,0.076,4.4061,translation_correction_limit
20261006T062307Z_b1d4e7473935,zoned_corridor_w3,RU,3,6.0,3,9.1,0.008,0.07,True,False,0.95,0.075,3.7942,translation_correction_limit
20261006T062307Z_b1d4e7473935,zoned_corridor_w3,RU,3,6.0,4,323.0,0.012,0.0,True,False,0.95,0.076,3.1767,translation_correction_limit
20261006T062307Z_b1d4e7473935,zoned_corridor_w3,RR,8,0.0,0,283.9,0.072,0.3,True,True,0.931,0.078,2.7646,
20261006T062307Z_b1d4e7473935,zoned_corridor_w3,RR,8,0.5,0,285.3,0.077,0.35,True,True,0.931,0.078,1.8223,
20261006T062307Z_b1d4e7473935,zoned_corridor_w3,RR,8,0.5,1,44.4,0.072,0.29,True,True,0.931,0.078,2.8263,
20261006T062307Z_b1d4e7473935,zoned_corridor_w3,RR,8,0.5,2,242.6,0.068,0.27,True,True,0.931,0.078,1.8555,
20261006T062307Z_b1d4e7473935,zoned_corridor_w3,RR,8,0.5,3,238.7,0.072,0.3,True,True,0.931,0.078,2.7502,
20261006T062307Z_b1d4e7473935,zoned_corridor_w3,RR,8,0.5,4,320.7,0.072,0.3,True,True,0.931,0.078,2.7521,
20261006T062307Z_b1d4e7473935,zoned_corridor_w3,RR,8,1.0,0,241.7,0.071,0.28,True,True,0.931,0.078,2.7518,
20261006T062307Z_b1d4e7473935,zoned_corridor_w3,RR,8,1.0,1,43.5,0.071,0.3,True,True,0.931,0.078,2.7502,
20261006T062307Z_b1d4e7473935,zoned_corridor_w3,RR,8,1.0,2,313.3,0.079,0.49,True,True,0.931,0.078,2.7087,
20261006T062307Z_b1d4e7473935,zoned_corridor_w3,RR,8,1.0,3,66.6,0.072,0.3,True,True,0.931,0.078,1.9214,
20261006T062307Z_b1d4e7473935,zoned_corridor_w3,RR,8,1.0,4,216.6,0.072,0.3,True,True,0.931,0.078,2.2457,
20261006T062307Z_b1d4e7473935,zoned_corridor_w3,RR,8,2.0,0,79.8,0.071,0.28,True,True,0.931,0.078,2.75,
20261006T062307Z_b1d4e7473935,zoned_corridor_w3,RR,8,2.0,1,289.2,0.073,0.31,True,True,0.931,0.078,1.8735,
20261006T062307Z_b1d4e7473935,zoned_corridor_w3,RR,8,2.0,2,212.6,0.068,0.25,True,True,0.931,0.078,2.7509,
20261006T062307Z_b1d4e7473935,zoned_corridor_w3,RR,8,2.0,3,4.4,0.069,0.24,True,True,0.931,0.078,2.7513,
20261006T062307Z_b1d4e7473935,zoned_corridor_w3,RR,8,2.0,4,359.5,0.066,0.22,True,True,0.931,0.078,2.2091,
20261006T062307Z_b1d4e7473935,zoned_corridor_w3,RR,8,4.0,0,327.2,0.068,0.25,True,True,0.931,0.078,2.75,
20261006T062307Z_b1d4e7473935,zoned_corridor_w3,RR,8,4.0,1,51.0,0.07,0.28,True,True,0.931,0.078,2.1301,
20261006T062307Z_b1d4e7473935,zoned_corridor_w3,RR,8,4.0,2,164.6,0.073,0.3,True,True,0.931,0.078,2.7647,
20261006T062307Z_b1d4e7473935,zoned_corridor_w3,RR,8,4.0,3,347.7,0.08,0.47,True,True,0.931,0.078,2.0702,
20261006T062307Z_b1d4e7473935,zoned_corridor_w3,RR,8,4.0,4,95.9,0.072,0.28,True,True,0.931,0.078,2.7605,
20261006T062307Z_b1d4e7473935,zoned_corridor_w3,RR,8,6.0,0,41.6,0.074,0.24,True,False,0.931,0.079,2.3066,translation_correction_limit
20261006T062307Z_b1d4e7473935,zoned_corridor_w3,RR,8,6.0,1,87.1,0.071,0.28,True,True,0.931,0.078,1.8674,
20261006T062307Z_b1d4e7473935,zoned_corridor_w3,RR,8,6.0,2,73.4,0.069,0.26,True,False,0.931,0.078,1.6946,translation_correction_limit
20261006T062307Z_b1d4e7473935,zoned_corridor_w3,RR,8,6.0,3,224.5,0.076,0.37,True,True,0.931,0.078,2.7584,
20261006T062307Z_b1d4e7473935,zoned_corridor_w3,RR,8,6.0,4,317.6,0.072,0.3,True,False,0.931,0.078,2.7516,translation_correction_limit
20261006T062307Z_b1d4e7473935,zoned_corridor_w3,SR,9,0.0,0,158.8,5.23,1.37,False,True,0.804,0.171,0.7199,
20261006T062307Z_b1d4e7473935,zoned_corridor_w3,SR,9,0.5,0,333.7,5.259,1.15,False,True,0.804,0.175,0.4877,
20261006T062307Z_b1d4e7473935,zoned_corridor_w3,SR,9,0.5,1,115.8,5.053,1.22,False,True,0.794,0.166,0.77,
20261006T062307Z_b1d4e7473935,zoned_corridor_w3,SR,9,0.5,2,333.2,5.092,0.91,False,True,0.794,0.164,0.7908,
20261006T062307Z_b1d4e7473935,zoned_corridor_w3,SR,9,0.5,3,80.3,5.481,0.97,False,True,0.788,0.184,0.1725,
20261006T062307Z_b1d4e7473935,zoned_corridor_w3,SR,9,0.5,4,13.9,5.072,1.09,False,True,0.794,0.164,0.4952,
20261006T062307Z_b1d4e7473935,zoned_corridor_w3,SR,9,1.0,0,38.4,5.22,2.77,False,False,0.81,0.188,0.3956,translation_correction_limit
20261006T062307Z_b1d4e7473935,zoned_corridor_w3,SR,9,1.0,1,47.6,5.092,0.91,False,True,0.794,0.164,0.5357,
20261006T062307Z_b1d4e7473935,zoned_corridor_w3,SR,9,1.0,2,72.3,4.922,0.64,False,True,0.778,0.167,0.4269,
20261006T062307Z_b1d4e7473935,zoned_corridor_w3,SR,9,1.0,3,94.4,5.33,0.62,False,True,0.807,0.194,0.6123,
20261006T062307Z_b1d4e7473935,zoned_corridor_w3,SR,9,1.0,4,86.9,5.21,1.53,False,True,0.804,0.17,0.6919,
20261006T062307Z_b1d4e7473935,zoned_corridor_w3,SR,9,2.0,0,256.5,5.235,1.33,False,True,0.804,0.172,0.5838,
20261006T062307Z_b1d4e7473935,zoned_corridor_w3,SR,9,2.0,1,162.3,5.17,1.83,False,True,0.804,0.171,0.6851,
20261006T062307Z_b1d4e7473935,zoned_corridor_w3,SR,9,2.0,2,226.6,5.33,2.07,False,True,0.81,0.181,0.3957,
20261006T062307Z_b1d4e7473935,zoned_corridor_w3,SR,9,2.0,3,288.0,5.085,0.97,False,False,0.794,0.163,0.5301,translation_correction_limit
20261006T062307Z_b1d4e7473935,zoned_corridor_w3,SR,9,2.0,4,285.0,5.094,0.88,False,True,0.794,0.164,0.4303,
20261006T062307Z_b1d4e7473935,zoned_corridor_w3,SR,9,4.0,0,94.9,5.057,1.2,False,False,0.794,0.165,0.5006,translation_correction_limit
20261006T062307Z_b1d4e7473935,zoned_corridor_w3,SR,9,4.0,1,160.1,9.733,0.72,False,False,0.971,0.14,0.9099,translation_correction_limit
20261006T062307Z_b1d4e7473935,zoned_corridor_w3,SR,9,4.0,2,285.5,4.828,0.08,False,False,0.771,0.18,0.5133,translation_correction_limit
20261006T062307Z_b1d4e7473935,zoned_corridor_w3,SR,9,4.0,3,251.9,5.249,1.23,False,True,0.804,0.173,0.3888,
20261006T062307Z_b1d4e7473935,zoned_corridor_w3,SR,9,4.0,4,193.5,9.774,1.14,False,True,0.971,0.133,1.1527,
20261006T062307Z_b1d4e7473935,zoned_corridor_w3,SR,9,6.0,0,41.3,0.56,4.14,True,False,0.484,0.164,0.1621,translation_correction_limit
20261006T062307Z_b1d4e7473935,zoned_corridor_w3,SR,9,6.0,1,255.4,5.289,0.92,False,False,0.807,0.185,0.3615,translation_correction_limit
20261006T062307Z_b1d4e7473935,zoned_corridor_w3,SR,9,6.0,2,9.6,0.202,2.58,True,False,0.435,0.142,0.1853,translation_correction_limit
20261006T062307Z_b1d4e7473935,zoned_corridor_w3,SR,9,6.0,3,345.3,0.092,1.2,True,False,0.425,0.144,0.1454,translation_correction_limit
20261006T062307Z_b1d4e7473935,zoned_corridor_w3,SR,9,6.0,4,274.4,5.082,1.04,False,False,0.794,0.163,0.7214,translation_correction_limit
20261006T062307Z_b1d4e7473935,zoned_corridor_w3,SR,10,0.0,0,108.0,4.916,0.36,False,True,0.994,0.176,0.6365,
20261006T062307Z_b1d4e7473935,zoned_corridor_w3,SR,10,0.5,0,120.5,4.915,0.37,False,True,0.994,0.176,0.7499,
20261006T062307Z_b1d4e7473935,zoned_corridor_w3,SR,10,0.5,1,64.5,5.013,1.15,False,True,0.99,0.182,0.4542,
20261006T062307Z_b1d4e7473935,zoned_corridor_w3,SR,10,0.5,2,348.2,4.911,0.46,False,True,0.994,0.177,0.6957,
20261006T062307Z_b1d4e7473935,zoned_corridor_w3,SR,10,0.5,3,192.5,4.914,0.37,False,True,0.994,0.176,0.7289,
20261006T062307Z_b1d4e7473935,zoned_corridor_w3,SR,10,0.5,4,61.6,4.916,0.36,False,True,0.994,0.176,0.8085,
20261006T062307Z_b1d4e7473935,zoned_corridor_w3,SR,10,1.0,0,121.2,4.94,0.16,False,True,0.987,0.172,0.685,
20261006T062307Z_b1d4e7473935,zoned_corridor_w3,SR,10,1.0,1,231.8,4.915,0.36,False,True,0.994,0.176,0.6284,
20261006T062307Z_b1d4e7473935,zoned_corridor_w3,SR,10,1.0,2,63.1,4.924,0.29,False,True,0.994,0.177,0.619,
20261006T062307Z_b1d4e7473935,zoned_corridor_w3,SR,10,1.0,3,28.8,5.11,0.27,False,True,0.968,0.162,0.6038,
20261006T062307Z_b1d4e7473935,zoned_corridor_w3,SR,10,1.0,4,356.3,4.92,0.32,False,True,0.994,0.177,0.6239,
20261006T062307Z_b1d4e7473935,zoned_corridor_w3,SR,10,2.0,0,239.4,4.749,0.1,False,False,0.997,0.194,0.385,translation_correction_limit
20261006T062307Z_b1d4e7473935,zoned_corridor_w3,SR,10,2.0,1,142.4,4.346,0.27,False,False,0.891,0.219,0.0055,ambiguous_minimum;translation_correction_limit
20261006T062307Z_b1d4e7473935,zoned_corridor_w3,SR,10,2.0,2,328.9,5.102,0.43,False,True,0.968,0.159,0.6712,
20261006T062307Z_b1d4e7473935,zoned_corridor_w3,SR,10,2.0,3,230.6,4.546,0.21,False,False,0.965,0.211,0.1548,translation_correction_limit
20261006T062307Z_b1d4e7473935,zoned_corridor_w3,SR,10,2.0,4,179.1,0.181,1.54,True,True,0.78,0.105,0.5108,
20261006T062307Z_b1d4e7473935,zoned_corridor_w3,SR,10,4.0,0,201.2,0.283,2.36,True,True,0.786,0.115,0.968,
20261006T062307Z_b1d4e7473935,zoned_corridor_w3,SR,10,4.0,1,33.0,4.921,0.31,False,True,0.994,0.177,0.634,
20261006T062307Z_b1d4e7473935,zoned_corridor_w3,SR,10,4.0,2,264.8,4.901,0.48,False,False,0.994,0.177,0.6131,translation_correction_limit
20261006T062307Z_b1d4e7473935,zoned_corridor_w3,SR,10,4.0,3,63.1,5.094,0.42,False,True,0.971,0.162,0.6392,
20261006T062307Z_b1d4e7473935,zoned_corridor_w3,SR,10,4.0,4,308.4,4.735,0.24,False,True,0.997,0.196,0.4764,
20261006T062307Z_b1d4e7473935,zoned_corridor_w3,SR,10,6.0,0,248.3,0.311,2.02,True,False,0.786,0.121,0.6327,translation_correction_limit
20261006T062307Z_b1d4e7473935,zoned_corridor_w3,SR,10,6.0,1,178.2,0.078,0.44,True,True,0.767,0.143,0.6581,
20261006T062307Z_b1d4e7473935,zoned_corridor_w3,SR,10,6.0,2,258.5,4.736,0.22,False,False,0.997,0.196,0.5283,translation_correction_limit
20261006T062307Z_b1d4e7473935,zoned_corridor_w3,SR,10,6.0,3,12.6,5.103,0.43,False,True,0.968,0.159,0.5755,
20261006T062307Z_b1d4e7473935,zoned_corridor_w3,SR,10,6.0,4,198.3,0.184,1.53,True,False,0.78,0.105,1.0722,translation_correction_limit
20261006T062307Z_b1d4e7473935,zoned_corridor_w3,RU,11,0.0,0,311.6,0.068,0.18,True,True,0.855,0.097,1.7626,
20261006T062307Z_b1d4e7473935,zoned_corridor_w3,RU,11,0.5,0,290.8,0.069,0.27,True,True,0.853,0.094,1.7092,
20261006T062307Z_b1d4e7473935,zoned_corridor_w3,RU,11,0.5,1,100.5,0.067,0.18,True,True,0.855,0.097,1.8196,
20261006T062307Z_b1d4e7473935,zoned_corridor_w3,RU,11,0.5,2,293.1,0.039,0.49,True,True,0.859,0.102,1.4526,
20261006T062307Z_b1d4e7473935,zoned_corridor_w3,RU,11,0.5,3,176.9,0.038,0.48,True,True,0.859,0.102,1.532,
20261006T062307Z_b1d4e7473935,zoned_corridor_w3,RU,11,0.5,4,56.5,0.038,0.56,True,True,0.859,0.103,1.4466,
20261006T062307Z_b1d4e7473935,zoned_corridor_w3,RU,11,1.0,0,292.2,0.073,0.07,True,True,0.855,0.096,1.1031,
20261006T062307Z_b1d4e7473935,zoned_corridor_w3,RU,11,1.0,1,131.5,0.035,0.57,True,True,0.859,0.102,1.201,
20261006T062307Z_b1d4e7473935,zoned_corridor_w3,RU,11,1.0,2,327.2,0.068,0.17,True,True,0.855,0.096,1.5697,
20261006T062307Z_b1d4e7473935,zoned_corridor_w3,RU,11,1.0,3,226.4,0.036,0.56,True,True,0.859,0.102,1.5158,
20261006T062307Z_b1d4e7473935,zoned_corridor_w3,RU,11,1.0,4,287.8,0.065,0.11,True,True,0.855,0.095,1.3718,
20261006T062307Z_b1d4e7473935,zoned_corridor_w3,RU,11,2.0,0,302.2,0.067,0.21,True,True,0.853,0.093,1.7452,
20261006T062307Z_b1d4e7473935,zoned_corridor_w3,RU,11,2.0,1,255.6,0.039,0.48,True,True,0.859,0.101,1.5309,
20261006T062307Z_b1d4e7473935,zoned_corridor_w3,RU,11,2.0,2,199.5,0.066,0.18,True,True,0.855,0.096,1.9065,
20261006T062307Z_b1d4e7473935,zoned_corridor_w3,RU,11,2.0,3,49.8,0.069,0.12,True,True,0.855,0.095,1.7839,
20261006T062307Z_b1d4e7473935,zoned_corridor_w3,RU,11,2.0,4,79.6,0.067,0.21,True,True,0.855,0.097,1.7165,
20261006T062307Z_b1d4e7473935,zoned_corridor_w3,RU,11,4.0,0,35.0,0.066,0.22,True,True,0.855,0.097,1.3442,
20261006T062307Z_b1d4e7473935,zoned_corridor_w3,RU,11,4.0,1,77.4,0.067,0.17,True,True,0.855,0.096,1.717,
20261006T062307Z_b1d4e7473935,zoned_corridor_w3,RU,11,4.0,2,310.0,0.067,0.2,True,True,0.855,0.097,1.7553,
20261006T062307Z_b1d4e7473935,zoned_corridor_w3,RU,11,4.0,3,234.3,0.077,0.03,True,True,0.855,0.096,1.6933,
20261006T062307Z_b1d4e7473935,zoned_corridor_w3,RU,11,4.0,4,290.3,0.07,0.14,True,True,0.855,0.096,1.358,
20261006T062307Z_b1d4e7473935,zoned_corridor_w3,RU,11,6.0,0,95.2,0.063,0.21,True,False,0.855,0.098,1.712,translation_correction_limit
20261006T062307Z_b1d4e7473935,zoned_corridor_w3,RU,11,6.0,1,139.0,0.037,0.48,True,False,0.859,0.102,1.5342,translation_correction_limit
20261006T062307Z_b1d4e7473935,zoned_corridor_w3,RU,11,6.0,2,203.0,0.066,0.2,True,False,0.855,0.096,1.3327,translation_correction_limit
20261006T062307Z_b1d4e7473935,zoned_corridor_w3,RU,11,6.0,3,156.3,0.068,0.18,True,False,0.855,0.097,1.8274,translation_correction_limit
20261006T062307Z_b1d4e7473935,zoned_corridor_w3,RU,11,6.0,4,308.7,0.075,0.07,True,True,0.855,0.096,1.5898,
20261006T062307Z_b1d4e7473935,zoned_corridor_w3,RU,13,0.0,0,135.3,0.107,0.17,True,True,0.83,0.135,1.1448,
20261006T062307Z_b1d4e7473935,zoned_corridor_w3,RU,13,0.5,0,50.5,0.109,0.09,True,True,0.83,0.134,1.2048,
20261006T062307Z_b1d4e7473935,zoned_corridor_w3,RU,13,0.5,1,0.6,0.107,0.17,True,True,0.83,0.135,1.1446,
20261006T062307Z_b1d4e7473935,zoned_corridor_w3,RU,13,0.5,2,86.4,0.023,0.62,True,True,0.824,0.13,1.1521,
20261006T062307Z_b1d4e7473935,zoned_corridor_w3,RU,13,0.5,3,187.4,0.023,0.58,True,True,0.824,0.13,1.1353,
20261006T062307Z_b1d4e7473935,zoned_corridor_w3,RU,13,0.5,4,25.5,0.029,0.66,True,True,0.824,0.13,1.1172,
20261006T062307Z_b1d4e7473935,zoned_corridor_w3,RU,13,1.0,0,108.6,0.018,0.67,True,True,0.822,0.129,1.1041,
20261006T062307Z_b1d4e7473935,zoned_corridor_w3,RU,13,1.0,1,78.4,0.012,0.49,True,True,0.824,0.131,1.1229,
20261006T062307Z_b1d4e7473935,zoned_corridor_w3,RU,13,1.0,2,185.6,0.108,0.21,True,True,0.83,0.136,1.1358,
20261006T062307Z_b1d4e7473935,zoned_corridor_w3,RU,13,1.0,3,146.9,0.107,0.17,True,True,0.83,0.135,0.828,
20261006T062307Z_b1d4e7473935,zoned_corridor_w3,RU,13,1.0,4,128.7,0.106,0.16,True,True,0.83,0.135,1.1555,
20261006T062307Z_b1d4e7473935,zoned_corridor_w3,RU,13,2.0,0,12.2,0.022,0.58,True,True,0.824,0.13,0.8048,
20261006T062307Z_b1d4e7473935,zoned_corridor_w3,RU,13,2.0,1,286.0,0.023,0.59,True,True,0.824,0.13,1.1336,
20261006T062307Z_b1d4e7473935,zoned_corridor_w3,RU,13,2.0,2,243.6,0.11,0.19,True,True,0.83,0.135,0.7672,
20261006T062307Z_b1d4e7473935,zoned_corridor_w3,RU,13,2.0,3,54.5,0.025,0.62,True,True,0.824,0.13,0.8755,
20261006T062307Z_b1d4e7473935,zoned_corridor_w3,RU,13,2.0,4,65.7,0.11,0.23,True,True,0.83,0.136,1.1531,
20261006T062307Z_b1d4e7473935,zoned_corridor_w3,RU,13,4.0,0,39.7,0.108,0.19,True,True,0.83,0.135,0.7108,
20261006T062307Z_b1d4e7473935,zoned_corridor_w3,RU,13,4.0,1,160.4,0.107,0.17,True,True,0.83,0.135,1.6355,
20261006T062307Z_b1d4e7473935,zoned_corridor_w3,RU,13,4.0,2,83.0,0.023,0.59,True,True,0.824,0.13,1.1325,
20261006T062307Z_b1d4e7473935,zoned_corridor_w3,RU,13,4.0,3,102.0,0.019,0.52,True,True,0.824,0.13,1.1196,
20261006T062307Z_b1d4e7473935,zoned_corridor_w3,RU,13,4.0,4,359.7,0.108,0.17,True,True,0.83,0.135,1.1552,
20261006T062307Z_b1d4e7473935,zoned_corridor_w3,RU,13,6.0,0,146.3,0.107,0.17,True,False,0.83,0.135,0.9448,translation_correction_limit
20261006T062307Z_b1d4e7473935,zoned_corridor_w3,RU,13,6.0,1,217.4,0.028,0.64,True,False,0.824,0.13,1.1056,translation_correction_limit
20261006T062307Z_b1d4e7473935,zoned_corridor_w3,RU,13,6.0,2,130.0,0.107,0.17,True,False,0.83,0.135,0.7847,translation_correction_limit
20261006T062307Z_b1d4e7473935,zoned_corridor_w3,RU,13,6.0,3,52.3,0.022,0.64,True,True,0.822,0.128,1.1393,
20261006T062307Z_b1d4e7473935,zoned_corridor_w3,RU,13,6.0,4,222.1,0.026,0.27,True,True,0.822,0.13,0.8916,
20261006T062307Z_b1d4e7473935,zoned_corridor_w3,RR,17,0.0,0,84.4,0.059,0.01,True,True,0.898,0.125,0.6379,
20261006T062307Z_b1d4e7473935,zoned_corridor_w3,RR,17,0.5,0,252.7,0.048,0.02,True,True,0.898,0.125,0.6465,
20261006T062307Z_b1d4e7473935,zoned_corridor_w3,RR,17,0.5,1,140.3,0.046,0.08,True,True,0.898,0.124,0.6446,
20261006T062307Z_b1d4e7473935,zoned_corridor_w3,RR,17,0.5,2,235.2,0.064,0.11,True,True,0.898,0.124,0.6347,
20261006T062307Z_b1d4e7473935,zoned_corridor_w3,RR,17,0.5,3,204.9,0.045,0.04,True,True,0.898,0.124,0.6472,
20261006T062307Z_b1d4e7473935,zoned_corridor_w3,RR,17,0.5,4,266.3,0.051,0.17,True,True,0.898,0.124,0.6429,
20261006T062307Z_b1d4e7473935,zoned_corridor_w3,RR,17,1.0,0,139.9,0.046,0.03,True,True,0.898,0.125,0.6444,
20261006T062307Z_b1d4e7473935,zoned_corridor_w3,RR,17,1.0,1,89.2,0.048,0.08,True,True,0.898,0.124,0.6468,
20261006T062307Z_b1d4e7473935,zoned_corridor_w3,RR,17,1.0,2,136.9,0.046,0.04,True,True,0.898,0.124,0.6454,
20261006T062307Z_b1d4e7473935,zoned_corridor_w3,RR,17,1.0,3,97.1,0.066,0.04,True,True,0.898,0.125,0.6383,
20261006T062307Z_b1d4e7473935,zoned_corridor_w3,RR,17,1.0,4,327.7,0.047,0.04,True,True,0.898,0.124,0.6458,
20261006T062307Z_b1d4e7473935,zoned_corridor_w3,RR,17,2.0,0,195.3,0.046,0.05,True,True,0.898,0.124,0.6452,
20261006T062307Z_b1d4e7473935,zoned_corridor_w3,RR,17,2.0,1,90.6,0.041,0.05,True,True,0.898,0.125,0.6443,
20261006T062307Z_b1d4e7473935,zoned_corridor_w3,RR,17,2.0,2,132.1,0.046,0.04,True,True,0.898,0.124,0.6465,
20261006T062307Z_b1d4e7473935,zoned_corridor_w3,RR,17,2.0,3,16.3,0.065,0.11,True,True,0.898,0.124,0.6431,
20261006T062307Z_b1d4e7473935,zoned_corridor_w3,RR,17,2.0,4,128.6,0.034,0.09,True,True,0.898,0.125,0.6339,
20261006T062307Z_b1d4e7473935,zoned_corridor_w3,RR,17,4.0,0,130.5,0.046,0.01,True,True,0.898,0.125,0.6472,
20261006T062307Z_b1d4e7473935,zoned_corridor_w3,RR,17,4.0,1,4.8,0.042,0.07,True,True,0.898,0.125,1.3258,
20261006T062307Z_b1d4e7473935,zoned_corridor_w3,RR,17,4.0,2,68.1,0.048,0.04,True,True,0.898,0.124,0.6466,
20261006T062307Z_b1d4e7473935,zoned_corridor_w3,RR,17,4.0,3,82.5,0.047,0.07,True,True,0.898,0.124,0.6473,
20261006T062307Z_b1d4e7473935,zoned_corridor_w3,RR,17,4.0,4,213.0,0.047,0.08,True,True,0.898,0.124,0.6451,
20261006T062307Z_b1d4e7473935,zoned_corridor_w3,RR,17,6.0,0,247.4,0.068,0.06,True,False,0.898,0.124,0.6368,translation_correction_limit
20261006T062307Z_b1d4e7473935,zoned_corridor_w3,RR,17,6.0,1,238.5,0.051,0.13,True,False,0.898,0.124,0.6443,translation_correction_limit
20261006T062307Z_b1d4e7473935,zoned_corridor_w3,RR,17,6.0,2,62.8,0.068,0.06,True,True,0.898,0.125,1.1781,
20261006T062307Z_b1d4e7473935,zoned_corridor_w3,RR,17,6.0,3,95.3,0.046,0.04,True,True,0.898,0.124,0.6452,
20261006T062307Z_b1d4e7473935,zoned_corridor_w3,RR,17,6.0,4,358.7,0.048,0.06,True,True,0.898,0.124,1.3202,
20261006T062307Z_b1d4e7473935,zoned_corridor_w3,SU,21,0.0,0,57.7,0.121,0.87,True,True,0.858,0.076,1.4518,
20261006T062307Z_b1d4e7473935,zoned_corridor_w3,SU,21,0.5,0,213.3,0.128,0.79,True,True,0.858,0.077,1.4676,
20261006T062307Z_b1d4e7473935,zoned_corridor_w3,SU,21,0.5,1,315.2,0.13,0.76,True,True,0.858,0.077,1.6732,
20261006T062307Z_b1d4e7473935,zoned_corridor_w3,SU,21,0.5,2,97.9,0.107,0.93,True,True,0.858,0.077,1.2402,
20261006T062307Z_b1d4e7473935,zoned_corridor_w3,SU,21,0.5,3,312.9,0.105,1.04,True,True,0.858,0.076,1.5161,
20261006T062307Z_b1d4e7473935,zoned_corridor_w3,SU,21,0.5,4,183.4,0.114,0.94,True,True,0.858,0.076,1.4774,
20261006T062307Z_b1d4e7473935,zoned_corridor_w3,SU,21,1.0,0,329.7,0.124,0.85,True,True,0.858,0.076,1.5109,
20261006T062307Z_b1d4e7473935,zoned_corridor_w3,SU,21,1.0,1,310.7,0.121,0.87,True,True,0.858,0.076,1.4905,
20261006T062307Z_b1d4e7473935,zoned_corridor_w3,SU,21,1.0,2,59.9,0.121,0.88,True,True,0.858,0.076,1.4824,
20261006T062307Z_b1d4e7473935,zoned_corridor_w3,SU,21,1.0,3,295.4,0.119,0.88,True,True,0.858,0.076,0.9514,
20261006T062307Z_b1d4e7473935,zoned_corridor_w3,SU,21,1.0,4,121.9,0.124,0.82,True,True,0.858,0.077,1.4871,
20261006T062307Z_b1d4e7473935,zoned_corridor_w3,SU,21,2.0,0,138.1,0.101,1.06,True,True,0.858,0.076,1.7072,
20261006T062307Z_b1d4e7473935,zoned_corridor_w3,SU,21,2.0,1,93.2,0.121,0.87,True,True,0.858,0.076,1.4858,
20261006T062307Z_b1d4e7473935,zoned_corridor_w3,SU,21,2.0,2,205.7,0.117,0.85,True,True,0.858,0.077,0.9855,
20261006T062307Z_b1d4e7473935,zoned_corridor_w3,SU,21,2.0,3,22.4,0.109,0.98,True,True,0.858,0.076,1.2457,
20261006T062307Z_b1d4e7473935,zoned_corridor_w3,SU,21,2.0,4,268.3,0.119,0.79,True,True,0.858,0.078,1.4674,
20261006T062307Z_b1d4e7473935,zoned_corridor_w3,SU,21,4.0,0,69.6,0.121,0.87,True,True,0.858,0.076,0.9281,
20261006T062307Z_b1d4e7473935,zoned_corridor_w3,SU,21,4.0,1,17.6,0.006,0.37,True,True,0.851,0.085,1.252,
20261006T062307Z_b1d4e7473935,zoned_corridor_w3,SU,21,4.0,2,58.4,0.131,0.77,True,True,0.858,0.077,1.1353,
20261006T062307Z_b1d4e7473935,zoned_corridor_w3,SU,21,4.0,3,275.4,0.124,0.82,True,True,0.858,0.077,0.893,
20261006T062307Z_b1d4e7473935,zoned_corridor_w3,SU,21,4.0,4,221.4,0.128,0.9,True,True,0.858,0.076,1.6868,
20261006T062307Z_b1d4e7473935,zoned_corridor_w3,SU,21,6.0,0,144.5,0.187,0.27,True,True,0.858,0.093,1.0,
20261006T062307Z_b1d4e7473935,zoned_corridor_w3,SU,21,6.0,1,47.2,0.112,0.89,True,False,0.858,0.077,1.0,translation_correction_limit
20261006T062307Z_b1d4e7473935,zoned_corridor_w3,SU,21,6.0,2,234.1,0.121,0.88,True,True,0.858,0.076,1.4797,
20261006T062307Z_b1d4e7473935,zoned_corridor_w3,SU,21,6.0,3,244.2,0.023,0.51,True,False,0.851,0.086,1.0148,translation_correction_limit
20261006T062307Z_b1d4e7473935,zoned_corridor_w3,SU,21,6.0,4,310.4,0.086,1.25,True,False,0.858,0.078,1.4139,translation_correction_limit
20261006T062307Z_b1d4e7473935,zoned_corridor_w3,SR,23,0.0,0,234.9,0.286,0.3,True,True,0.922,0.113,0.5109,
20261006T062307Z_b1d4e7473935,zoned_corridor_w3,SR,23,0.5,0,80.7,0.283,0.24,True,True,0.922,0.113,0.5423,
20261006T062307Z_b1d4e7473935,zoned_corridor_w3,SR,23,0.5,1,272.4,0.265,0.42,True,True,0.922,0.11,0.5,
20261006T062307Z_b1d4e7473935,zoned_corridor_w3,SR,23,0.5,2,96.1,0.308,0.04,True,True,0.922,0.122,0.4587,
20261006T062307Z_b1d4e7473935,zoned_corridor_w3,SR,23,0.5,3,102.0,0.283,0.24,True,True,0.922,0.113,0.5295,
20261006T062307Z_b1d4e7473935,zoned_corridor_w3,SR,23,0.5,4,198.7,0.307,0.02,True,True,0.922,0.122,0.5198,
20261006T062307Z_b1d4e7473935,zoned_corridor_w3,SR,23,1.0,0,90.0,0.265,0.41,True,True,0.922,0.11,0.5494,
20261006T062307Z_b1d4e7473935,zoned_corridor_w3,SR,23,1.0,1,96.2,0.286,0.21,True,True,0.922,0.114,0.4816,
20261006T062307Z_b1d4e7473935,zoned_corridor_w3,SR,23,1.0,2,149.0,0.423,0.7,True,True,0.932,0.14,0.2726,
20261006T062307Z_b1d4e7473935,zoned_corridor_w3,SR,23,1.0,3,311.3,0.071,0.38,True,True,0.908,0.116,0.406,
20261006T062307Z_b1d4e7473935,zoned_corridor_w3,SR,23,1.0,4,182.7,0.273,0.33,True,True,0.922,0.111,0.5284,
20261006T062307Z_b1d4e7473935,zoned_corridor_w3,SR,23,2.0,0,325.8,0.115,0.02,True,True,0.908,0.103,0.8307,
20261006T062307Z_b1d4e7473935,zoned_corridor_w3,SR,23,2.0,1,289.0,0.115,0.0,True,True,0.908,0.103,0.4999,
20261006T062307Z_b1d4e7473935,zoned_corridor_w3,SR,23,2.0,2,215.0,0.282,0.25,True,True,0.922,0.113,0.5001,
20261006T062307Z_b1d4e7473935,zoned_corridor_w3,SR,23,2.0,3,327.1,0.094,0.18,True,True,0.908,0.106,0.9897,
20261006T062307Z_b1d4e7473935,zoned_corridor_w3,SR,23,2.0,4,77.8,0.289,0.2,True,True,0.922,0.115,0.4962,
20261006T062307Z_b1d4e7473935,zoned_corridor_w3,SR,23,4.0,0,225.5,0.26,0.45,True,True,0.922,0.11,0.5101,
20261006T062307Z_b1d4e7473935,zoned_corridor_w3,SR,23,4.0,1,151.1,0.282,0.25,True,True,0.922,0.113,0.5294,
20261006T062307Z_b1d4e7473935,zoned_corridor_w3,SR,23,4.0,2,308.8,0.28,0.27,True,True,0.922,0.113,1.6465,
20261006T062307Z_b1d4e7473935,zoned_corridor_w3,SR,23,4.0,3,102.2,0.279,0.28,True,True,0.922,0.112,0.4883,
20261006T062307Z_b1d4e7473935,zoned_corridor_w3,SR,23,4.0,4,273.5,0.283,0.25,True,True,0.922,0.113,0.4865,
20261006T062307Z_b1d4e7473935,zoned_corridor_w3,SR,23,6.0,0,154.1,0.159,0.33,True,True,0.908,0.103,0.3848,
20261006T062307Z_b1d4e7473935,zoned_corridor_w3,SR,23,6.0,1,246.9,0.185,0.55,True,True,0.908,0.111,0.3231,
20261006T062307Z_b1d4e7473935,zoned_corridor_w3,SR,23,6.0,2,182.9,0.289,0.15,True,True,0.922,0.116,0.5715,
20261006T062307Z_b1d4e7473935,zoned_corridor_w3,SR,23,6.0,3,173.5,0.283,0.24,True,True,0.922,0.113,0.5948,
20261006T062307Z_b1d4e7473935,zoned_corridor_w3,SR,23,6.0,4,348.5,0.046,0.56,True,False,0.898,0.124,1.2578,translation_correction_limit
20261006T062307Z_b1d4e7473935,zoned_corridor_w3,SU,24,0.0,0,230.4,0.177,0.05,True,True,0.849,0.095,0.8757,
20261006T062307Z_b1d4e7473935,zoned_corridor_w3,SU,24,0.5,0,24.8,0.011,0.17,True,True,0.842,0.085,0.8908,
20261006T062307Z_b1d4e7473935,zoned_corridor_w3,SU,24,0.5,1,57.6,0.011,0.09,True,True,0.842,0.089,0.7542,
20261006T062307Z_b1d4e7473935,zoned_corridor_w3,SU,24,0.5,2,308.1,0.01,0.09,True,True,0.842,0.089,0.947,
20261006T062307Z_b1d4e7473935,zoned_corridor_w3,SU,24,0.5,3,22.8,0.165,0.08,True,True,0.846,0.084,0.8794,
20261006T062307Z_b1d4e7473935,zoned_corridor_w3,SU,24,0.5,4,211.4,0.011,0.17,True,True,0.839,0.082,0.8932,
20261006T062307Z_b1d4e7473935,zoned_corridor_w3,SU,24,1.0,0,139.0,0.011,0.09,True,True,0.842,0.089,0.9513,
20261006T062307Z_b1d4e7473935,zoned_corridor_w3,SU,24,1.0,1,278.2,0.005,0.21,True,True,0.842,0.087,0.9369,
20261006T062307Z_b1d4e7473935,zoned_corridor_w3,SU,24,1.0,2,8.6,0.138,0.32,True,True,0.846,0.081,0.8455,
20261006T062307Z_b1d4e7473935,zoned_corridor_w3,SU,24,1.0,3,356.6,0.016,0.0,True,True,0.842,0.089,1.0282,
20261006T062307Z_b1d4e7473935,zoned_corridor_w3,SU,24,1.0,4,152.4,0.129,0.39,True,True,0.846,0.082,0.9011,
20261006T062307Z_b1d4e7473935,zoned_corridor_w3,SU,24,2.0,0,206.9,0.011,0.08,True,True,0.842,0.089,0.7762,
20261006T062307Z_b1d4e7473935,zoned_corridor_w3,SU,24,2.0,1,351.1,0.141,0.3,True,True,0.846,0.081,0.9001,
20261006T062307Z_b1d4e7473935,zoned_corridor_w3,SU,24,2.0,2,124.9,0.165,0.07,True,True,0.846,0.084,0.9699,
20261006T062307Z_b1d4e7473935,zoned_corridor_w3,SU,24,2.0,3,356.0,0.168,0.07,True,True,0.846,0.085,0.873,
20261006T062307Z_b1d4e7473935,zoned_corridor_w3,SU,24,2.0,4,173.9,0.212,0.39,True,True,0.846,0.104,0.682,
20261006T062307Z_b1d4e7473935,zoned_corridor_w3,SU,24,4.0,0,184.7,0.029,0.07,True,True,0.842,0.093,0.9663,
20261006T062307Z_b1d4e7473935,zoned_corridor_w3,SU,24,4.0,1,27.0,0.135,0.36,True,True,0.846,0.082,0.8315,
20261006T062307Z_b1d4e7473935,zoned_corridor_w3,SU,24,4.0,2,260.4,0.011,0.08,True,True,0.842,0.089,0.9796,
20261006T062307Z_b1d4e7473935,zoned_corridor_w3,SU,24,4.0,3,167.6,0.028,0.06,True,True,0.842,0.093,0.9859,
20261006T062307Z_b1d4e7473935,zoned_corridor_w3,SU,24,4.0,4,149.1,0.004,0.2,True,True,0.842,0.088,0.9074,
20261006T062307Z_b1d4e7473935,zoned_corridor_w3,SU,24,6.0,0,334.6,0.147,0.25,True,True,0.846,0.082,0.8434,
20261006T062307Z_b1d4e7473935,zoned_corridor_w3,SU,24,6.0,1,72.5,0.143,0.26,True,True,0.846,0.081,0.9303,
20261006T062307Z_b1d4e7473935,zoned_corridor_w3,SU,24,6.0,2,205.4,0.011,0.08,True,True,0.842,0.089,1.9127,
20261006T062307Z_b1d4e7473935,zoned_corridor_w3,SU,24,6.0,3,197.3,0.004,0.2,True,False,0.842,0.087,1.694,translation_correction_limit
20261006T062307Z_b1d4e7473935,zoned_corridor_w3,SU,24,6.0,4,4.5,0.004,0.26,True,True,0.842,0.088,1.4578,
20261006T062307Z_b1d4e7473935,zoned_corridor_w3,SR,25,0.0,0,279.8,0.06,0.02,True,True,0.895,0.092,0.4153,
20261006T062307Z_b1d4e7473935,zoned_corridor_w3,SR,25,0.5,0,278.2,0.035,0.76,True,True,0.907,0.104,0.3642,
20261006T062307Z_b1d4e7473935,zoned_corridor_w3,SR,25,0.5,1,278.0,0.082,0.2,True,True,0.895,0.089,0.4441,
20261006T062307Z_b1d4e7473935,zoned_corridor_w3,SR,25,0.5,2,143.9,0.102,0.36,True,True,0.895,0.092,0.3803,
20261006T062307Z_b1d4e7473935,zoned_corridor_w3,SR,25,0.5,3,146.1,0.11,0.42,True,True,0.895,0.094,0.3484,
20261006T062307Z_b1d4e7473935,zoned_corridor_w3,SR,25,0.5,4,272.1,0.05,0.64,True,True,0.907,0.105,0.401,
20261006T062307Z_b1d4e7473935,zoned_corridor_w3,SR,25,1.0,0,263.1,0.076,0.15,True,True,0.895,0.089,0.4495,
20261006T062307Z_b1d4e7473935,zoned_corridor_w3,SR,25,1.0,1,160.2,0.067,0.19,True,True,0.895,0.089,0.4127,
20261006T062307Z_b1d4e7473935,zoned_corridor_w3,SR,25,1.0,2,69.1,0.066,0.06,True,True,0.895,0.09,0.4111,
20261006T062307Z_b1d4e7473935,zoned_corridor_w3,SR,25,1.0,3,163.8,0.043,0.76,True,True,0.907,0.104,0.3614,
20261006T062307Z_b1d4e7473935,zoned_corridor_w3,SR,25,1.0,4,292.9,0.074,0.16,True,True,0.895,0.089,0.4227,
20261006T062307Z_b1d4e7473935,zoned_corridor_w3,SR,25,2.0,0,254.0,0.03,0.79,True,True,0.907,0.104,0.3461,
20261006T062307Z_b1d4e7473935,zoned_corridor_w3,SR,25,2.0,1,87.3,0.073,0.09,True,True,0.895,0.09,0.4535,
20261006T062307Z_b1d4e7473935,zoned_corridor_w3,SR,25,2.0,2,45.9,0.091,0.17,True,True,0.895,0.091,0.6948,
20261006T062307Z_b1d4e7473935,zoned_corridor_w3,SR,25,2.0,3,17.1,0.076,0.14,True,True,0.895,0.089,1.2365,
20261006T062307Z_b1d4e7473935,zoned_corridor_w3,SR,25,2.0,4,216.6,0.073,0.2,True,True,0.895,0.089,0.4418,
20261006T062307Z_b1d4e7473935,zoned_corridor_w3,SR,25,4.0,0,83.7,0.047,0.65,True,True,0.907,0.105,0.3998,
20261006T062307Z_b1d4e7473935,zoned_corridor_w3,SR,25,4.0,1,174.1,0.063,0.13,True,True,0.895,0.089,0.4321,
20261006T062307Z_b1d4e7473935,zoned_corridor_w3,SR,25,4.0,2,255.6,0.076,0.15,True,True,0.895,0.089,0.4495,
20261006T062307Z_b1d4e7473935,zoned_corridor_w3,SR,25,4.0,3,80.5,0.077,0.43,True,True,0.907,0.112,0.3815,
20261006T062307Z_b1d4e7473935,zoned_corridor_w3,SR,25,4.0,4,278.5,0.078,0.02,True,True,0.895,0.092,0.3678,
20261006T062307Z_b1d4e7473935,zoned_corridor_w3,SR,25,6.0,0,195.4,0.073,0.11,True,False,0.895,0.09,0.4583,translation_correction_limit
20261006T062307Z_b1d4e7473935,zoned_corridor_w3,SR,25,6.0,1,346.7,0.078,0.16,True,True,0.895,0.089,1.5842,
20261006T062307Z_b1d4e7473935,zoned_corridor_w3,SR,25,6.0,2,84.7,0.072,0.08,True,True,0.895,0.09,0.4425,
20261006T062307Z_b1d4e7473935,zoned_corridor_w3,SR,25,6.0,3,26.3,0.081,0.15,True,True,0.895,0.09,1.5755,
20261006T062307Z_b1d4e7473935,zoned_corridor_w3,SR,25,6.0,4,128.6,0.072,0.1,True,False,0.895,0.09,0.4464,translation_correction_limit
20261006T062307Z_b1d4e7473935,zoned_corridor_w3,RU,26,0.0,0,284.3,0.043,0.16,True,True,0.745,0.117,0.8696,
20261006T062307Z_b1d4e7473935,zoned_corridor_w3,RU,26,0.5,0,74.0,0.045,0.25,True,True,0.745,0.117,0.9291,
20261006T062307Z_b1d4e7473935,zoned_corridor_w3,RU,26,0.5,1,230.6,0.044,0.24,True,True,0.745,0.117,0.888,
20261006T062307Z_b1d4e7473935,zoned_corridor_w3,RU,26,0.5,2,114.6,0.046,0.29,True,True,0.745,0.117,0.9401,
20261006T062307Z_b1d4e7473935,zoned_corridor_w3,RU,26,0.5,3,44.4,0.044,0.26,True,True,0.745,0.117,0.914,
20261006T062307Z_b1d4e7473935,zoned_corridor_w3,RU,26,0.5,4,35.0,0.045,0.27,True,True,0.745,0.117,0.8653,
20261006T062307Z_b1d4e7473935,zoned_corridor_w3,RU,26,1.0,0,62.2,0.046,0.26,True,True,0.745,0.117,0.8772,
20261006T062307Z_b1d4e7473935,zoned_corridor_w3,RU,26,1.0,1,316.9,0.043,0.26,True,True,0.745,0.117,0.8925,
20261006T062307Z_b1d4e7473935,zoned_corridor_w3,RU,26,1.0,2,262.6,0.045,0.25,True,True,0.745,0.117,0.8792,
20261006T062307Z_b1d4e7473935,zoned_corridor_w3,RU,26,1.0,3,206.2,0.044,0.25,True,True,0.745,0.117,0.9547,
20261006T062307Z_b1d4e7473935,zoned_corridor_w3,RU,26,1.0,4,241.6,0.044,0.25,True,True,0.745,0.117,0.8652,
20261006T062307Z_b1d4e7473935,zoned_corridor_w3,RU,26,2.0,0,21.9,0.046,0.25,True,True,0.745,0.117,0.8815,
20261006T062307Z_b1d4e7473935,zoned_corridor_w3,RU,26,2.0,1,157.5,0.041,0.15,True,True,0.745,0.117,0.8606,
20261006T062307Z_b1d4e7473935,zoned_corridor_w3,RU,26,2.0,2,95.7,0.042,0.15,True,True,0.745,0.117,0.8721,
20261006T062307Z_b1d4e7473935,zoned_corridor_w3,RU,26,2.0,3,4.8,0.044,0.25,True,True,0.745,0.117,0.8649,
20261006T062307Z_b1d4e7473935,zoned_corridor_w3,RU,26,2.0,4,85.8,0.043,0.06,True,True,0.745,0.117,0.8488,
20261006T062307Z_b1d4e7473935,zoned_corridor_w3,RU,26,4.0,0,27.8,0.045,0.25,True,True,0.745,0.117,0.8661,
20261006T062307Z_b1d4e7473935,zoned_corridor_w3,RU,26,4.0,1,355.3,0.037,0.38,True,True,0.747,0.122,0.8596,
20261006T062307Z_b1d4e7473935,zoned_corridor_w3,RU,26,4.0,2,72.9,0.045,0.18,True,True,0.745,0.117,0.8626,
20261006T062307Z_b1d4e7473935,zoned_corridor_w3,RU,26,4.0,3,301.6,0.11,0.73,True,True,0.749,0.13,0.8093,
20261006T062307Z_b1d4e7473935,zoned_corridor_w3,RU,26,4.0,4,125.3,0.044,0.29,True,True,0.745,0.117,0.9204,
20261006T062307Z_b1d4e7473935,zoned_corridor_w3,RU,26,6.0,0,143.7,0.044,0.24,True,False,0.745,0.117,1.2145,translation_correction_limit
20261006T062307Z_b1d4e7473935,zoned_corridor_w3,RU,26,6.0,1,306.2,0.043,0.2,True,True,0.745,0.117,0.8653,
20261006T062307Z_b1d4e7473935,zoned_corridor_w3,RU,26,6.0,2,277.6,0.044,0.25,True,True,0.745,0.117,0.868,
20261006T062307Z_b1d4e7473935,zoned_corridor_w3,RU,26,6.0,3,26.2,0.09,0.8,True,True,0.749,0.13,0.8591,
20261006T062307Z_b1d4e7473935,zoned_corridor_w3,RU,26,6.0,4,354.9,0.044,0.25,True,False,0.745,0.117,0.9164,translation_correction_limit
20261006T062307Z_b1d4e7473935,zoned_corridor_w3,RR,30,0.0,0,257.3,0.102,0.4,True,True,0.727,0.129,0.1992,
20261006T062307Z_b1d4e7473935,zoned_corridor_w3,RR,30,0.5,0,51.4,0.091,0.28,True,True,0.727,0.129,0.209,
20261006T062307Z_b1d4e7473935,zoned_corridor_w3,RR,30,0.5,1,198.5,0.09,0.28,True,True,0.727,0.13,0.2005,
20261006T062307Z_b1d4e7473935,zoned_corridor_w3,RR,30,0.5,2,297.7,0.089,0.27,True,True,0.727,0.13,0.2012,
20261006T062307Z_b1d4e7473935,zoned_corridor_w3,RR,30,0.5,3,81.5,0.091,0.26,True,True,0.727,0.13,0.2003,
20261006T062307Z_b1d4e7473935,zoned_corridor_w3,RR,30,0.5,4,228.6,0.089,0.27,True,True,0.727,0.13,0.2003,
20261006T062307Z_b1d4e7473935,zoned_corridor_w3,RR,30,1.0,0,4.6,0.091,0.28,True,True,0.727,0.129,0.2012,
20261006T062307Z_b1d4e7473935,zoned_corridor_w3,RR,30,1.0,1,38.4,0.098,0.4,True,True,0.724,0.123,0.197,
20261006T062307Z_b1d4e7473935,zoned_corridor_w3,RR,30,1.0,2,184.2,0.09,0.27,True,True,0.727,0.13,0.201,
20261006T062307Z_b1d4e7473935,zoned_corridor_w3,RR,30,1.0,3,269.5,0.089,0.27,True,True,0.727,0.13,0.2011,
20261006T062307Z_b1d4e7473935,zoned_corridor_w3,RR,30,1.0,4,323.8,0.091,0.28,True,True,0.727,0.129,0.2003,
20261006T062307Z_b1d4e7473935,zoned_corridor_w3,RR,30,2.0,0,35.4,0.029,0.24,True,True,0.724,0.133,0.1913,
20261006T062307Z_b1d4e7473935,zoned_corridor_w3,RR,30,2.0,1,121.9,0.089,0.27,True,True,0.727,0.13,0.2006,
20261006T062307Z_b1d4e7473935,zoned_corridor_w3,RR,30,2.0,2,124.5,0.089,0.27,True,True,0.727,0.13,0.2013,
20261006T062307Z_b1d4e7473935,zoned_corridor_w3,RR,30,2.0,3,99.2,0.106,0.41,True,True,0.727,0.128,0.199,
20261006T062307Z_b1d4e7473935,zoned_corridor_w3,RR,30,2.0,4,273.8,0.069,0.21,True,True,0.724,0.125,0.1973,
20261006T062307Z_b1d4e7473935,zoned_corridor_w3,RR,30,4.0,0,106.4,0.089,0.26,True,True,0.727,0.13,0.2015,
20261006T062307Z_b1d4e7473935,zoned_corridor_w3,RR,30,4.0,1,208.5,0.091,0.28,True,True,0.727,0.129,0.8136,
20261006T062307Z_b1d4e7473935,zoned_corridor_w3,RR,30,4.0,2,104.8,0.088,0.28,True,True,0.727,0.13,0.2003,
20261006T062307Z_b1d4e7473935,zoned_corridor_w3,RR,30,4.0,3,217.7,0.093,0.28,True,True,0.727,0.129,0.7536,
20261006T062307Z_b1d4e7473935,zoned_corridor_w3,RR,30,4.0,4,199.1,0.089,0.27,True,True,0.727,0.13,0.8234,
20261006T062307Z_b1d4e7473935,zoned_corridor_w3,RR,30,6.0,0,188.4,0.056,0.08,True,False,0.727,0.133,0.9033,translation_correction_limit
20261006T062307Z_b1d4e7473935,zoned_corridor_w3,RR,30,6.0,1,13.3,0.092,0.28,True,True,0.727,0.129,0.0471,
20261006T062307Z_b1d4e7473935,zoned_corridor_w3,RR,30,6.0,2,27.7,0.089,0.27,True,True,0.727,0.13,0.0471,
20261006T062307Z_b1d4e7473935,zoned_corridor_w3,RR,30,6.0,3,282.3,0.083,0.34,True,False,0.724,0.124,0.1962,translation_correction_limit
20261006T062307Z_b1d4e7473935,zoned_corridor_w3,RR,30,6.0,4,173.5,0.063,0.24,True,False,0.724,0.127,0.7578,translation_correction_limit
20261006T062307Z_b1d4e7473935,zoned_corridor_w3,RU,31,0.0,0,343.1,0.055,0.13,True,True,0.871,0.099,1.5198,
20261006T062307Z_b1d4e7473935,zoned_corridor_w3,RU,31,0.5,0,221.6,0.134,0.85,True,True,0.872,0.116,1.1636,
20261006T062307Z_b1d4e7473935,zoned_corridor_w3,RU,31,0.5,1,246.3,0.058,0.18,True,True,0.872,0.102,1.963,
20261006T062307Z_b1d4e7473935,zoned_corridor_w3,RU,31,0.5,2,247.8,0.06,0.15,True,True,0.872,0.103,1.7451,
20261006T062307Z_b1d4e7473935,zoned_corridor_w3,RU,31,0.5,3,173.8,0.063,0.31,True,True,0.872,0.102,1.506,
20261006T062307Z_b1d4e7473935,zoned_corridor_w3,RU,31,0.5,4,92.9,0.053,0.11,True,True,0.871,0.1,1.5484,
20261006T062307Z_b1d4e7473935,zoned_corridor_w3,RU,31,1.0,0,143.1,0.059,0.18,True,True,0.872,0.102,1.4969,
20261006T062307Z_b1d4e7473935,zoned_corridor_w3,RU,31,1.0,1,322.5,0.059,0.18,True,True,0.872,0.102,1.5633,
20261006T062307Z_b1d4e7473935,zoned_corridor_w3,RU,31,1.0,2,338.9,0.059,0.18,True,True,0.872,0.102,1.6722,
20261006T062307Z_b1d4e7473935,zoned_corridor_w3,RU,31,1.0,3,124.9,0.058,0.19,True,True,0.872,0.102,1.5603,
20261006T062307Z_b1d4e7473935,zoned_corridor_w3,RU,31,1.0,4,336.6,0.14,0.41,True,True,0.874,0.116,1.1923,
20261006T062307Z_b1d4e7473935,zoned_corridor_w3,RU,31,2.0,0,111.2,0.057,0.2,True,True,0.872,0.103,1.6062,
20261006T062307Z_b1d4e7473935,zoned_corridor_w3,RU,31,2.0,1,154.0,0.061,0.21,True,True,0.872,0.102,1.5599,
20261006T062307Z_b1d4e7473935,zoned_corridor_w3,RU,31,2.0,2,216.1,0.052,0.05,True,True,0.871,0.1,1.5244,
20261006T062307Z_b1d4e7473935,zoned_corridor_w3,RU,31,2.0,3,272.1,0.061,0.25,True,True,0.872,0.103,1.513,
20261006T062307Z_b1d4e7473935,zoned_corridor_w3,RU,31,2.0,4,250.2,0.061,0.25,True,True,0.872,0.102,1.5233,
20261006T062307Z_b1d4e7473935,zoned_corridor_w3,RU,31,4.0,0,1.5,0.058,0.2,True,True,0.872,0.102,1.5232,
20261006T062307Z_b1d4e7473935,zoned_corridor_w3,RU,31,4.0,1,145.7,0.059,0.18,True,True,0.872,0.102,1.6199,
20261006T062307Z_b1d4e7473935,zoned_corridor_w3,RU,31,4.0,2,347.8,0.067,0.34,True,True,0.872,0.102,1.4849,
20261006T062307Z_b1d4e7473935,zoned_corridor_w3,RU,31,4.0,3,141.6,0.059,0.18,True,True,0.872,0.102,1.6603,
20261006T062307Z_b1d4e7473935,zoned_corridor_w3,RU,31,4.0,4,233.1,0.058,0.18,True,True,0.872,0.102,1.5726,
20261006T062307Z_b1d4e7473935,zoned_corridor_w3,RU,31,6.0,0,85.2,0.066,0.34,True,True,0.872,0.102,1.5197,
20261006T062307Z_b1d4e7473935,zoned_corridor_w3,RU,31,6.0,1,40.8,0.061,0.25,True,True,0.872,0.102,1.515,
20261006T062307Z_b1d4e7473935,zoned_corridor_w3,RU,31,6.0,2,281.5,0.058,0.19,True,False,0.872,0.103,1.529,translation_correction_limit
20261006T062307Z_b1d4e7473935,zoned_corridor_w3,RU,31,6.0,3,353.2,0.058,0.17,True,True,0.872,0.102,1.5244,
20261006T062307Z_b1d4e7473935,zoned_corridor_w3,RU,31,6.0,4,92.0,0.059,0.21,True,True,0.872,0.102,1.6008,
20261006T062307Z_b1d4e7473935,zoned_corridor_w3,RR,35,0.0,0,288.1,4.111,0.66,False,True,0.663,0.265,0.057,
20261006T062307Z_b1d4e7473935,zoned_corridor_w3,RR,35,0.5,0,216.1,4.116,0.66,False,True,0.663,0.264,0.0547,
20261006T062307Z_b1d4e7473935,zoned_corridor_w3,RR,35,0.5,1,107.6,4.119,0.73,False,True,0.663,0.264,0.0547,
20261006T062307Z_b1d4e7473935,zoned_corridor_w3,RR,35,0.5,2,79.7,4.122,0.82,False,True,0.663,0.263,0.0545,
20261006T062307Z_b1d4e7473935,zoned_corridor_w3,RR,35,0.5,3,276.8,4.118,0.72,False,True,0.663,0.264,0.0736,
20261006T062307Z_b1d4e7473935,zoned_corridor_w3,RR,35,0.5,4,12.4,4.102,0.83,False,True,0.666,0.266,0.0541,
20261006T062307Z_b1d4e7473935,zoned_corridor_w3,RR,35,1.0,0,133.2,4.107,0.57,False,True,0.663,0.265,0.0545,
20261006T062307Z_b1d4e7473935,zoned_corridor_w3,RR,35,1.0,1,357.6,4.12,0.76,False,True,0.663,0.264,0.0566,
20261006T062307Z_b1d4e7473935,zoned_corridor_w3,RR,35,1.0,2,332.5,4.114,0.74,False,True,0.663,0.264,0.0545,
20261006T062307Z_b1d4e7473935,zoned_corridor_w3,RR,35,1.0,3,280.4,4.126,0.84,False,True,0.663,0.263,0.0545,
20261006T062307Z_b1d4e7473935,zoned_corridor_w3,RR,35,1.0,4,58.6,4.119,0.77,False,True,0.663,0.264,0.0547,
20261006T062307Z_b1d4e7473935,zoned_corridor_w3,RR,35,2.0,0,275.7,4.119,0.71,False,True,0.663,0.264,0.0547,
20261006T062307Z_b1d4e7473935,zoned_corridor_w3,RR,35,2.0,1,177.5,7.996,1.17,False,False,0.843,0.202,0.5317,translation_correction_limit
20261006T062307Z_b1d4e7473935,zoned_corridor_w3,RR,35,2.0,2,331.9,4.119,0.66,False,True,0.663,0.264,0.0546,
20261006T062307Z_b1d4e7473935,zoned_corridor_w3,RR,35,2.0,3,104.7,4.114,0.79,False,True,0.663,0.264,0.0544,
20261006T062307Z_b1d4e7473935,zoned_corridor_w3,RR,35,2.0,4,268.4,4.122,1.11,False,True,0.672,0.27,0.0541,
20261006T062307Z_b1d4e7473935,zoned_corridor_w3,RR,35,4.0,0,158.2,8.076,1.18,False,True,0.843,0.201,0.3798,
20261006T062307Z_b1d4e7473935,zoned_corridor_w3,RR,35,4.0,1,78.0,4.12,1.12,False,False,0.672,0.271,0.0541,translation_correction_limit
20261006T062307Z_b1d4e7473935,zoned_corridor_w3,RR,35,4.0,2,81.4,4.122,1.19,False,False,0.672,0.27,0.0542,translation_correction_limit
20261006T062307Z_b1d4e7473935,zoned_corridor_w3,RR,35,4.0,3,240.7,8.025,1.08,False,False,0.843,0.201,0.5407,translation_correction_limit
20261006T062307Z_b1d4e7473935,zoned_corridor_w3,RR,35,4.0,4,173.5,8.077,1.11,False,True,0.843,0.201,0.4198,
20261006T062307Z_b1d4e7473935,zoned_corridor_w3,RR,35,6.0,0,296.1,0.087,0.49,True,False,0.497,0.199,0.1523,translation_correction_limit
20261006T062307Z_b1d4e7473935,zoned_corridor_w3,RR,35,6.0,1,354.9,0.03,0.13,True,False,0.494,0.198,0.2277,translation_correction_limit
20261006T062307Z_b1d4e7473935,zoned_corridor_w3,RR,35,6.0,2,101.3,4.121,0.84,False,False,0.663,0.263,0.0544,translation_correction_limit
20261006T062307Z_b1d4e7473935,zoned_corridor_w3,RR,35,6.0,3,79.8,4.118,0.74,False,False,0.663,0.264,0.0547,translation_correction_limit
20261006T062307Z_b1d4e7473935,zoned_corridor_w3,RR,35,6.0,4,354.5,0.035,0.06,True,False,0.494,0.198,0.154,translation_correction_limit
20261006T062307Z_b1d4e7473935,zoned_corridor_w3,RR,41,0.0,0,125.9,0.089,0.08,True,True,0.85,0.122,0.7927,
20261006T062307Z_b1d4e7473935,zoned_corridor_w3,RR,41,0.5,0,96.6,0.093,0.22,True,True,0.85,0.122,0.7949,
20261006T062307Z_b1d4e7473935,zoned_corridor_w3,RR,41,0.5,1,159.0,0.092,0.15,True,True,0.85,0.122,0.8006,
20261006T062307Z_b1d4e7473935,zoned_corridor_w3,RR,41,0.5,2,54.4,0.093,0.16,True,True,0.85,0.122,0.7967,
20261006T062307Z_b1d4e7473935,zoned_corridor_w3,RR,41,0.5,3,357.4,0.092,0.16,True,True,0.85,0.122,0.7969,
20261006T062307Z_b1d4e7473935,zoned_corridor_w3,RR,41,0.5,4,301.6,0.092,0.14,True,True,0.85,0.122,0.797,
20261006T062307Z_b1d4e7473935,zoned_corridor_w3,RR,41,1.0,0,353.7,0.09,0.09,True,True,0.85,0.122,0.7941,
20261006T062307Z_b1d4e7473935,zoned_corridor_w3,RR,41,1.0,1,301.7,0.106,0.25,True,True,0.846,0.119,0.7848,
20261006T062307Z_b1d4e7473935,zoned_corridor_w3,RR,41,1.0,2,110.1,0.092,0.16,True,True,0.85,0.122,0.7968,
20261006T062307Z_b1d4e7473935,zoned_corridor_w3,RR,41,1.0,3,184.3,0.094,0.23,True,True,0.85,0.122,0.7938,
20261006T062307Z_b1d4e7473935,zoned_corridor_w3,RR,41,1.0,4,154.5,0.095,0.05,True,True,0.85,0.122,0.7914,
20261006T062307Z_b1d4e7473935,zoned_corridor_w3,RR,41,2.0,0,233.2,0.091,0.14,True,True,0.85,0.122,0.797,
20261006T062307Z_b1d4e7473935,zoned_corridor_w3,RR,41,2.0,1,248.9,0.092,0.2,True,True,0.85,0.122,0.7958,
20261006T062307Z_b1d4e7473935,zoned_corridor_w3,RR,41,2.0,2,199.9,0.095,0.11,True,True,0.85,0.122,0.7981,
20261006T062307Z_b1d4e7473935,zoned_corridor_w3,RR,41,2.0,3,343.8,0.092,0.16,True,True,0.85,0.122,0.7977,
20261006T062307Z_b1d4e7473935,zoned_corridor_w3,RR,41,2.0,4,113.3,0.091,0.21,True,True,0.85,0.122,0.796,
20261006T062307Z_b1d4e7473935,zoned_corridor_w3,RR,41,4.0,0,88.1,0.094,0.09,True,True,0.85,0.122,0.7943,
20261006T062307Z_b1d4e7473935,zoned_corridor_w3,RR,41,4.0,1,299.2,0.092,0.16,True,True,0.85,0.122,0.7968,
20261006T062307Z_b1d4e7473935,zoned_corridor_w3,RR,41,4.0,2,59.7,0.092,0.17,True,True,0.85,0.122,0.7971,
20261006T062307Z_b1d4e7473935,zoned_corridor_w3,RR,41,4.0,3,322.1,0.092,0.16,True,True,0.85,0.122,0.7971,
20261006T062307Z_b1d4e7473935,zoned_corridor_w3,RR,41,4.0,4,308.1,0.094,0.06,True,True,0.85,0.122,0.7926,
20261006T062307Z_b1d4e7473935,zoned_corridor_w3,RR,41,6.0,0,130.4,0.091,0.17,True,True,0.85,0.122,1.2247,
20261006T062307Z_b1d4e7473935,zoned_corridor_w3,RR,41,6.0,1,30.7,0.092,0.17,True,False,0.85,0.122,0.7967,translation_correction_limit
20261006T062307Z_b1d4e7473935,zoned_corridor_w3,RR,41,6.0,2,194.3,0.092,0.16,True,True,0.85,0.122,1.2249,
20261006T062307Z_b1d4e7473935,zoned_corridor_w3,RR,41,6.0,3,7.8,0.068,0.32,True,False,0.85,0.121,0.7772,translation_correction_limit
20261006T062307Z_b1d4e7473935,zoned_corridor_w3,RR,41,6.0,4,73.5,0.092,0.16,True,True,0.85,0.122,0.7969,
20261006T062307Z_b1d4e7473935,zoned_corridor_w3,SU,47,0.0,0,118.9,0.06,0.02,True,True,0.857,0.084,1.5459,
20261006T062307Z_b1d4e7473935,zoned_corridor_w3,SU,47,0.5,0,70.0,0.066,0.0,True,True,0.857,0.085,1.5488,
20261006T062307Z_b1d4e7473935,zoned_corridor_w3,SU,47,0.5,1,81.4,0.044,0.19,True,True,0.857,0.081,1.822,
20261006T062307Z_b1d4e7473935,zoned_corridor_w3,SU,47,0.5,2,79.1,0.044,0.18,True,True,0.857,0.081,1.7265,
20261006T062307Z_b1d4e7473935,zoned_corridor_w3,SU,47,0.5,3,248.4,0.026,0.34,True,True,0.857,0.082,1.5358,
20261006T062307Z_b1d4e7473935,zoned_corridor_w3,SU,47,0.5,4,0.5,0.119,0.09,True,True,0.853,0.087,0.8497,
20261006T062307Z_b1d4e7473935,zoned_corridor_w3,SU,47,1.0,0,2.2,0.087,0.38,True,True,0.853,0.082,1.2555,
20261006T062307Z_b1d4e7473935,zoned_corridor_w3,SU,47,1.0,1,243.9,0.044,0.18,True,True,0.857,0.081,0.9768,
20261006T062307Z_b1d4e7473935,zoned_corridor_w3,SU,47,1.0,2,230.9,0.046,0.12,True,True,0.857,0.081,1.0409,
20261006T062307Z_b1d4e7473935,zoned_corridor_w3,SU,47,1.0,3,43.4,0.044,0.18,True,True,0.857,0.081,1.5464,
20261006T062307Z_b1d4e7473935,zoned_corridor_w3,SU,47,1.0,4,244.4,0.044,0.18,True,True,0.857,0.081,1.5516,
20261006T062307Z_b1d4e7473935,zoned_corridor_w3,SU,47,2.0,0,96.3,0.074,0.6,True,True,0.853,0.082,0.7891,
20261006T062307Z_b1d4e7473935,zoned_corridor_w3,SU,47,2.0,1,59.5,0.044,0.18,True,True,0.857,0.081,1.607,
20261006T062307Z_b1d4e7473935,zoned_corridor_w3,SU,47,2.0,2,210.2,0.038,0.23,True,True,0.857,0.081,1.3511,
20261006T062307Z_b1d4e7473935,zoned_corridor_w3,SU,47,2.0,3,54.6,0.046,0.17,True,True,0.857,0.081,1.872,
20261006T062307Z_b1d4e7473935,zoned_corridor_w3,SU,47,2.0,4,204.9,0.035,0.28,True,True,0.857,0.082,1.0655,
20261006T062307Z_b1d4e7473935,zoned_corridor_w3,SU,47,4.0,0,172.7,0.036,0.28,True,True,0.857,0.082,1.9889,
20261006T062307Z_b1d4e7473935,zoned_corridor_w3,SU,47,4.0,1,294.8,0.118,0.1,True,True,0.853,0.087,1.4411,
20261006T062307Z_b1d4e7473935,zoned_corridor_w3,SU,47,4.0,2,344.1,0.044,0.18,True,True,0.857,0.082,1.5439,
20261006T062307Z_b1d4e7473935,zoned_corridor_w3,SU,47,4.0,3,226.4,0.057,0.08,True,True,0.857,0.083,1.3446,
20261006T062307Z_b1d4e7473935,zoned_corridor_w3,SU,47,4.0,4,280.9,0.038,0.23,True,True,0.857,0.082,0.9505,
20261006T062307Z_b1d4e7473935,zoned_corridor_w3,SU,47,6.0,0,80.5,0.044,0.18,True,True,0.857,0.081,1.5467,
20261006T062307Z_b1d4e7473935,zoned_corridor_w3,SU,47,6.0,1,310.5,0.036,0.25,True,True,0.857,0.082,1.5356,
20261006T062307Z_b1d4e7473935,zoned_corridor_w3,SU,47,6.0,2,236.6,0.119,0.09,True,True,0.853,0.087,0.8372,
20261006T062307Z_b1d4e7473935,zoned_corridor_w3,SU,47,6.0,3,95.3,0.043,0.18,True,True,0.857,0.081,1.331,
20261006T062307Z_b1d4e7473935,zoned_corridor_w3,SU,47,6.0,4,20.6,0.044,0.18,True,True,0.857,0.081,1.5463,
20261006T062307Z_b1d4e7473935,zoned_corridor_w3,SR,48,0.0,0,201.0,0.249,1.67,True,True,0.777,0.114,0.1858,
20261006T062307Z_b1d4e7473935,zoned_corridor_w3,SR,48,0.5,0,130.6,0.476,1.38,True,True,0.786,0.149,0.0949,
20261006T062307Z_b1d4e7473935,zoned_corridor_w3,SR,48,0.5,1,23.9,0.249,1.67,True,True,0.777,0.114,0.1011,
20261006T062307Z_b1d4e7473935,zoned_corridor_w3,SR,48,0.5,2,93.1,0.545,2.37,True,True,0.792,0.141,0.0543,
20261006T062307Z_b1d4e7473935,zoned_corridor_w3,SR,48,0.5,3,320.9,0.262,1.42,True,True,0.78,0.121,0.0903,
20261006T062307Z_b1d4e7473935,zoned_corridor_w3,SR,48,0.5,4,38.4,0.249,1.67,True,True,0.777,0.114,0.119,
20261006T062307Z_b1d4e7473935,zoned_corridor_w3,SR,48,1.0,0,145.2,0.549,2.32,True,True,0.792,0.142,0.0781,
20261006T062307Z_b1d4e7473935,zoned_corridor_w3,SR,48,1.0,1,313.4,0.361,2.34,True,True,0.786,0.116,0.1104,
20261006T062307Z_b1d4e7473935,zoned_corridor_w3,SR,48,1.0,2,60.0,0.35,2.52,True,True,0.786,0.119,0.0751,
20261006T062307Z_b1d4e7473935,zoned_corridor_w3,SR,48,1.0,3,284.9,0.541,2.52,True,False,0.792,0.138,0.0191,ambiguous_minimum
20261006T062307Z_b1d4e7473935,zoned_corridor_w3,SR,48,1.0,4,7.6,0.254,1.57,True,True,0.78,0.12,0.1005,
20261006T062307Z_b1d4e7473935,zoned_corridor_w3,SR,48,2.0,0,309.6,0.455,1.87,True,True,0.789,0.138,0.0224,
20261006T062307Z_b1d4e7473935,zoned_corridor_w3,SR,48,2.0,1,46.0,0.361,2.34,True,True,0.786,0.116,0.1097,
20261006T062307Z_b1d4e7473935,zoned_corridor_w3,SR,48,2.0,2,282.6,0.361,2.34,True,True,0.786,0.116,0.1134,
20261006T062307Z_b1d4e7473935,zoned_corridor_w3,SR,48,2.0,3,19.5,0.36,2.34,True,True,0.786,0.116,0.09,
20261006T062307Z_b1d4e7473935,zoned_corridor_w3,SR,48,2.0,4,216.9,0.249,1.67,True,True,0.777,0.114,0.4239,
20261006T062307Z_b1d4e7473935,zoned_corridor_w3,SR,48,4.0,0,160.0,0.533,2.5,True,True,0.792,0.137,0.6959,
20261006T062307Z_b1d4e7473935,zoned_corridor_w3,SR,48,4.0,1,314.6,0.351,2.5,True,True,0.786,0.118,0.0996,
20261006T062307Z_b1d4e7473935,zoned_corridor_w3,SR,48,4.0,2,198.1,0.363,2.32,True,True,0.786,0.116,0.6974,
20261006T062307Z_b1d4e7473935,zoned_corridor_w3,SR,48,4.0,3,300.5,0.362,2.35,True,True,0.786,0.116,0.0912,
20261006T062307Z_b1d4e7473935,zoned_corridor_w3,SR,48,4.0,4,351.8,4.785,0.43,False,False,0.795,0.171,0.0006,ambiguous_minimum
20261006T062307Z_b1d4e7473935,zoned_corridor_w3,SR,48,6.0,0,342.2,0.221,1.97,True,True,0.777,0.123,0.0884,
20261006T062307Z_b1d4e7473935,zoned_corridor_w3,SR,48,6.0,1,56.3,0.416,1.88,True,True,0.786,0.124,0.1248,
20261006T062307Z_b1d4e7473935,zoned_corridor_w3,SR,48,6.0,2,94.8,0.254,1.51,True,False,0.78,0.126,0.0429,translation_correction_limit
20261006T062307Z_b1d4e7473935,zoned_corridor_w3,SR,48,6.0,3,199.2,0.249,1.67,True,False,0.777,0.114,0.845,translation_correction_limit
20261006T062307Z_b1d4e7473935,zoned_corridor_w3,SR,48,6.0,4,254.2,0.559,2.3,True,False,0.792,0.145,0.2926,translation_correction_limit
20261006T063123Z_6135352c80a1,zoned_corridor_w3,RR,4,0.0,0,109.5,0.071,0.65,True,True,0.921,0.072,1.6884,
20261006T063123Z_6135352c80a1,zoned_corridor_w3,RR,4,0.5,0,264.9,0.071,0.75,True,True,0.921,0.072,1.6765,
20261006T063123Z_6135352c80a1,zoned_corridor_w3,RR,4,0.5,1,186.4,0.071,0.69,True,True,0.921,0.072,1.6911,
20261006T063123Z_6135352c80a1,zoned_corridor_w3,RR,4,0.5,2,161.6,0.072,0.7,True,True,0.921,0.072,1.6914,
20261006T063123Z_6135352c80a1,zoned_corridor_w3,RR,4,0.5,3,309.4,0.071,0.7,True,True,0.921,0.072,1.691,
20261006T063123Z_6135352c80a1,zoned_corridor_w3,RR,4,0.5,4,40.3,0.072,0.71,True,True,0.921,0.072,1.6926,
20261006T063123Z_6135352c80a1,zoned_corridor_w3,RR,4,1.0,0,194.9,0.09,0.94,True,True,0.921,0.075,1.6312,
20261006T063123Z_6135352c80a1,zoned_corridor_w3,RR,4,1.0,1,148.0,0.072,0.7,True,True,0.921,0.072,1.6935,
20261006T063123Z_6135352c80a1,zoned_corridor_w3,RR,4,1.0,2,319.2,0.072,0.7,True,True,0.921,0.072,1.6918,
20261006T063123Z_6135352c80a1,zoned_corridor_w3,RR,4,1.0,3,270.0,0.072,0.7,True,True,0.921,0.072,1.6913,
20261006T063123Z_6135352c80a1,zoned_corridor_w3,RR,4,1.0,4,58.0,0.071,0.64,True,True,0.921,0.072,1.6848,
20261006T063123Z_6135352c80a1,zoned_corridor_w3,RR,4,2.0,0,200.1,0.073,0.7,True,True,0.921,0.072,1.6911,
20261006T063123Z_6135352c80a1,zoned_corridor_w3,RR,4,2.0,1,298.2,0.071,0.66,True,True,0.921,0.072,1.6866,
20261006T063123Z_6135352c80a1,zoned_corridor_w3,RR,4,2.0,2,170.1,0.07,0.69,True,True,0.921,0.072,1.664,
20261006T063123Z_6135352c80a1,zoned_corridor_w3,RR,4,2.0,3,272.2,0.072,0.7,True,True,0.921,0.072,1.6914,
20261006T063123Z_6135352c80a1,zoned_corridor_w3,RR,4,2.0,4,28.1,0.073,0.7,True,True,0.921,0.072,1.6914,
20261006T063123Z_6135352c80a1,zoned_corridor_w3,RR,4,4.0,0,265.8,0.072,0.7,True,True,0.921,0.072,1.6917,
20261006T063123Z_6135352c80a1,zoned_corridor_w3,RR,4,4.0,1,321.7,0.072,0.7,True,True,0.921,0.072,2.4568,
20261006T063123Z_6135352c80a1,zoned_corridor_w3,RR,4,4.0,2,37.2,0.074,0.7,True,True,0.921,0.072,2.4547,
20261006T063123Z_6135352c80a1,zoned_corridor_w3,RR,4,4.0,3,36.9,0.069,0.59,True,True,0.921,0.072,2.4214,
20261006T063123Z_6135352c80a1,zoned_corridor_w3,RR,4,4.0,4,185.9,0.073,0.7,True,True,0.921,0.072,1.6341,
20261006T063123Z_6135352c80a1,zoned_corridor_w3,RR,4,6.0,0,156.7,0.072,0.7,True,True,0.921,0.072,1.6347,
20261006T063123Z_6135352c80a1,zoned_corridor_w3,RR,4,6.0,1,250.7,0.075,0.77,True,False,0.921,0.072,1.6271,translation_correction_limit
20261006T063123Z_6135352c80a1,zoned_corridor_w3,RR,4,6.0,2,231.5,0.071,0.7,True,False,0.921,0.072,1.6347,translation_correction_limit
20261006T063123Z_6135352c80a1,zoned_corridor_w3,RR,4,6.0,3,177.4,0.051,0.39,True,True,0.921,0.074,1.5493,
20261006T063123Z_6135352c80a1,zoned_corridor_w3,RR,4,6.0,4,316.2,0.073,0.7,True,False,0.921,0.072,2.4734,translation_correction_limit
20261006T063123Z_6135352c80a1,zoned_corridor_w3,SU,5,0.0,0,19.8,0.023,0.34,True,True,0.934,0.071,2.0314,
20261006T063123Z_6135352c80a1,zoned_corridor_w3,SU,5,0.5,0,227.4,0.023,0.35,True,True,0.934,0.071,2.5304,
20261006T063123Z_6135352c80a1,zoned_corridor_w3,SU,5,0.5,1,198.6,0.013,0.46,True,True,0.934,0.072,1.9949,
20261006T063123Z_6135352c80a1,zoned_corridor_w3,SU,5,0.5,2,37.4,0.024,0.33,True,True,0.934,0.071,2.046,
20261006T063123Z_6135352c80a1,zoned_corridor_w3,SU,5,0.5,3,324.4,0.015,0.32,True,True,0.934,0.073,1.9866,
20261006T063123Z_6135352c80a1,zoned_corridor_w3,SU,5,0.5,4,128.1,0.024,0.33,True,True,0.934,0.071,2.0309,
20261006T063123Z_6135352c80a1,zoned_corridor_w3,SU,5,1.0,0,112.8,0.042,0.16,True,True,0.934,0.074,1.9341,
20261006T063123Z_6135352c80a1,zoned_corridor_w3,SU,5,1.0,1,345.7,0.026,0.33,True,True,0.934,0.071,2.0149,
20261006T063123Z_6135352c80a1,zoned_corridor_w3,SU,5,1.0,2,125.6,0.031,0.45,True,True,0.934,0.072,1.4349,
20261006T063123Z_6135352c80a1,zoned_corridor_w3,SU,5,1.0,3,86.8,0.152,0.82,True,True,0.943,0.104,1.3098,
20261006T063123Z_6135352c80a1,zoned_corridor_w3,SU,5,1.0,4,2.5,0.035,0.24,True,True,0.934,0.072,1.965,
20261006T063123Z_6135352c80a1,zoned_corridor_w3,SU,5,2.0,0,319.6,0.024,0.33,True,True,0.934,0.071,2.0689,
20261006T063123Z_6135352c80a1,zoned_corridor_w3,SU,5,2.0,1,74.7,0.015,0.47,True,True,0.934,0.072,1.8827,
20261006T063123Z_6135352c80a1,zoned_corridor_w3,SU,5,2.0,2,118.4,0.03,0.22,True,True,0.934,0.073,1.8917,
20261006T063123Z_6135352c80a1,zoned_corridor_w3,SU,5,2.0,3,12.4,0.024,0.33,True,True,0.934,0.071,2.018,
20261006T063123Z_6135352c80a1,zoned_corridor_w3,SU,5,2.0,4,34.6,0.033,0.24,True,True,0.934,0.072,2.0235,
20261006T063123Z_6135352c80a1,zoned_corridor_w3,SU,5,4.0,0,170.4,0.024,0.28,True,True,0.934,0.072,1.9806,
20261006T063123Z_6135352c80a1,zoned_corridor_w3,SU,5,4.0,1,271.0,0.017,0.67,True,True,0.934,0.08,1.7615,
20261006T063123Z_6135352c80a1,zoned_corridor_w3,SU,5,4.0,2,325.4,0.015,0.42,True,True,0.934,0.072,2.112,
20261006T063123Z_6135352c80a1,zoned_corridor_w3,SU,5,4.0,3,173.1,0.01,0.29,True,True,0.934,0.076,1.8354,
20261006T063123Z_6135352c80a1,zoned_corridor_w3,SU,5,4.0,4,70.3,0.024,0.33,True,True,0.934,0.071,2.0694,
20261006T063123Z_6135352c80a1,zoned_corridor_w3,SU,5,6.0,0,239.5,0.002,0.56,True,True,0.934,0.075,1.8212,
20261006T063123Z_6135352c80a1,zoned_corridor_w3,SU,5,6.0,1,283.8,0.024,0.34,True,False,0.934,0.071,1.8604,translation_correction_limit
20261006T063123Z_6135352c80a1,zoned_corridor_w3,SU,5,6.0,2,319.5,0.024,0.33,True,False,0.934,0.071,1.6598,translation_correction_limit
20261006T063123Z_6135352c80a1,zoned_corridor_w3,SU,5,6.0,3,12.9,0.024,0.32,True,False,0.934,0.071,3.2439,translation_correction_limit
20261006T063123Z_6135352c80a1,zoned_corridor_w3,SU,5,6.0,4,151.6,0.024,0.34,True,True,0.934,0.071,1.6695,
20261006T063123Z_6135352c80a1,zoned_corridor_w3,RR,8,0.0,0,161.0,0.03,0.22,True,True,0.924,0.082,1.6822,
20261006T063123Z_6135352c80a1,zoned_corridor_w3,RR,8,0.5,0,316.2,0.025,0.14,True,True,0.924,0.083,2.283,
20261006T063123Z_6135352c80a1,zoned_corridor_w3,RR,8,0.5,1,174.4,0.028,0.27,True,True,0.924,0.082,2.2892,
20261006T063123Z_6135352c80a1,zoned_corridor_w3,RR,8,0.5,2,115.3,0.029,0.23,True,True,0.924,0.082,2.344,
20261006T063123Z_6135352c80a1,zoned_corridor_w3,RR,8,0.5,3,238.8,0.029,0.22,True,True,0.924,0.082,1.829,
20261006T063123Z_6135352c80a1,zoned_corridor_w3,RR,8,0.5,4,349.7,0.032,0.27,True,True,0.924,0.082,1.8358,
20261006T063123Z_6135352c80a1,zoned_corridor_w3,RR,8,1.0,0,263.5,0.035,0.33,True,True,0.924,0.082,2.0194,
20261006T063123Z_6135352c80a1,zoned_corridor_w3,RR,8,1.0,1,6.4,0.03,0.23,True,True,0.924,0.082,2.263,
20261006T063123Z_6135352c80a1,zoned_corridor_w3,RR,8,1.0,2,258.9,0.035,0.33,True,True,0.924,0.082,1.5864,
20261006T063123Z_6135352c80a1,zoned_corridor_w3,RR,8,1.0,3,357.0,0.033,0.24,True,True,0.924,0.082,2.2923,
20261006T063123Z_6135352c80a1,zoned_corridor_w3,RR,8,1.0,4,4.6,0.033,0.32,True,True,0.924,0.082,1.5623,
20261006T063123Z_6135352c80a1,zoned_corridor_w3,RR,8,2.0,0,187.6,0.031,0.27,True,True,0.924,0.082,2.2925,
20261006T063123Z_6135352c80a1,zoned_corridor_w3,RR,8,2.0,1,180.7,0.03,0.21,True,True,0.924,0.082,1.8823,
20261006T063123Z_6135352c80a1,zoned_corridor_w3,RR,8,2.0,2,80.0,0.03,0.23,True,True,0.924,0.082,2.2944,
20261006T063123Z_6135352c80a1,zoned_corridor_w3,RR,8,2.0,3,37.0,0.028,0.21,True,True,0.924,0.082,2.2934,
20261006T063123Z_6135352c80a1,zoned_corridor_w3,RR,8,2.0,4,158.1,0.031,0.29,True,True,0.924,0.082,2.3007,
20261006T063123Z_6135352c80a1,zoned_corridor_w3,RR,8,4.0,0,136.5,0.029,0.23,True,True,0.924,0.082,2.2943,
20261006T063123Z_6135352c80a1,zoned_corridor_w3,RR,8,4.0,1,269.5,0.031,0.2,True,True,0.924,0.082,2.2034,
20261006T063123Z_6135352c80a1,zoned_corridor_w3,RR,8,4.0,2,36.2,0.029,0.23,True,True,0.924,0.082,1.76,
20261006T063123Z_6135352c80a1,zoned_corridor_w3,RR,8,4.0,3,163.4,0.033,0.14,True,True,0.924,0.083,1.5815,
20261006T063123Z_6135352c80a1,zoned_corridor_w3,RR,8,4.0,4,46.5,0.029,0.21,True,True,0.924,0.082,1.8695,
20261006T063123Z_6135352c80a1,zoned_corridor_w3,RR,8,6.0,0,340.5,0.032,0.16,True,False,0.924,0.083,2.1994,translation_correction_limit
20261006T063123Z_6135352c80a1,zoned_corridor_w3,RR,8,6.0,1,332.7,0.029,0.23,True,False,0.924,0.082,2.4083,translation_correction_limit
20261006T063123Z_6135352c80a1,zoned_corridor_w3,RR,8,6.0,2,234.9,0.03,0.24,True,True,0.924,0.082,2.2938,
20261006T063123Z_6135352c80a1,zoned_corridor_w3,RR,8,6.0,3,61.4,0.03,0.23,True,False,0.924,0.082,2.0531,translation_correction_limit
20261006T063123Z_6135352c80a1,zoned_corridor_w3,RR,8,6.0,4,156.6,0.03,0.27,True,True,0.924,0.082,2.3771,
20261006T063123Z_6135352c80a1,zoned_corridor_w3,RU,9,0.0,0,223.0,0.048,0.1,True,True,0.905,0.084,2.7376,
20261006T063123Z_6135352c80a1,zoned_corridor_w3,RU,9,0.5,0,268.2,0.042,0.06,True,True,0.905,0.084,2.1241,
20261006T063123Z_6135352c80a1,zoned_corridor_w3,RU,9,0.5,1,229.8,0.047,0.09,True,True,0.905,0.084,2.8238,
20261006T063123Z_6135352c80a1,zoned_corridor_w3,RU,9,0.5,2,322.6,0.047,0.1,True,True,0.905,0.084,2.1518,
20261006T063123Z_6135352c80a1,zoned_corridor_w3,RU,9,0.5,3,118.2,0.043,0.05,True,True,0.905,0.084,3.2382,
20261006T063123Z_6135352c80a1,zoned_corridor_w3,RU,9,0.5,4,119.6,0.045,0.04,True,True,0.905,0.085,2.3093,
20261006T063123Z_6135352c80a1,zoned_corridor_w3,RU,9,1.0,0,277.2,0.051,0.16,True,True,0.905,0.084,2.7031,
20261006T063123Z_6135352c80a1,zoned_corridor_w3,RU,9,1.0,1,248.7,0.046,0.09,True,True,0.905,0.084,2.7475,
20261006T063123Z_6135352c80a1,zoned_corridor_w3,RU,9,1.0,2,130.2,0.046,0.09,True,True,0.905,0.084,2.7221,
20261006T063123Z_6135352c80a1,zoned_corridor_w3,RU,9,1.0,3,49.5,0.045,0.09,True,True,0.905,0.084,2.7226,
20261006T063123Z_6135352c80a1,zoned_corridor_w3,RU,9,1.0,4,0.6,0.046,0.09,True,True,0.905,0.084,2.748,
20261006T063123Z_6135352c80a1,zoned_corridor_w3,RU,9,2.0,0,305.6,0.047,0.09,True,True,0.905,0.084,3.0799,
20261006T063123Z_6135352c80a1,zoned_corridor_w3,RU,9,2.0,1,45.7,0.048,0.02,True,True,0.905,0.085,3.1724,
20261006T063123Z_6135352c80a1,zoned_corridor_w3,RU,9,2.0,2,91.4,0.056,0.17,True,True,0.905,0.084,2.7014,
20261006T063123Z_6135352c80a1,zoned_corridor_w3,RU,9,2.0,3,87.8,0.052,0.17,True,True,0.905,0.084,2.7693,
20261006T063123Z_6135352c80a1,zoned_corridor_w3,RU,9,2.0,4,283.6,0.052,0.18,True,True,0.905,0.084,2.7137,
20261006T063123Z_6135352c80a1,zoned_corridor_w3,RU,9,4.0,0,349.1,0.049,0.2,True,True,0.905,0.084,2.2582,
20261006T063123Z_6135352c80a1,zoned_corridor_w3,RU,9,4.0,1,188.0,0.048,0.1,True,True,0.905,0.084,2.4069,
20261006T063123Z_6135352c80a1,zoned_corridor_w3,RU,9,4.0,2,24.0,0.046,0.1,True,True,0.905,0.084,2.8064,
20261006T063123Z_6135352c80a1,zoned_corridor_w3,RU,9,4.0,3,298.7,0.047,0.09,True,True,0.905,0.084,3.2201,
20261006T063123Z_6135352c80a1,zoned_corridor_w3,RU,9,4.0,4,127.6,0.047,0.09,True,True,0.905,0.084,2.759,
20261006T063123Z_6135352c80a1,zoned_corridor_w3,RU,9,6.0,0,7.7,0.052,0.18,True,False,0.905,0.084,2.3216,translation_correction_limit
20261006T063123Z_6135352c80a1,zoned_corridor_w3,RU,9,6.0,1,206.1,0.046,0.09,True,True,0.905,0.084,3.4327,
20261006T063123Z_6135352c80a1,zoned_corridor_w3,RU,9,6.0,2,12.5,0.046,0.09,True,False,0.905,0.084,3.4181,translation_correction_limit
20261006T063123Z_6135352c80a1,zoned_corridor_w3,RU,9,6.0,3,201.7,0.052,0.18,True,True,0.905,0.084,2.7224,
20261006T063123Z_6135352c80a1,zoned_corridor_w3,RU,9,6.0,4,55.5,0.045,0.01,True,False,0.905,0.085,2.7776,translation_correction_limit
20261006T063123Z_6135352c80a1,zoned_corridor_w3,RU,11,0.0,0,289.8,0.05,0.29,True,True,0.84,0.114,1.3919,
20261006T063123Z_6135352c80a1,zoned_corridor_w3,RU,11,0.5,0,144.8,0.049,0.27,True,True,0.84,0.114,1.3437,
20261006T063123Z_6135352c80a1,zoned_corridor_w3,RU,11,0.5,1,320.9,0.049,0.29,True,True,0.84,0.114,1.39,
20261006T063123Z_6135352c80a1,zoned_corridor_w3,RU,11,0.5,2,207.8,0.05,0.29,True,True,0.84,0.114,1.3409,
20261006T063123Z_6135352c80a1,zoned_corridor_w3,RU,11,0.5,3,48.5,0.055,0.36,True,True,0.84,0.114,1.3277,
20261006T063123Z_6135352c80a1,zoned_corridor_w3,RU,11,0.5,4,358.4,0.05,0.29,True,True,0.84,0.114,1.3435,
20261006T063123Z_6135352c80a1,zoned_corridor_w3,RU,11,1.0,0,84.1,0.052,0.2,True,True,0.84,0.114,1.333,
20261006T063123Z_6135352c80a1,zoned_corridor_w3,RU,11,1.0,1,241.8,0.05,0.29,True,True,0.84,0.114,1.3431,
20261006T063123Z_6135352c80a1,zoned_corridor_w3,RU,11,1.0,2,28.4,0.05,0.29,True,True,0.84,0.114,1.1056,
20261006T063123Z_6135352c80a1,zoned_corridor_w3,RU,11,1.0,3,105.7,0.05,0.29,True,True,0.84,0.114,0.9688,
20261006T063123Z_6135352c80a1,zoned_corridor_w3,RU,11,1.0,4,235.1,0.05,0.29,True,True,0.84,0.114,1.3486,
20261006T063123Z_6135352c80a1,zoned_corridor_w3,RU,11,2.0,0,44.7,0.051,0.25,True,True,0.84,0.114,1.3403,
20261006T063123Z_6135352c80a1,zoned_corridor_w3,RU,11,2.0,1,117.2,0.05,0.29,True,True,0.84,0.114,1.4,
20261006T063123Z_6135352c80a1,zoned_corridor_w3,RU,11,2.0,2,39.3,0.051,0.31,True,True,0.84,0.114,1.3582,
20261006T063123Z_6135352c80a1,zoned_corridor_w3,RU,11,2.0,3,50.3,0.049,0.29,True,True,0.84,0.114,0.9326,
20261006T063123Z_6135352c80a1,zoned_corridor_w3,RU,11,2.0,4,243.0,0.049,0.29,True,True,0.84,0.114,1.3456,
20261006T063123Z_6135352c80a1,zoned_corridor_w3,RU,11,4.0,0,332.7,0.051,0.32,True,True,0.84,0.113,1.3641,
20261006T063123Z_6135352c80a1,zoned_corridor_w3,RU,11,4.0,1,289.6,0.052,0.27,True,True,0.84,0.114,1.3547,
20261006T063123Z_6135352c80a1,zoned_corridor_w3,RU,11,4.0,2,158.9,0.05,0.32,True,True,0.84,0.114,1.4429,
20261006T063123Z_6135352c80a1,zoned_corridor_w3,RU,11,4.0,3,207.7,0.049,0.29,True,True,0.84,0.114,1.0228,
20261006T063123Z_6135352c80a1,zoned_corridor_w3,RU,11,4.0,4,311.1,0.048,0.28,True,True,0.84,0.114,1.3498,
20261006T063123Z_6135352c80a1,zoned_corridor_w3,RU,11,6.0,0,351.5,0.049,0.29,True,True,0.84,0.114,1.3409,
20261006T063123Z_6135352c80a1,zoned_corridor_w3,RU,11,6.0,1,120.8,0.051,0.3,True,False,0.84,0.114,1.0568,translation_correction_limit
20261006T063123Z_6135352c80a1,zoned_corridor_w3,RU,11,6.0,2,299.0,0.051,0.29,True,True,0.84,0.114,1.3425,
20261006T063123Z_6135352c80a1,zoned_corridor_w3,RU,11,6.0,3,203.4,0.051,0.29,True,False,0.84,0.114,1.7829,translation_correction_limit
20261006T063123Z_6135352c80a1,zoned_corridor_w3,RU,11,6.0,4,261.8,0.054,0.18,True,True,0.84,0.114,1.3279,
20261006T063123Z_6135352c80a1,zoned_corridor_w3,SR,12,0.0,0,253.6,0.028,0.11,True,True,0.897,0.074,1.1091,
20261006T063123Z_6135352c80a1,zoned_corridor_w3,SR,12,0.5,0,169.9,0.026,0.31,True,True,0.901,0.08,1.0245,
20261006T063123Z_6135352c80a1,zoned_corridor_w3,SR,12,0.5,1,53.4,0.026,0.3,True,True,0.901,0.08,0.9727,
20261006T063123Z_6135352c80a1,zoned_corridor_w3,SR,12,0.5,2,257.0,0.049,0.56,True,True,0.901,0.082,0.8783,
20261006T063123Z_6135352c80a1,zoned_corridor_w3,SR,12,0.5,3,290.2,0.105,0.9,True,True,0.911,0.098,0.8323,
20261006T063123Z_6135352c80a1,zoned_corridor_w3,SR,12,0.5,4,39.7,0.024,0.22,True,True,0.897,0.072,0.9993,
20261006T063123Z_6135352c80a1,zoned_corridor_w3,SR,12,1.0,0,139.9,0.026,0.3,True,True,0.901,0.08,1.0186,
20261006T063123Z_6135352c80a1,zoned_corridor_w3,SR,12,1.0,1,150.2,0.034,0.07,True,True,0.897,0.076,0.8595,
20261006T063123Z_6135352c80a1,zoned_corridor_w3,SR,12,1.0,2,148.5,0.109,0.82,True,True,0.911,0.099,0.8611,
20261006T063123Z_6135352c80a1,zoned_corridor_w3,SR,12,1.0,3,158.9,0.026,0.3,True,True,0.897,0.071,1.1128,
20261006T063123Z_6135352c80a1,zoned_corridor_w3,SR,12,1.0,4,301.0,0.026,0.31,True,True,0.901,0.08,0.9712,
20261006T063123Z_6135352c80a1,zoned_corridor_w3,SR,12,2.0,0,282.4,0.029,0.12,True,True,0.897,0.074,0.9039,
20261006T063123Z_6135352c80a1,zoned_corridor_w3,SR,12,2.0,1,171.3,0.025,0.34,True,True,0.901,0.08,1.0057,
20261006T063123Z_6135352c80a1,zoned_corridor_w3,SR,12,2.0,2,173.9,0.038,0.45,True,True,0.901,0.081,1.0215,
20261006T063123Z_6135352c80a1,zoned_corridor_w3,SR,12,2.0,3,24.4,0.027,0.3,True,True,0.901,0.08,1.6579,
20261006T063123Z_6135352c80a1,zoned_corridor_w3,SR,12,2.0,4,228.8,0.116,0.77,True,True,0.911,0.1,0.795,
20261006T063123Z_6135352c80a1,zoned_corridor_w3,SR,12,4.0,0,220.2,0.029,0.35,True,True,0.897,0.072,1.0309,
20261006T063123Z_6135352c80a1,zoned_corridor_w3,SR,12,4.0,1,117.1,0.106,0.85,True,True,0.911,0.098,0.9861,
20261006T063123Z_6135352c80a1,zoned_corridor_w3,SR,12,4.0,2,279.6,0.095,0.96,True,True,0.911,0.097,0.7168,
20261006T063123Z_6135352c80a1,zoned_corridor_w3,SR,12,4.0,3,231.0,0.026,0.3,True,True,0.901,0.08,0.9736,
20261006T063123Z_6135352c80a1,zoned_corridor_w3,SR,12,4.0,4,323.8,0.111,0.74,True,True,0.908,0.093,1.648,
20261006T063123Z_6135352c80a1,zoned_corridor_w3,SR,12,6.0,0,248.9,0.029,0.12,True,False,0.897,0.074,0.995,translation_correction_limit
20261006T063123Z_6135352c80a1,zoned_corridor_w3,SR,12,6.0,1,149.1,0.034,0.06,True,True,0.897,0.077,0.8422,
20261006T063123Z_6135352c80a1,zoned_corridor_w3,SR,12,6.0,2,216.4,0.025,0.26,True,False,0.897,0.071,0.9757,translation_correction_limit
20261006T063123Z_6135352c80a1,zoned_corridor_w3,SR,12,6.0,3,160.3,0.032,0.38,True,False,0.901,0.081,0.9537,translation_correction_limit
20261006T063123Z_6135352c80a1,zoned_corridor_w3,SR,12,6.0,4,73.6,0.028,0.26,True,True,0.897,0.073,1.4092,
20261006T063123Z_6135352c80a1,zoned_corridor_w3,SU,13,0.0,0,271.9,0.203,1.38,True,True,0.888,0.103,1.2667,
20261006T063123Z_6135352c80a1,zoned_corridor_w3,SU,13,0.5,0,357.6,0.092,0.85,True,True,0.879,0.087,1.4207,
20261006T063123Z_6135352c80a1,zoned_corridor_w3,SU,13,0.5,1,145.2,0.182,1.56,True,True,0.888,0.112,0.541,
20261006T063123Z_6135352c80a1,zoned_corridor_w3,SU,13,0.5,2,243.9,0.057,0.06,True,True,0.867,0.097,1.0637,
20261006T063123Z_6135352c80a1,zoned_corridor_w3,SU,13,0.5,3,57.8,0.091,0.84,True,True,0.879,0.087,0.9321,
20261006T063123Z_6135352c80a1,zoned_corridor_w3,SU,13,0.5,4,23.3,0.121,0.61,True,True,0.879,0.088,1.3004,
20261006T063123Z_6135352c80a1,zoned_corridor_w3,SU,13,1.0,0,11.1,0.188,1.49,True,True,0.888,0.102,1.1871,
20261006T063123Z_6135352c80a1,zoned_corridor_w3,SU,13,1.0,1,308.5,0.094,0.83,True,True,0.879,0.087,1.1392,
20261006T063123Z_6135352c80a1,zoned_corridor_w3,SU,13,1.0,2,278.1,0.096,0.8,True,True,0.879,0.087,1.3153,
20261006T063123Z_6135352c80a1,zoned_corridor_w3,SU,13,1.0,3,74.6,0.096,0.8,True,True,0.879,0.087,1.0385,
20261006T063123Z_6135352c80a1,zoned_corridor_w3,SU,13,1.0,4,186.8,0.233,1.05,True,True,0.885,0.101,0.644,
20261006T063123Z_6135352c80a1,zoned_corridor_w3,SU,13,2.0,0,212.8,0.188,1.48,True,True,0.888,0.102,1.31,
20261006T063123Z_6135352c80a1,zoned_corridor_w3,SU,13,2.0,1,105.5,0.029,1.41,True,True,0.876,0.096,1.1363,
20261006T063123Z_6135352c80a1,zoned_corridor_w3,SU,13,2.0,2,24.8,0.092,0.84,True,True,0.879,0.087,1.2559,
20261006T063123Z_6135352c80a1,zoned_corridor_w3,SU,13,2.0,3,90.1,0.107,0.7,True,True,0.879,0.088,1.325,
20261006T063123Z_6135352c80a1,zoned_corridor_w3,SU,13,2.0,4,121.6,0.153,1.87,True,True,0.888,0.105,0.8164,
20261006T063123Z_6135352c80a1,zoned_corridor_w3,SU,13,4.0,0,50.1,0.094,0.82,True,True,0.879,0.087,1.3608,
20261006T063123Z_6135352c80a1,zoned_corridor_w3,SU,13,4.0,1,56.6,0.104,0.75,True,True,0.879,0.087,0.798,
20261006T063123Z_6135352c80a1,zoned_corridor_w3,SU,13,4.0,2,212.8,0.084,0.92,True,True,0.879,0.087,1.3573,
20261006T063123Z_6135352c80a1,zoned_corridor_w3,SU,13,4.0,3,201.9,0.093,0.8,True,True,0.879,0.087,0.8846,
20261006T063123Z_6135352c80a1,zoned_corridor_w3,SU,13,4.0,4,295.2,0.097,0.81,True,True,0.879,0.087,1.0,
20261006T063123Z_6135352c80a1,zoned_corridor_w3,SU,13,6.0,0,212.6,0.077,0.92,True,True,0.879,0.088,0.8179,
20261006T063123Z_6135352c80a1,zoned_corridor_w3,SU,13,6.0,1,119.1,0.088,0.84,True,True,0.879,0.087,1.3385,
20261006T063123Z_6135352c80a1,zoned_corridor_w3,SU,13,6.0,2,31.7,0.084,0.89,True,False,0.879,0.087,1.6361,translation_correction_limit
20261006T063123Z_6135352c80a1,zoned_corridor_w3,SU,13,6.0,3,193.0,0.092,0.84,True,True,0.879,0.087,0.9661,
20261006T063123Z_6135352c80a1,zoned_corridor_w3,SU,13,6.0,4,138.8,0.101,0.77,True,True,0.879,0.087,1.1572,
20261006T063123Z_6135352c80a1,zoned_corridor_w3,RU,17,0.0,0,349.3,0.038,0.02,True,True,0.922,0.09,2.7413,
20261006T063123Z_6135352c80a1,zoned_corridor_w3,RU,17,0.5,0,60.8,0.045,0.03,True,True,0.922,0.09,2.8615,
20261006T063123Z_6135352c80a1,zoned_corridor_w3,RU,17,0.5,1,93.5,0.051,0.08,True,True,0.922,0.091,2.7551,
20261006T063123Z_6135352c80a1,zoned_corridor_w3,RU,17,0.5,2,281.5,0.052,0.11,True,True,0.922,0.091,2.8664,
20261006T063123Z_6135352c80a1,zoned_corridor_w3,RU,17,0.5,3,229.4,0.044,0.02,True,True,0.922,0.09,2.8006,
20261006T063123Z_6135352c80a1,zoned_corridor_w3,RU,17,0.5,4,169.6,0.052,0.09,True,True,0.922,0.091,2.7029,
20261006T063123Z_6135352c80a1,zoned_corridor_w3,RU,17,1.0,0,48.3,0.045,0.01,True,True,0.922,0.09,2.7267,
20261006T063123Z_6135352c80a1,zoned_corridor_w3,RU,17,1.0,1,88.2,0.044,0.01,True,True,0.922,0.09,2.7489,
20261006T063123Z_6135352c80a1,zoned_corridor_w3,RU,17,1.0,2,184.7,0.044,0.02,True,True,0.922,0.09,2.7812,
20261006T063123Z_6135352c80a1,zoned_corridor_w3,RU,17,1.0,3,280.9,0.037,0.11,True,True,0.922,0.09,2.7289,
20261006T063123Z_6135352c80a1,zoned_corridor_w3,RU,17,1.0,4,38.4,0.046,0.03,True,True,0.922,0.09,2.6968,
20261006T063123Z_6135352c80a1,zoned_corridor_w3,RU,17,2.0,0,119.0,0.016,0.41,True,True,0.922,0.092,2.6576,
20261006T063123Z_6135352c80a1,zoned_corridor_w3,RU,17,2.0,1,276.4,0.007,0.25,True,True,0.922,0.091,2.6862,
20261006T063123Z_6135352c80a1,zoned_corridor_w3,RU,17,2.0,2,274.6,0.039,0.03,True,True,0.922,0.09,2.7341,
20261006T063123Z_6135352c80a1,zoned_corridor_w3,RU,17,2.0,3,19.7,0.01,0.32,True,True,0.922,0.091,2.7223,
20261006T063123Z_6135352c80a1,zoned_corridor_w3,RU,17,2.0,4,240.8,0.022,0.16,True,True,0.922,0.091,2.701,
20261006T063123Z_6135352c80a1,zoned_corridor_w3,RU,17,4.0,0,130.1,0.044,0.01,True,True,0.922,0.09,2.7058,
20261006T063123Z_6135352c80a1,zoned_corridor_w3,RU,17,4.0,1,26.8,0.041,0.02,True,True,0.922,0.09,2.1864,
20261006T063123Z_6135352c80a1,zoned_corridor_w3,RU,17,4.0,2,268.5,0.048,0.05,True,True,0.922,0.091,2.695,
20261006T063123Z_6135352c80a1,zoned_corridor_w3,RU,17,4.0,3,199.8,0.048,0.05,True,True,0.922,0.091,2.7205,
20261006T063123Z_6135352c80a1,zoned_corridor_w3,RU,17,4.0,4,183.3,0.055,0.12,True,True,0.922,0.091,2.7901,
20261006T063123Z_6135352c80a1,zoned_corridor_w3,RU,17,6.0,0,191.8,0.038,0.06,True,True,0.922,0.09,2.7034,
20261006T063123Z_6135352c80a1,zoned_corridor_w3,RU,17,6.0,1,141.9,0.009,0.33,True,True,0.922,0.091,2.6506,
20261006T063123Z_6135352c80a1,zoned_corridor_w3,RU,17,6.0,2,208.9,0.039,0.03,True,True,0.922,0.09,2.7406,
20261006T063123Z_6135352c80a1,zoned_corridor_w3,RU,17,6.0,3,167.6,0.045,0.02,True,True,0.922,0.09,2.8226,
20261006T063123Z_6135352c80a1,zoned_corridor_w3,RU,17,6.0,4,198.6,0.029,0.04,True,True,0.922,0.091,2.6418,
20261006T063123Z_6135352c80a1,zoned_corridor_w3,SR,18,0.0,0,182.7,0.331,1.18,True,True,0.947,0.087,0.8917,
20261006T063123Z_6135352c80a1,zoned_corridor_w3,SR,18,0.5,0,255.5,0.068,0.16,True,True,0.938,0.087,0.9276,
20261006T063123Z_6135352c80a1,zoned_corridor_w3,SR,18,0.5,1,139.1,0.188,0.73,True,True,0.944,0.072,1.1866,
20261006T063123Z_6135352c80a1,zoned_corridor_w3,SR,18,0.5,2,131.3,0.183,0.78,True,True,0.944,0.072,1.177,
20261006T063123Z_6135352c80a1,zoned_corridor_w3,SR,18,0.5,3,155.9,0.188,0.74,True,True,0.944,0.071,1.2748,
20261006T063123Z_6135352c80a1,zoned_corridor_w3,SR,18,0.5,4,9.0,0.188,0.73,True,True,0.944,0.072,1.2062,
20261006T063123Z_6135352c80a1,zoned_corridor_w3,SR,18,1.0,0,305.5,0.187,0.74,True,True,0.944,0.072,1.2484,
20261006T063123Z_6135352c80a1,zoned_corridor_w3,SR,18,1.0,1,22.1,0.188,0.73,True,True,0.944,0.072,1.2203,
20261006T063123Z_6135352c80a1,zoned_corridor_w3,SR,18,1.0,2,65.6,0.186,0.83,True,True,0.944,0.072,1.1375,
20261006T063123Z_6135352c80a1,zoned_corridor_w3,SR,18,1.0,3,204.4,0.468,1.49,True,True,0.95,0.127,0.485,
20261006T063123Z_6135352c80a1,zoned_corridor_w3,SR,18,1.0,4,159.2,0.176,0.78,True,True,0.944,0.073,1.2555,
20261006T063123Z_6135352c80a1,zoned_corridor_w3,SR,18,2.0,0,303.9,0.188,0.73,True,True,0.944,0.072,1.2099,
20261006T063123Z_6135352c80a1,zoned_corridor_w3,SR,18,2.0,1,249.3,0.188,0.73,True,True,0.944,0.072,1.342,
20261006T063123Z_6135352c80a1,zoned_corridor_w3,SR,18,2.0,2,185.0,0.336,1.18,True,True,0.947,0.088,0.9215,
20261006T063123Z_6135352c80a1,zoned_corridor_w3,SR,18,2.0,3,144.9,0.18,0.86,True,True,0.944,0.073,1.1834,
20261006T063123Z_6135352c80a1,zoned_corridor_w3,SR,18,2.0,4,199.9,0.178,0.85,True,True,0.944,0.073,1.2481,
20261006T063123Z_6135352c80a1,zoned_corridor_w3,SR,18,4.0,0,162.5,0.207,0.56,True,True,0.944,0.074,1.1528,
20261006T063123Z_6135352c80a1,zoned_corridor_w3,SR,18,4.0,1,75.5,0.193,0.67,True,True,0.944,0.072,1.2289,
20261006T063123Z_6135352c80a1,zoned_corridor_w3,SR,18,4.0,2,258.7,0.041,0.4,True,True,0.938,0.094,0.7925,
20261006T063123Z_6135352c80a1,zoned_corridor_w3,SR,18,4.0,3,212.4,0.195,0.66,True,True,0.944,0.072,1.1959,
20261006T063123Z_6135352c80a1,zoned_corridor_w3,SR,18,4.0,4,337.7,0.354,0.97,True,True,0.947,0.091,1.9919,
20261006T063123Z_6135352c80a1,zoned_corridor_w3,SR,18,6.0,0,181.2,0.187,0.72,True,True,0.944,0.072,1.1948,
20261006T063123Z_6135352c80a1,zoned_corridor_w3,SR,18,6.0,1,158.0,0.234,0.36,True,True,0.944,0.081,1.0242,
20261006T063123Z_6135352c80a1,zoned_corridor_w3,SR,18,6.0,2,83.0,0.188,0.73,True,False,0.944,0.072,1.1895,translation_correction_limit
20261006T063123Z_6135352c80a1,zoned_corridor_w3,SR,18,6.0,3,297.7,0.182,0.81,True,False,0.944,0.072,2.4622,translation_correction_limit
20261006T063123Z_6135352c80a1,zoned_corridor_w3,SR,18,6.0,4,226.9,0.355,0.9,True,True,0.947,0.092,0.9218,
20261006T063123Z_6135352c80a1,zoned_corridor_w3,RU,21,0.0,0,138.3,0.026,0.56,True,True,0.753,0.12,1.0131,
20261006T063123Z_6135352c80a1,zoned_corridor_w3,RU,21,0.5,0,301.4,0.094,1.09,True,True,0.753,0.117,1.0707,
20261006T063123Z_6135352c80a1,zoned_corridor_w3,RU,21,0.5,1,266.7,0.02,0.47,True,True,0.751,0.116,1.1098,
20261006T063123Z_6135352c80a1,zoned_corridor_w3,RU,21,0.5,2,118.0,0.014,0.41,True,True,0.751,0.117,1.1121,
20261006T063123Z_6135352c80a1,zoned_corridor_w3,RU,21,0.5,3,43.7,0.095,1.03,True,True,0.753,0.116,1.0669,
20261006T063123Z_6135352c80a1,zoned_corridor_w3,RU,21,0.5,4,332.8,0.017,0.52,True,True,0.753,0.121,0.9883,
20261006T063123Z_6135352c80a1,zoned_corridor_w3,RU,21,1.0,0,50.2,0.015,0.41,True,True,0.751,0.117,1.0103,
20261006T063123Z_6135352c80a1,zoned_corridor_w3,RU,21,1.0,1,138.2,0.027,0.53,True,True,0.753,0.12,1.0002,
20261006T063123Z_6135352c80a1,zoned_corridor_w3,RU,21,1.0,2,353.0,0.026,0.53,True,True,0.751,0.116,0.9885,
20261006T063123Z_6135352c80a1,zoned_corridor_w3,RU,21,1.0,3,192.4,0.016,0.42,True,True,0.751,0.117,0.8121,
20261006T063123Z_6135352c80a1,zoned_corridor_w3,RU,21,1.0,4,31.5,0.015,0.42,True,True,0.751,0.117,1.112,
20261006T063123Z_6135352c80a1,zoned_corridor_w3,RU,21,2.0,0,97.7,0.015,0.43,True,True,0.751,0.117,0.9842,
20261006T063123Z_6135352c80a1,zoned_corridor_w3,RU,21,2.0,1,336.2,0.014,0.42,True,True,0.751,0.117,0.986,
20261006T063123Z_6135352c80a1,zoned_corridor_w3,RU,21,2.0,2,244.7,0.011,0.39,True,True,0.751,0.118,0.987,
20261006T063123Z_6135352c80a1,zoned_corridor_w3,RU,21,2.0,3,359.0,0.014,0.32,True,True,0.751,0.118,0.9948,
20261006T063123Z_6135352c80a1,zoned_corridor_w3,RU,21,2.0,4,89.3,0.093,1.11,True,True,0.753,0.117,0.9562,
20261006T063123Z_6135352c80a1,zoned_corridor_w3,RU,21,4.0,0,124.0,0.014,0.4,True,True,0.751,0.117,1.0443,
20261006T063123Z_6135352c80a1,zoned_corridor_w3,RU,21,4.0,1,254.8,0.009,0.36,True,True,0.751,0.119,0.9874,
20261006T063123Z_6135352c80a1,zoned_corridor_w3,RU,21,4.0,2,34.7,0.035,0.59,True,True,0.753,0.12,1.0981,
20261006T063123Z_6135352c80a1,zoned_corridor_w3,RU,21,4.0,3,259.5,0.016,0.41,True,True,0.751,0.117,1.0214,
20261006T063123Z_6135352c80a1,zoned_corridor_w3,RU,21,4.0,4,179.3,0.015,0.41,True,True,0.751,0.117,0.8605,
20261006T063123Z_6135352c80a1,zoned_corridor_w3,RU,21,6.0,0,298.2,0.095,1.11,True,True,0.753,0.117,0.7835,
20261006T063123Z_6135352c80a1,zoned_corridor_w3,RU,21,6.0,1,100.8,0.013,0.41,True,False,0.751,0.117,0.9802,translation_correction_limit
20261006T063123Z_6135352c80a1,zoned_corridor_w3,RU,21,6.0,2,139.1,0.004,0.26,True,False,0.751,0.121,1.0431,translation_correction_limit
20261006T063123Z_6135352c80a1,zoned_corridor_w3,RU,21,6.0,3,233.3,0.015,0.41,True,True,0.751,0.117,0.8728,
20261006T063123Z_6135352c80a1,zoned_corridor_w3,RU,21,6.0,4,97.2,0.015,0.42,True,False,0.751,0.117,0.9852,translation_correction_limit
20261006T063123Z_6135352c80a1,zoned_corridor_w3,SR,22,0.0,0,313.8,5.373,0.67,False,True,0.788,0.193,0.5793,
20261006T063123Z_6135352c80a1,zoned_corridor_w3,SR,22,0.5,0,32.1,5.209,0.38,False,True,0.781,0.179,0.5998,
20261006T063123Z_6135352c80a1,zoned_corridor_w3,SR,22,0.5,1,142.1,5.158,0.78,False,True,0.781,0.175,0.6193,
20261006T063123Z_6135352c80a1,zoned_corridor_w3,SR,22,0.5,2,273.6,5.406,0.39,False,True,0.784,0.197,0.6057,
20261006T063123Z_6135352c80a1,zoned_corridor_w3,SR,22,0.5,3,97.8,5.422,0.23,False,True,0.773,0.191,0.6306,
20261006T063123Z_6135352c80a1,zoned_corridor_w3,SR,22,0.5,4,105.1,5.285,0.0,False,True,0.784,0.196,0.5329,
20261006T063123Z_6135352c80a1,zoned_corridor_w3,SR,22,1.0,0,22.0,4.887,1.23,False,True,0.751,0.208,0.384,
20261006T063123Z_6135352c80a1,zoned_corridor_w3,SR,22,1.0,1,160.3,5.161,0.78,False,True,0.781,0.176,0.2758,
20261006T063123Z_6135352c80a1,zoned_corridor_w3,SR,22,1.0,2,218.8,5.364,0.7,False,True,0.788,0.192,0.6205,
20261006T063123Z_6135352c80a1,zoned_corridor_w3,SR,22,1.0,3,32.8,5.159,0.72,False,False,0.781,0.175,0.593,translation_correction_limit
20261006T063123Z_6135352c80a1,zoned_corridor_w3,SR,22,1.0,4,273.9,5.401,0.61,False,True,0.792,0.201,0.4038,
20261006T063123Z_6135352c80a1,zoned_corridor_w3,SR,22,2.0,0,21.4,0.361,2.55,True,False,0.476,0.126,0.0021,ambiguous_minimum
20261006T063123Z_6135352c80a1,zoned_corridor_w3,SR,22,2.0,1,323.6,4.005,0.45,False,False,0.483,0.194,0.0003,ambiguous_minimum
20261006T063123Z_6135352c80a1,zoned_corridor_w3,SR,22,2.0,2,296.1,4.927,0.49,False,False,0.762,0.195,0.4463,translation_correction_limit
20261006T063123Z_6135352c80a1,zoned_corridor_w3,SR,22,2.0,3,11.9,3.807,0.41,False,False,0.428,0.135,0.0122,ambiguous_minimum
20261006T063123Z_6135352c80a1,zoned_corridor_w3,SR,22,2.0,4,189.0,5.726,0.94,False,True,0.762,0.209,0.041,
20261006T063123Z_6135352c80a1,zoned_corridor_w3,SR,22,4.0,0,127.6,5.204,0.43,False,True,0.781,0.178,0.2842,
20261006T063123Z_6135352c80a1,zoned_corridor_w3,SR,22,4.0,1,15.9,0.073,0.02,True,True,0.45,0.13,0.0487,
20261006T063123Z_6135352c80a1,zoned_corridor_w3,SR,22,4.0,2,283.1,4.858,0.06,False,False,0.762,0.21,0.4552,translation_correction_limit
20261006T063123Z_6135352c80a1,zoned_corridor_w3,SR,22,4.0,3,134.9,5.252,0.06,False,True,0.781,0.188,0.3763,
20261006T063123Z_6135352c80a1,zoned_corridor_w3,SR,22,4.0,4,20.6,0.079,0.04,True,True,0.45,0.131,0.1029,
20261006T063123Z_6135352c80a1,zoned_corridor_w3,SR,22,6.0,0,350.3,0.107,0.88,True,False,0.439,0.137,0.0771,translation_correction_limit
20261006T063123Z_6135352c80a1,zoned_corridor_w3,SR,22,6.0,1,134.7,9.989,1.02,False,False,0.948,0.138,0.9698,translation_correction_limit
20261006T063123Z_6135352c80a1,zoned_corridor_w3,SR,22,6.0,2,316.7,0.36,2.58,True,False,0.476,0.126,0.0472,translation_correction_limit
20261006T063123Z_6135352c80a1,zoned_corridor_w3,SR,22,6.0,3,286.6,4.197,0.49,False,False,0.535,0.208,0.0853,translation_correction_limit
20261006T063123Z_6135352c80a1,zoned_corridor_w3,SR,22,6.0,4,61.8,0.648,5.04,False,False,0.509,0.191,0.0792,translation_correction_limit
20261006T063123Z_6135352c80a1,zoned_corridor_w3,RU,25,0.0,0,59.0,0.077,0.41,True,True,0.872,0.095,1.9291,
20261006T063123Z_6135352c80a1,zoned_corridor_w3,RU,25,0.5,0,195.5,0.078,0.29,True,True,0.872,0.093,1.9463,
20261006T063123Z_6135352c80a1,zoned_corridor_w3,RU,25,0.5,1,205.5,0.078,0.42,True,True,0.872,0.095,1.9228,
20261006T063123Z_6135352c80a1,zoned_corridor_w3,RU,25,0.5,2,49.5,0.077,0.44,True,True,0.872,0.096,1.9282,
20261006T063123Z_6135352c80a1,zoned_corridor_w3,RU,25,0.5,3,159.6,0.079,0.27,True,True,0.872,0.093,1.928,
20261006T063123Z_6135352c80a1,zoned_corridor_w3,RU,25,0.5,4,97.8,0.078,0.22,True,True,0.874,0.097,1.1251,
20261006T063123Z_6135352c80a1,zoned_corridor_w3,RU,25,1.0,0,241.8,0.077,0.23,True,True,0.872,0.093,1.9187,
20261006T063123Z_6135352c80a1,zoned_corridor_w3,RU,25,1.0,1,216.0,0.032,0.29,True,True,0.877,0.099,1.8712,
20261006T063123Z_6135352c80a1,zoned_corridor_w3,RU,25,1.0,2,70.3,0.079,0.29,True,True,0.872,0.093,1.9268,
20261006T063123Z_6135352c80a1,zoned_corridor_w3,RU,25,1.0,3,321.0,0.078,0.61,True,True,0.87,0.097,1.0044,
20261006T063123Z_6135352c80a1,zoned_corridor_w3,RU,25,1.0,4,20.7,0.078,0.32,True,True,0.872,0.094,1.0931,
20261006T063123Z_6135352c80a1,zoned_corridor_w3,RU,25,2.0,0,212.0,0.078,0.34,True,True,0.872,0.094,1.9324,
20261006T063123Z_6135352c80a1,zoned_corridor_w3,RU,25,2.0,1,247.5,0.032,0.31,True,True,0.877,0.099,1.3335,
20261006T063123Z_6135352c80a1,zoned_corridor_w3,RU,25,2.0,2,221.3,0.081,0.34,True,True,0.872,0.094,1.4103,
20261006T063123Z_6135352c80a1,zoned_corridor_w3,RU,25,2.0,3,51.6,0.076,0.21,True,True,0.872,0.093,1.9829,
20261006T063123Z_6135352c80a1,zoned_corridor_w3,RU,25,2.0,4,250.1,0.077,0.3,True,True,0.872,0.093,1.9298,
20261006T063123Z_6135352c80a1,zoned_corridor_w3,RU,25,4.0,0,180.9,0.079,0.28,True,True,0.872,0.093,1.932,
20261006T063123Z_6135352c80a1,zoned_corridor_w3,RU,25,4.0,1,132.4,0.029,0.36,True,True,0.877,0.1,1.859,
20261006T063123Z_6135352c80a1,zoned_corridor_w3,RU,25,4.0,2,38.8,0.079,0.34,True,True,0.872,0.094,1.3804,
20261006T063123Z_6135352c80a1,zoned_corridor_w3,RU,25,4.0,3,275.6,0.076,0.39,True,True,0.872,0.095,1.9532,
20261006T063123Z_6135352c80a1,zoned_corridor_w3,RU,25,4.0,4,178.9,0.078,0.35,True,True,0.872,0.094,1.9621,
20261006T063123Z_6135352c80a1,zoned_corridor_w3,RU,25,6.0,0,143.2,0.079,0.29,True,False,0.872,0.093,1.1056,translation_correction_limit
20261006T063123Z_6135352c80a1,zoned_corridor_w3,RU,25,6.0,1,128.3,0.077,0.45,True,False,0.872,0.096,1.2612,translation_correction_limit
20261006T063123Z_6135352c80a1,zoned_corridor_w3,RU,25,6.0,2,107.3,0.078,0.33,True,False,0.872,0.094,1.3607,translation_correction_limit
20261006T063123Z_6135352c80a1,zoned_corridor_w3,RU,25,6.0,3,285.0,0.078,0.3,True,True,0.872,0.093,1.5813,
20261006T063123Z_6135352c80a1,zoned_corridor_w3,RU,25,6.0,4,188.2,0.078,0.41,True,False,0.872,0.096,1.9243,translation_correction_limit
20261006T063123Z_6135352c80a1,zoned_corridor_w3,SR,26,0.0,0,237.5,4.83,0.59,False,True,1.0,0.179,0.639,
20261006T063123Z_6135352c80a1,zoned_corridor_w3,SR,26,0.5,0,123.8,4.97,0.12,False,True,0.994,0.174,0.9237,
20261006T063123Z_6135352c80a1,zoned_corridor_w3,SR,26,0.5,1,352.0,5.025,0.59,False,True,0.982,0.165,0.7315,
20261006T063123Z_6135352c80a1,zoned_corridor_w3,SR,26,0.5,2,72.8,4.972,0.17,False,True,0.994,0.174,0.7671,
20261006T063123Z_6135352c80a1,zoned_corridor_w3,SR,26,0.5,3,74.2,4.83,0.58,False,True,1.0,0.179,0.6952,
20261006T063123Z_6135352c80a1,zoned_corridor_w3,SR,26,0.5,4,344.4,4.986,0.27,False,True,0.994,0.174,0.7777,
20261006T063123Z_6135352c80a1,zoned_corridor_w3,SR,26,1.0,0,80.3,4.976,0.18,False,True,0.994,0.174,0.699,
20261006T063123Z_6135352c80a1,zoned_corridor_w3,SR,26,1.0,1,250.3,4.83,0.58,False,True,1.0,0.179,0.6933,
20261006T063123Z_6135352c80a1,zoned_corridor_w3,SR,26,1.0,2,67.9,4.83,0.42,False,True,1.0,0.18,0.4956,
20261006T063123Z_6135352c80a1,zoned_corridor_w3,SR,26,1.0,3,219.9,5.008,0.43,False,True,0.985,0.166,0.7078,
20261006T063123Z_6135352c80a1,zoned_corridor_w3,SR,26,1.0,4,262.6,4.835,0.63,False,True,1.0,0.179,0.6394,
20261006T063123Z_6135352c80a1,zoned_corridor_w3,SR,26,2.0,0,291.7,4.836,0.55,False,True,1.0,0.179,0.7299,
20261006T063123Z_6135352c80a1,zoned_corridor_w3,SR,26,2.0,1,250.2,4.993,0.34,False,True,0.994,0.174,0.7266,
20261006T063123Z_6135352c80a1,zoned_corridor_w3,SR,26,2.0,2,208.9,0.078,0.65,True,True,0.751,0.103,0.1206,
20261006T063123Z_6135352c80a1,zoned_corridor_w3,SR,26,2.0,3,304.5,4.833,0.7,False,True,1.0,0.179,0.6677,
20261006T063123Z_6135352c80a1,zoned_corridor_w3,SR,26,2.0,4,43.9,4.95,0.03,False,True,0.994,0.176,0.6278,
20261006T063123Z_6135352c80a1,zoned_corridor_w3,SR,26,4.0,0,353.2,4.976,0.18,False,True,0.994,0.174,0.7007,
20261006T063123Z_6135352c80a1,zoned_corridor_w3,SR,26,4.0,1,104.6,4.831,0.53,False,False,1.0,0.179,0.6876,translation_correction_limit
20261006T063123Z_6135352c80a1,zoned_corridor_w3,SR,26,4.0,2,177.5,0.211,1.17,True,True,0.76,0.104,0.5363,
20261006T063123Z_6135352c80a1,zoned_corridor_w3,SR,26,4.0,3,52.6,4.829,0.58,False,True,1.0,0.179,0.9203,
20261006T063123Z_6135352c80a1,zoned_corridor_w3,SR,26,4.0,4,130.2,0.091,0.54,True,True,0.751,0.103,0.5229,
20261006T063123Z_6135352c80a1,zoned_corridor_w3,SR,26,6.0,0,12.0,4.825,0.54,False,True,1.0,0.179,0.6376,
20261006T063123Z_6135352c80a1,zoned_corridor_w3,SR,26,6.0,1,70.9,5.005,0.42,False,False,0.985,0.166,0.7226,translation_correction_limit
20261006T063123Z_6135352c80a1,zoned_corridor_w3,SR,26,6.0,2,335.9,5.007,0.43,False,True,0.985,0.166,0.8239,
20261006T063123Z_6135352c80a1,zoned_corridor_w3,SR,26,6.0,3,337.7,5.001,0.39,False,True,0.988,0.169,0.7251,
20261006T063123Z_6135352c80a1,zoned_corridor_w3,SR,26,6.0,4,29.3,4.973,0.17,False,True,0.994,0.174,0.6978,
20261006T063123Z_6135352c80a1,zoned_corridor_w3,RR,30,0.0,0,13.5,4.137,0.16,False,True,0.551,0.283,0.0423,
20261006T063123Z_6135352c80a1,zoned_corridor_w3,RR,30,0.5,0,123.5,4.12,0.06,False,True,0.551,0.282,0.0423,
20261006T063123Z_6135352c80a1,zoned_corridor_w3,RR,30,0.5,1,221.3,4.125,0.07,False,True,0.551,0.282,0.0427,
20261006T063123Z_6135352c80a1,zoned_corridor_w3,RR,30,0.5,2,119.1,4.127,0.07,False,True,0.551,0.282,0.0426,
20261006T063123Z_6135352c80a1,zoned_corridor_w3,RR,30,0.5,3,199.6,4.117,0.07,False,True,0.551,0.282,0.0423,
20261006T063123Z_6135352c80a1,zoned_corridor_w3,RR,30,0.5,4,15.2,4.147,0.32,False,True,0.551,0.283,0.0421,
20261006T063123Z_6135352c80a1,zoned_corridor_w3,RR,30,1.0,0,292.7,4.126,0.06,False,True,0.551,0.282,0.0426,
20261006T063123Z_6135352c80a1,zoned_corridor_w3,RR,30,1.0,1,240.3,4.123,0.01,False,True,0.551,0.282,0.0425,
20261006T063123Z_6135352c80a1,zoned_corridor_w3,RR,30,1.0,2,34.3,4.126,0.06,False,True,0.551,0.282,0.0634,
20261006T063123Z_6135352c80a1,zoned_corridor_w3,RR,30,1.0,3,46.7,4.127,0.06,False,True,0.551,0.282,0.0426,
20261006T063123Z_6135352c80a1,zoned_corridor_w3,RR,30,1.0,4,338.4,4.128,0.06,False,True,0.551,0.282,0.053,
20261006T063123Z_6135352c80a1,zoned_corridor_w3,RR,30,2.0,0,288.7,4.139,0.21,False,True,0.551,0.282,0.0421,
20261006T063123Z_6135352c80a1,zoned_corridor_w3,RR,30,2.0,1,118.9,4.136,0.26,False,True,0.554,0.284,0.0415,
20261006T063123Z_6135352c80a1,zoned_corridor_w3,RR,30,2.0,2,69.9,4.14,0.21,False,True,0.551,0.282,0.0424,
20261006T063123Z_6135352c80a1,zoned_corridor_w3,RR,30,2.0,3,310.4,4.127,0.07,False,True,0.551,0.282,0.0438,
20261006T063123Z_6135352c80a1,zoned_corridor_w3,RR,30,2.0,4,0.3,7.995,1.24,False,True,0.673,0.206,0.311,
20261006T063123Z_6135352c80a1,zoned_corridor_w3,RR,30,4.0,0,356.1,8.103,2.28,False,True,0.668,0.192,0.3392,
20261006T063123Z_6135352c80a1,zoned_corridor_w3,RR,30,4.0,1,35.6,8.105,2.1,False,True,0.668,0.191,0.3386,
20261006T063123Z_6135352c80a1,zoned_corridor_w3,RR,30,4.0,2,28.1,8.104,2.22,False,True,0.668,0.192,0.34,
20261006T063123Z_6135352c80a1,zoned_corridor_w3,RR,30,4.0,3,344.4,8.101,2.2,False,True,0.668,0.192,0.3396,
20261006T063123Z_6135352c80a1,zoned_corridor_w3,RR,30,4.0,4,71.8,4.139,0.23,False,True,0.554,0.284,0.0421,
20261006T063123Z_6135352c80a1,zoned_corridor_w3,RR,30,6.0,0,221.5,0.207,1.72,True,False,0.402,0.192,0.1713,translation_correction_limit
20261006T063123Z_6135352c80a1,zoned_corridor_w3,RR,30,6.0,1,245.6,0.207,1.72,True,False,0.402,0.192,0.1021,translation_correction_limit
20261006T063123Z_6135352c80a1,zoned_corridor_w3,RR,30,6.0,2,82.7,4.125,0.04,False,False,0.551,0.282,0.0426,translation_correction_limit
20261006T063123Z_6135352c80a1,zoned_corridor_w3,RR,30,6.0,3,320.2,8.101,2.22,False,True,0.668,0.192,0.3394,
20261006T063123Z_6135352c80a1,zoned_corridor_w3,RR,30,6.0,4,180.0,0.054,0.56,True,True,0.391,0.193,0.2153,
20261006T063123Z_6135352c80a1,zoned_corridor_w3,RR,35,0.0,0,270.8,0.11,0.33,True,True,0.732,0.106,0.3018,
20261006T063123Z_6135352c80a1,zoned_corridor_w3,RR,35,0.5,0,151.6,0.103,0.39,True,True,0.732,0.108,0.2941,
20261006T063123Z_6135352c80a1,zoned_corridor_w3,RR,35,0.5,1,337.8,0.11,0.26,True,True,0.732,0.105,0.3033,
20261006T063123Z_6135352c80a1,zoned_corridor_w3,RR,35,0.5,2,149.4,0.124,0.17,True,True,0.735,0.112,0.2931,
20261006T063123Z_6135352c80a1,zoned_corridor_w3,RR,35,0.5,3,86.9,0.111,0.27,True,True,0.732,0.105,0.3038,
20261006T063123Z_6135352c80a1,zoned_corridor_w3,RR,35,0.5,4,86.5,0.11,0.26,True,True,0.732,0.105,0.3037,
20261006T063123Z_6135352c80a1,zoned_corridor_w3,RR,35,1.0,0,95.2,0.11,0.26,True,True,0.732,0.105,0.3038,
20261006T063123Z_6135352c80a1,zoned_corridor_w3,RR,35,1.0,1,336.5,0.109,0.25,True,True,0.732,0.105,0.3039,
20261006T063123Z_6135352c80a1,zoned_corridor_w3,RR,35,1.0,2,314.6,0.11,0.26,True,True,0.732,0.105,0.3034,
20261006T063123Z_6135352c80a1,zoned_corridor_w3,RR,35,1.0,3,348.3,0.112,0.3,True,True,0.732,0.105,0.3031,
20261006T063123Z_6135352c80a1,zoned_corridor_w3,RR,35,1.0,4,306.9,0.111,0.26,True,True,0.732,0.105,0.3035,
20261006T063123Z_6135352c80a1,zoned_corridor_w3,RR,35,2.0,0,336.7,0.113,0.27,True,True,0.732,0.105,0.3033,
20261006T063123Z_6135352c80a1,zoned_corridor_w3,RR,35,2.0,1,8.7,0.112,0.24,True,True,0.732,0.105,0.2307,
20261006T063123Z_6135352c80a1,zoned_corridor_w3,RR,35,2.0,2,201.5,0.11,0.26,True,True,0.732,0.105,0.3033,
20261006T063123Z_6135352c80a1,zoned_corridor_w3,RR,35,2.0,3,130.4,0.114,0.43,True,True,0.732,0.107,0.2978,
20261006T063123Z_6135352c80a1,zoned_corridor_w3,RR,35,2.0,4,81.3,0.111,0.26,True,True,0.732,0.105,0.3033,
20261006T063123Z_6135352c80a1,zoned_corridor_w3,RR,35,4.0,0,324.0,0.112,0.25,True,True,0.732,0.105,0.2486,
20261006T063123Z_6135352c80a1,zoned_corridor_w3,RR,35,4.0,1,104.1,0.109,0.25,True,True,0.732,0.105,0.3034,
20261006T063123Z_6135352c80a1,zoned_corridor_w3,RR,35,4.0,2,155.9,0.11,0.26,True,True,0.732,0.105,0.8545,
20261006T063123Z_6135352c80a1,zoned_corridor_w3,RR,35,4.0,3,47.1,0.117,0.18,True,True,0.732,0.105,0.2199,
20261006T063123Z_6135352c80a1,zoned_corridor_w3,RR,35,4.0,4,13.5,0.11,0.26,True,True,0.732,0.105,0.2246,
20261006T063123Z_6135352c80a1,zoned_corridor_w3,RR,35,6.0,0,24.3,0.11,0.26,True,True,0.732,0.105,0.2258,
20261006T063123Z_6135352c80a1,zoned_corridor_w3,RR,35,6.0,1,153.7,0.11,0.26,True,False,0.732,0.105,0.9489,translation_correction_limit
20261006T063123Z_6135352c80a1,zoned_corridor_w3,RR,35,6.0,2,324.2,0.111,0.27,True,True,0.732,0.105,0.2248,
20261006T063123Z_6135352c80a1,zoned_corridor_w3,RR,35,6.0,3,132.5,0.111,0.26,True,False,0.732,0.105,0.8554,translation_correction_limit
20261006T063123Z_6135352c80a1,zoned_corridor_w3,RR,35,6.0,4,122.8,0.11,0.26,True,True,0.732,0.105,0.8144,
20261006T063123Z_6135352c80a1,zoned_corridor_w3,SU,36,0.0,0,159.2,0.172,0.01,True,True,0.846,0.082,0.6625,
20261006T063123Z_6135352c80a1,zoned_corridor_w3,SU,36,0.5,0,194.8,0.004,0.15,True,True,0.838,0.084,0.6201,
20261006T063123Z_6135352c80a1,zoned_corridor_w3,SU,36,0.5,1,143.7,0.141,0.32,True,True,0.846,0.083,0.6718,
20261006T063123Z_6135352c80a1,zoned_corridor_w3,SU,36,0.5,2,219.1,0.173,0.0,True,True,0.846,0.082,0.6519,
20261006T063123Z_6135352c80a1,zoned_corridor_w3,SU,36,0.5,3,36.1,0.181,0.07,True,True,0.846,0.083,0.6656,
20261006T063123Z_6135352c80a1,zoned_corridor_w3,SU,36,0.5,4,234.1,0.158,0.06,True,True,0.846,0.081,0.6242,
20261006T063123Z_6135352c80a1,zoned_corridor_w3,SU,36,1.0,0,355.3,0.172,0.01,True,True,0.846,0.082,0.783,
20261006T063123Z_6135352c80a1,zoned_corridor_w3,SU,36,1.0,1,71.3,0.167,0.05,True,True,0.846,0.081,0.684,
20261006T063123Z_6135352c80a1,zoned_corridor_w3,SU,36,1.0,2,93.9,0.166,0.03,True,True,0.846,0.081,0.637,
20261006T063123Z_6135352c80a1,zoned_corridor_w3,SU,36,1.0,3,334.1,0.002,0.17,True,True,0.838,0.083,0.8219,
20261006T063123Z_6135352c80a1,zoned_corridor_w3,SU,36,1.0,4,208.3,0.172,0.01,True,True,0.846,0.082,0.7204,
20261006T063123Z_6135352c80a1,zoned_corridor_w3,SU,36,2.0,0,318.3,0.166,0.14,True,True,0.846,0.081,0.6254,
20261006T063123Z_6135352c80a1,zoned_corridor_w3,SU,36,2.0,1,254.3,0.181,0.1,True,True,0.846,0.084,0.6622,
20261006T063123Z_6135352c80a1,zoned_corridor_w3,SU,36,2.0,2,251.6,0.162,0.09,True,True,0.846,0.081,0.6535,
20261006T063123Z_6135352c80a1,zoned_corridor_w3,SU,36,2.0,3,256.4,0.162,0.01,True,True,0.846,0.082,0.6807,
20261006T063123Z_6135352c80a1,zoned_corridor_w3,SU,36,2.0,4,89.2,0.002,0.17,True,True,0.838,0.083,0.6593,
20261006T063123Z_6135352c80a1,zoned_corridor_w3,SU,36,4.0,0,139.9,0.176,0.03,True,True,0.846,0.082,0.6606,
20261006T063123Z_6135352c80a1,zoned_corridor_w3,SU,36,4.0,1,102.5,0.003,0.17,True,True,0.838,0.084,0.6522,
20261006T063123Z_6135352c80a1,zoned_corridor_w3,SU,36,4.0,2,266.2,0.19,0.16,True,True,0.846,0.086,0.6694,
20261006T063123Z_6135352c80a1,zoned_corridor_w3,SU,36,4.0,3,345.5,0.172,0.01,True,True,0.846,0.082,0.6644,
20261006T063123Z_6135352c80a1,zoned_corridor_w3,SU,36,4.0,4,104.0,0.01,0.3,True,True,0.838,0.083,0.6421,
20261006T063123Z_6135352c80a1,zoned_corridor_w3,SU,36,6.0,0,327.6,0.164,0.13,True,True,0.846,0.081,0.6385,
20261006T063123Z_6135352c80a1,zoned_corridor_w3,SU,36,6.0,1,193.2,0.003,0.21,True,False,0.838,0.083,1.5234,translation_correction_limit
20261006T063123Z_6135352c80a1,zoned_corridor_w3,SU,36,6.0,2,183.0,0.208,0.03,True,True,0.83,0.151,0.8634,
20261006T063123Z_6135352c80a1,zoned_corridor_w3,SU,36,6.0,3,181.9,0.025,0.04,True,True,0.838,0.089,1.3985,
20261006T063123Z_6135352c80a1,zoned_corridor_w3,SU,36,6.0,4,57.4,0.01,0.07,True,False,0.838,0.085,0.6476,translation_correction_limit
20261006T063123Z_6135352c80a1,zoned_corridor_w3,RU,42,0.0,0,226.0,0.251,0.04,True,True,0.857,0.132,1.3578,
20261006T063123Z_6135352c80a1,zoned_corridor_w3,RU,42,0.5,0,4.2,0.265,0.18,True,True,0.859,0.134,1.3831,
20261006T063123Z_6135352c80a1,zoned_corridor_w3,RU,42,0.5,1,66.9,0.251,0.03,True,True,0.857,0.132,1.5571,
20261006T063123Z_6135352c80a1,zoned_corridor_w3,RU,42,0.5,2,152.0,0.269,0.23,True,True,0.859,0.133,1.3629,
20261006T063123Z_6135352c80a1,zoned_corridor_w3,RU,42,0.5,3,151.7,0.263,0.15,True,True,0.857,0.131,1.3779,
20261006T063123Z_6135352c80a1,zoned_corridor_w3,RU,42,0.5,4,331.0,0.265,0.19,True,True,0.859,0.134,1.4078,
20261006T063123Z_6135352c80a1,zoned_corridor_w3,RU,42,1.0,0,176.6,0.248,0.0,True,True,0.857,0.132,1.3495,
20261006T063123Z_6135352c80a1,zoned_corridor_w3,RU,42,1.0,1,220.1,0.265,0.15,True,True,0.857,0.131,1.3879,
20261006T063123Z_6135352c80a1,zoned_corridor_w3,RU,42,1.0,2,135.2,0.284,0.42,True,True,0.859,0.134,1.3567,
20261006T063123Z_6135352c80a1,zoned_corridor_w3,RU,42,1.0,3,129.9,0.263,0.17,True,True,0.857,0.131,1.3647,
20261006T063123Z_6135352c80a1,zoned_corridor_w3,RU,42,1.0,4,175.6,0.272,0.26,True,True,0.859,0.134,1.3689,
20261006T063123Z_6135352c80a1,zoned_corridor_w3,RU,42,2.0,0,241.0,0.254,0.06,True,True,0.857,0.131,1.3804,
20261006T063123Z_6135352c80a1,zoned_corridor_w3,RU,42,2.0,1,192.2,0.263,0.17,True,True,0.857,0.131,1.3947,
20261006T063123Z_6135352c80a1,zoned_corridor_w3,RU,42,2.0,2,176.0,0.265,0.18,True,True,0.859,0.134,1.3674,
20261006T063123Z_6135352c80a1,zoned_corridor_w3,RU,42,2.0,3,40.1,0.266,0.19,True,True,0.859,0.134,1.3683,
20261006T063123Z_6135352c80a1,zoned_corridor_w3,RU,42,2.0,4,287.7,0.25,0.05,True,True,0.857,0.132,1.3603,
20261006T063123Z_6135352c80a1,zoned_corridor_w3,RU,42,4.0,0,303.2,0.266,0.18,True,True,0.859,0.134,1.3726,
20261006T063123Z_6135352c80a1,zoned_corridor_w3,RU,42,4.0,1,323.3,0.26,0.13,True,True,0.857,0.131,1.4166,
20261006T063123Z_6135352c80a1,zoned_corridor_w3,RU,42,4.0,2,33.2,0.265,0.18,True,True,0.859,0.134,1.389,
20261006T063123Z_6135352c80a1,zoned_corridor_w3,RU,42,4.0,3,106.9,0.277,0.32,True,True,0.859,0.134,1.3523,
20261006T063123Z_6135352c80a1,zoned_corridor_w3,RU,42,4.0,4,24.6,0.269,0.21,True,True,0.859,0.133,1.7293,
20261006T063123Z_6135352c80a1,zoned_corridor_w3,RU,42,6.0,0,44.1,0.265,0.18,True,True,0.859,0.134,1.3731,
20261006T063123Z_6135352c80a1,zoned_corridor_w3,RU,42,6.0,1,100.6,0.272,0.24,True,False,0.859,0.133,1.0727,translation_correction_limit
20261006T063123Z_6135352c80a1,zoned_corridor_w3,RU,42,6.0,2,340.4,0.27,0.23,True,True,0.859,0.133,1.3766,
20261006T063123Z_6135352c80a1,zoned_corridor_w3,RU,42,6.0,3,96.4,0.265,0.19,True,False,0.859,0.134,1.0564,translation_correction_limit
20261006T063123Z_6135352c80a1,zoned_corridor_w3,RU,42,6.0,4,279.1,0.266,0.17,True,True,0.859,0.134,1.3669,
20261006T063123Z_6135352c80a1,zoned_corridor_w3,RR,44,0.0,0,246.0,0.133,0.64,True,True,0.565,0.183,0.033,
20261006T063123Z_6135352c80a1,zoned_corridor_w3,RR,44,0.5,0,11.5,0.133,0.61,True,True,0.565,0.183,0.0331,
20261006T063123Z_6135352c80a1,zoned_corridor_w3,RR,44,0.5,1,344.4,0.133,0.62,True,True,0.565,0.183,0.0331,
20261006T063123Z_6135352c80a1,zoned_corridor_w3,RR,44,0.5,2,271.9,0.133,0.59,True,True,0.565,0.183,0.0331,
20261006T063123Z_6135352c80a1,zoned_corridor_w3,RR,44,0.5,3,314.4,0.133,0.6,True,True,0.565,0.183,0.0332,
20261006T063123Z_6135352c80a1,zoned_corridor_w3,RR,44,0.5,4,329.7,0.131,0.56,True,True,0.565,0.184,0.0331,
20261006T063123Z_6135352c80a1,zoned_corridor_w3,RR,44,1.0,0,175.9,0.133,0.58,True,True,0.565,0.183,0.0331,
20261006T063123Z_6135352c80a1,zoned_corridor_w3,RR,44,1.0,1,48.8,0.133,0.62,True,True,0.565,0.183,0.0331,
20261006T063123Z_6135352c80a1,zoned_corridor_w3,RR,44,1.0,2,101.8,0.132,0.54,True,True,0.565,0.184,0.033,
20261006T063123Z_6135352c80a1,zoned_corridor_w3,RR,44,1.0,3,124.5,0.133,0.59,True,True,0.565,0.183,0.0332,
20261006T063123Z_6135352c80a1,zoned_corridor_w3,RR,44,1.0,4,31.9,0.133,0.59,True,True,0.565,0.183,0.0331,
20261006T063123Z_6135352c80a1,zoned_corridor_w3,RR,44,2.0,0,141.0,0.132,0.55,True,True,0.565,0.183,0.033,
20261006T063123Z_6135352c80a1,zoned_corridor_w3,RR,44,2.0,1,167.0,7.932,0.45,False,False,0.832,0.206,0.4426,translation_correction_limit
20261006T063123Z_6135352c80a1,zoned_corridor_w3,RR,44,2.0,2,87.0,0.132,0.59,True,True,0.565,0.183,0.0332,
20261006T063123Z_6135352c80a1,zoned_corridor_w3,RR,44,2.0,3,52.8,0.137,0.65,True,True,0.565,0.183,0.0331,
20261006T063123Z_6135352c80a1,zoned_corridor_w3,RR,44,2.0,4,177.0,7.989,0.73,False,True,0.838,0.201,0.497,
20261006T063123Z_6135352c80a1,zoned_corridor_w3,RR,44,4.0,0,47.5,0.131,0.58,True,True,0.565,0.184,0.3129,
20261006T063123Z_6135352c80a1,zoned_corridor_w3,RR,44,4.0,1,316.7,0.132,0.59,True,True,0.565,0.183,0.3249,
20261006T063123Z_6135352c80a1,zoned_corridor_w3,RR,44,4.0,2,279.8,0.132,0.58,True,True,0.565,0.183,0.0333,
20261006T063123Z_6135352c80a1,zoned_corridor_w3,RR,44,4.0,3,105.6,0.145,0.73,True,True,0.565,0.183,0.0326,
20261006T063123Z_6135352c80a1,zoned_corridor_w3,RR,44,4.0,4,73.8,0.131,0.58,True,True,0.565,0.184,0.0331,
20261006T063123Z_6135352c80a1,zoned_corridor_w3,RR,44,6.0,0,259.6,0.128,0.53,True,False,0.565,0.184,0.0344,translation_correction_limit
20261006T063123Z_6135352c80a1,zoned_corridor_w3,RR,44,6.0,1,82.9,0.136,0.61,True,True,0.565,0.183,0.0332,
20261006T063123Z_6135352c80a1,zoned_corridor_w3,RR,44,6.0,2,319.2,0.134,0.6,True,False,0.565,0.183,0.3583,translation_correction_limit
20261006T063123Z_6135352c80a1,zoned_corridor_w3,RR,44,6.0,3,73.2,0.132,0.58,True,True,0.565,0.183,0.0331,
20261006T063123Z_6135352c80a1,zoned_corridor_w3,RR,44,6.0,4,313.6,0.133,0.6,True,False,0.565,0.183,0.2334,translation_correction_limit
20261006T063123Z_6135352c80a1,zoned_corridor_w3,SR,49,0.0,0,92.4,4.8,1.18,False,True,0.8,0.162,0.0428,
20261006T063123Z_6135352c80a1,zoned_corridor_w3,SR,49,0.5,0,7.7,4.838,0.86,False,True,0.8,0.158,0.0588,
20261006T063123Z_6135352c80a1,zoned_corridor_w3,SR,49,0.5,1,214.5,4.818,1.02,False,True,0.8,0.159,0.0557,
20261006T063123Z_6135352c80a1,zoned_corridor_w3,SR,49,0.5,2,78.2,4.837,0.87,False,True,0.8,0.158,0.076,
20261006T063123Z_6135352c80a1,zoned_corridor_w3,SR,49,0.5,3,231.4,5.059,0.76,False,True,0.797,0.169,0.0717,
20261006T063123Z_6135352c80a1,zoned_corridor_w3,SR,49,0.5,4,358.7,4.84,0.88,False,True,0.8,0.158,0.0573,
20261006T063123Z_6135352c80a1,zoned_corridor_w3,SR,49,1.0,0,41.0,5.036,0.85,False,True,0.8,0.167,0.0257,
20261006T063123Z_6135352c80a1,zoned_corridor_w3,SR,49,1.0,1,300.6,4.817,1.03,False,True,0.8,0.159,0.058,
20261006T063123Z_6135352c80a1,zoned_corridor_w3,SR,49,1.0,2,234.2,4.689,0.55,False,True,0.806,0.183,0.0314,
20261006T063123Z_6135352c80a1,zoned_corridor_w3,SR,49,1.0,3,145.3,5.018,1.1,False,True,0.797,0.157,0.0813,
20261006T063123Z_6135352c80a1,zoned_corridor_w3,SR,49,1.0,4,69.5,4.883,0.51,False,True,0.8,0.16,0.0489,
20261006T063123Z_6135352c80a1,zoned_corridor_w3,SR,49,2.0,0,290.1,5.226,0.94,False,True,0.797,0.195,0.0217,
20261006T063123Z_6135352c80a1,zoned_corridor_w3,SR,49,2.0,1,5.8,5.02,1.01,False,True,0.8,0.162,0.0266,
20261006T063123Z_6135352c80a1,zoned_corridor_w3,SR,49,2.0,2,237.6,4.635,0.98,False,False,0.803,0.191,0.0173,ambiguous_minimum
20261006T063123Z_6135352c80a1,zoned_corridor_w3,SR,49,2.0,3,84.4,5.0,1.15,False,True,0.8,0.158,0.0849,
20261006T063123Z_6135352c80a1,zoned_corridor_w3,SR,49,2.0,4,204.5,0.282,2.18,True,True,0.728,0.117,0.2613,
20261006T063123Z_6135352c80a1,zoned_corridor_w3,SR,49,4.0,0,196.6,0.497,3.72,True,True,0.743,0.128,0.388,
20261006T063123Z_6135352c80a1,zoned_corridor_w3,SR,49,4.0,1,302.5,4.97,1.24,False,False,0.803,0.161,0.0083,ambiguous_minimum
20261006T063123Z_6135352c80a1,zoned_corridor_w3,SR,49,4.0,2,276.2,4.682,0.55,False,True,0.806,0.184,0.0333,
20261006T063123Z_6135352c80a1,zoned_corridor_w3,SR,49,4.0,3,311.6,4.866,0.63,False,True,0.8,0.159,0.0543,
20261006T063123Z_6135352c80a1,zoned_corridor_w3,SR,49,4.0,4,120.8,0.365,3.25,True,True,0.734,0.109,0.3684,
20261006T063123Z_6135352c80a1,zoned_corridor_w3,SR,49,6.0,0,318.8,5.011,1.05,False,True,0.8,0.16,0.0285,
20261006T063123Z_6135352c80a1,zoned_corridor_w3,SR,49,6.0,1,244.9,0.257,2.57,True,True,0.728,0.113,0.6943,
20261006T063123Z_6135352c80a1,zoned_corridor_w3,SR,49,6.0,2,91.6,4.812,1.07,False,False,0.8,0.163,0.1809,translation_correction_limit
20261006T063123Z_6135352c80a1,zoned_corridor_w3,SR,49,6.0,3,221.8,0.389,2.98,True,False,0.737,0.115,0.7338,translation_correction_limit
20261006T063123Z_6135352c80a1,zoned_corridor_w3,SR,49,6.0,4,180.4,0.08,1.39,True,True,0.707,0.157,0.4265,
20261006T063123Z_6135352c80a1,zoned_corridor_w3,RR,51,0.0,0,120.3,0.023,0.16,True,True,0.763,0.11,0.5797,
20261006T063123Z_6135352c80a1,zoned_corridor_w3,RR,51,0.5,0,82.3,0.022,0.12,True,True,0.763,0.11,0.5803,
20261006T063123Z_6135352c80a1,zoned_corridor_w3,RR,51,0.5,1,206.2,0.023,0.15,True,True,0.763,0.11,0.5796,
20261006T063123Z_6135352c80a1,zoned_corridor_w3,RR,51,0.5,2,289.1,0.023,0.15,True,True,0.763,0.11,0.5799,
20261006T063123Z_6135352c80a1,zoned_corridor_w3,RR,51,0.5,3,204.6,0.024,0.16,True,True,0.763,0.11,0.5812,
20261006T063123Z_6135352c80a1,zoned_corridor_w3,RR,51,0.5,4,262.8,0.023,0.16,True,True,0.763,0.11,0.5796,
20261006T063123Z_6135352c80a1,zoned_corridor_w3,RR,51,1.0,0,219.7,0.038,0.38,True,True,0.763,0.11,0.5567,
20261006T063123Z_6135352c80a1,zoned_corridor_w3,RR,51,1.0,1,266.8,0.025,0.13,True,True,0.763,0.11,0.5781,
20261006T063123Z_6135352c80a1,zoned_corridor_w3,RR,51,1.0,2,123.2,0.024,0.16,True,True,0.763,0.11,0.5797,
20261006T063123Z_6135352c80a1,zoned_corridor_w3,RR,51,1.0,3,6.2,0.025,0.2,True,True,0.763,0.11,0.5786,
20261006T063123Z_6135352c80a1,zoned_corridor_w3,RR,51,1.0,4,224.0,0.023,0.15,True,True,0.763,0.11,0.5796,
20261006T063123Z_6135352c80a1,zoned_corridor_w3,RR,51,2.0,0,142.6,0.023,0.16,True,True,0.763,0.11,0.58,
20261006T063123Z_6135352c80a1,zoned_corridor_w3,RR,51,2.0,1,269.4,0.026,0.21,True,True,0.763,0.109,0.5786,
20261006T063123Z_6135352c80a1,zoned_corridor_w3,RR,51,2.0,2,168.8,0.023,0.14,True,True,0.763,0.11,0.5801,
20261006T063123Z_6135352c80a1,zoned_corridor_w3,RR,51,2.0,3,293.8,0.024,0.16,True,True,0.763,0.11,0.5799,
20261006T063123Z_6135352c80a1,zoned_corridor_w3,RR,51,2.0,4,50.3,0.118,1.27,True,True,0.763,0.118,0.4576,
20261006T063123Z_6135352c80a1,zoned_corridor_w3,RR,51,4.0,0,72.1,0.024,0.16,True,True,0.763,0.11,0.5796,
20261006T063123Z_6135352c80a1,zoned_corridor_w3,RR,51,4.0,1,17.5,0.025,0.16,True,True,0.763,0.11,0.5797,
20261006T063123Z_6135352c80a1,zoned_corridor_w3,RR,51,4.0,2,193.5,0.023,0.16,True,True,0.763,0.11,0.9726,
20261006T063123Z_6135352c80a1,zoned_corridor_w3,RR,51,4.0,3,71.0,0.023,0.16,True,True,0.763,0.11,0.5796,
20261006T063123Z_6135352c80a1,zoned_corridor_w3,RR,51,4.0,4,198.2,0.023,0.16,True,True,0.763,0.11,0.9815,
20261006T063123Z_6135352c80a1,zoned_corridor_w3,RR,51,6.0,0,104.3,0.024,0.16,True,True,0.763,0.11,0.5795,
20261006T063123Z_6135352c80a1,zoned_corridor_w3,RR,51,6.0,1,292.0,0.016,0.31,True,True,0.763,0.111,0.5607,
20261006T063123Z_6135352c80a1,zoned_corridor_w3,RR,51,6.0,2,207.3,0.024,0.16,True,False,0.763,0.11,0.9726,translation_correction_limit
20261006T063123Z_6135352c80a1,zoned_corridor_w3,RR,51,6.0,3,15.3,0.025,0.17,True,True,0.763,0.11,0.5801,
20261006T063123Z_6135352c80a1,zoned_corridor_w3,RR,51,6.0,4,208.8,0.024,0.16,True,False,0.763,0.11,0.8176,translation_correction_limit
20261006T063123Z_6135352c80a1,zoned_corridor_w3,SU,54,0.0,0,121.3,0.041,1.18,True,True,0.814,0.097,0.6243,
20261006T063123Z_6135352c80a1,zoned_corridor_w3,SU,54,0.5,0,237.2,0.02,0.87,True,True,0.814,0.095,0.6363,
20261006T063123Z_6135352c80a1,zoned_corridor_w3,SU,54,0.5,1,353.9,0.047,0.98,True,True,0.819,0.105,0.6844,
20261006T063123Z_6135352c80a1,zoned_corridor_w3,SU,54,0.5,2,77.9,0.099,0.36,True,True,0.814,0.118,0.61,
20261006T063123Z_6135352c80a1,zoned_corridor_w3,SU,54,0.5,3,10.0,0.066,0.1,True,True,0.814,0.117,0.2978,
20261006T063123Z_6135352c80a1,zoned_corridor_w3,SU,54,0.5,4,167.9,0.06,0.65,True,True,0.816,0.1,0.6888,
20261006T063123Z_6135352c80a1,zoned_corridor_w3,SU,54,1.0,0,63.4,0.094,0.34,True,True,0.814,0.117,0.3566,
20261006T063123Z_6135352c80a1,zoned_corridor_w3,SU,54,1.0,1,256.0,0.307,0.31,True,True,0.825,0.161,0.3965,
20261006T063123Z_6135352c80a1,zoned_corridor_w3,SU,54,1.0,2,297.8,0.052,0.74,True,True,0.816,0.099,0.4574,
20261006T063123Z_6135352c80a1,zoned_corridor_w3,SU,54,1.0,3,283.1,0.053,0.75,True,True,0.816,0.099,0.7294,
20261006T063123Z_6135352c80a1,zoned_corridor_w3,SU,54,1.0,4,4.9,0.032,1.0,True,True,0.814,0.093,0.6636,
20261006T063123Z_6135352c80a1,zoned_corridor_w3,SU,54,2.0,0,82.6,0.052,0.74,True,True,0.816,0.099,0.7105,
20261006T063123Z_6135352c80a1,zoned_corridor_w3,SU,54,2.0,1,53.9,0.071,0.5,True,True,0.814,0.097,0.6676,
20261006T063123Z_6135352c80a1,zoned_corridor_w3,SU,54,2.0,2,219.8,0.051,0.74,True,True,0.816,0.099,0.7175,
20261006T063123Z_6135352c80a1,zoned_corridor_w3,SU,54,2.0,3,25.8,0.05,0.83,True,True,0.819,0.104,0.6848,
20261006T063123Z_6135352c80a1,zoned_corridor_w3,SU,54,2.0,4,253.3,0.066,0.59,True,True,0.816,0.101,0.7034,
20261006T063123Z_6135352c80a1,zoned_corridor_w3,SU,54,4.0,0,277.2,0.035,1.11,True,True,0.814,0.095,0.6498,
20261006T063123Z_6135352c80a1,zoned_corridor_w3,SU,54,4.0,1,348.8,0.056,0.65,True,True,0.816,0.1,0.678,
20261006T063123Z_6135352c80a1,zoned_corridor_w3,SU,54,4.0,2,287.7,0.051,0.73,True,True,0.816,0.099,0.6975,
20261006T063123Z_6135352c80a1,zoned_corridor_w3,SU,54,4.0,3,53.3,0.077,0.18,True,True,0.811,0.112,0.5712,
20261006T063123Z_6135352c80a1,zoned_corridor_w3,SU,54,4.0,4,106.7,0.055,0.66,True,True,0.814,0.094,0.6949,
20261006T063123Z_6135352c80a1,zoned_corridor_w3,SU,54,6.0,0,20.9,0.069,0.57,True,True,0.816,0.101,0.6121,
20261006T063123Z_6135352c80a1,zoned_corridor_w3,SU,54,6.0,1,54.8,0.05,0.74,True,True,0.816,0.099,0.6999,
20261006T063123Z_6135352c80a1,zoned_corridor_w3,SU,54,6.0,2,322.1,0.037,0.91,True,True,0.816,0.099,0.6689,
20261006T063123Z_6135352c80a1,zoned_corridor_w3,SU,54,6.0,3,315.2,0.048,0.74,True,True,0.816,0.099,0.7356,
20261006T063123Z_6135352c80a1,zoned_corridor_w3,SU,54,6.0,4,292.9,0.037,0.91,True,True,0.814,0.098,0.6014,
20261006T063939Z_3e758e6885ff,zoned_corridor_w4,RR,0,0.0,0,70.1,0.053,0.13,True,True,0.986,0.081,1.7865,
20261006T063939Z_3e758e6885ff,zoned_corridor_w4,RR,0,0.5,0,273.2,0.049,0.18,True,True,0.986,0.081,1.8097,
20261006T063939Z_3e758e6885ff,zoned_corridor_w4,RR,0,0.5,1,222.8,0.054,0.06,True,True,0.986,0.081,1.8263,
20261006T063939Z_3e758e6885ff,zoned_corridor_w4,RR,0,0.5,2,82.3,0.05,0.16,True,True,0.986,0.081,1.8446,
20261006T063939Z_3e758e6885ff,zoned_corridor_w4,RR,0,0.5,3,356.7,0.043,0.23,True,True,0.986,0.082,1.7592,
20261006T063939Z_3e758e6885ff,zoned_corridor_w4,RR,0,0.5,4,349.2,0.049,0.19,True,True,0.986,0.081,1.7938,
20261006T063939Z_3e758e6885ff,zoned_corridor_w4,RR,0,1.0,0,88.0,0.05,0.16,True,True,0.986,0.081,1.7911,
20261006T063939Z_3e758e6885ff,zoned_corridor_w4,RR,0,1.0,1,210.7,0.056,0.05,True,True,0.986,0.081,1.7517,
20261006T063939Z_3e758e6885ff,zoned_corridor_w4,RR,0,1.0,2,253.1,0.05,0.15,True,True,0.986,0.081,1.8038,
20261006T063939Z_3e758e6885ff,zoned_corridor_w4,RR,0,1.0,3,78.0,0.05,0.09,True,True,0.986,0.081,1.7564,
20261006T063939Z_3e758e6885ff,zoned_corridor_w4,RR,0,1.0,4,165.9,0.049,0.17,True,True,0.986,0.081,1.7972,
20261006T063939Z_3e758e6885ff,zoned_corridor_w4,RR,0,2.0,0,269.0,0.047,0.09,True,True,0.986,0.082,1.9095,
20261006T063939Z_3e758e6885ff,zoned_corridor_w4,RR,0,2.0,1,244.0,0.051,0.16,True,True,0.986,0.081,1.7917,
20261006T063939Z_3e758e6885ff,zoned_corridor_w4,RR,0,2.0,2,41.8,0.056,0.07,True,True,0.986,0.081,1.7707,
20261006T063939Z_3e758e6885ff,zoned_corridor_w4,RR,0,2.0,3,340.0,0.05,0.16,True,True,0.986,0.081,1.7921,
20261006T063939Z_3e758e6885ff,zoned_corridor_w4,RR,0,2.0,4,316.8,0.049,0.13,True,True,0.986,0.081,1.7822,
20261006T063939Z_3e758e6885ff,zoned_corridor_w4,RR,0,4.0,0,225.9,0.051,0.16,True,True,0.986,0.081,1.7918,
20261006T063939Z_3e758e6885ff,zoned_corridor_w4,RR,0,4.0,1,255.1,0.047,0.21,True,True,0.986,0.081,1.7868,
20261006T063939Z_3e758e6885ff,zoned_corridor_w4,RR,0,4.0,2,23.0,0.05,0.15,True,True,0.986,0.081,3.2832,
20261006T063939Z_3e758e6885ff,zoned_corridor_w4,RR,0,4.0,3,299.6,0.049,0.16,True,True,0.986,0.081,1.8428,
20261006T063939Z_3e758e6885ff,zoned_corridor_w4,RR,0,4.0,4,159.6,0.043,0.26,True,True,0.986,0.082,1.7569,
20261006T063939Z_3e758e6885ff,zoned_corridor_w4,RR,0,6.0,0,243.8,0.054,0.09,True,True,0.986,0.081,1.7693,
20261006T063939Z_3e758e6885ff,zoned_corridor_w4,RR,0,6.0,1,106.8,0.054,0.09,True,True,0.986,0.081,1.772,
20261006T063939Z_3e758e6885ff,zoned_corridor_w4,RR,0,6.0,2,338.8,0.051,0.16,True,False,0.986,0.081,3.2824,translation_correction_limit
20261006T063939Z_3e758e6885ff,zoned_corridor_w4,RR,0,6.0,3,214.5,0.049,0.18,True,True,0.986,0.081,1.7911,
20261006T063939Z_3e758e6885ff,zoned_corridor_w4,RR,0,6.0,4,88.8,0.05,0.16,True,True,0.986,0.081,1.8049,
20261006T063939Z_3e758e6885ff,zoned_corridor_w4,RU,1,0.0,0,107.4,0.175,0.25,True,True,0.933,0.094,1.7388,
20261006T063939Z_3e758e6885ff,zoned_corridor_w4,RU,1,0.5,0,130.9,0.175,0.22,True,True,0.933,0.094,3.0786,
20261006T063939Z_3e758e6885ff,zoned_corridor_w4,RU,1,0.5,1,211.9,0.172,0.21,True,True,0.933,0.093,1.8533,
20261006T063939Z_3e758e6885ff,zoned_corridor_w4,RU,1,0.5,2,200.5,0.176,0.26,True,True,0.933,0.094,1.9691,
20261006T063939Z_3e758e6885ff,zoned_corridor_w4,RU,1,0.5,3,228.7,0.176,0.22,True,True,0.933,0.094,2.8981,
20261006T063939Z_3e758e6885ff,zoned_corridor_w4,RU,1,0.5,4,17.3,0.179,0.31,True,True,0.933,0.094,2.0562,
20261006T063939Z_3e758e6885ff,zoned_corridor_w4,RU,1,1.0,0,124.8,0.175,0.25,True,True,0.933,0.094,1.9818,
20261006T063939Z_3e758e6885ff,zoned_corridor_w4,RU,1,1.0,1,0.2,0.173,0.2,True,True,0.933,0.093,2.9639,
20261006T063939Z_3e758e6885ff,zoned_corridor_w4,RU,1,1.0,2,271.6,0.176,0.25,True,True,0.933,0.094,2.9097,
20261006T063939Z_3e758e6885ff,zoned_corridor_w4,RU,1,1.0,3,87.7,0.176,0.26,True,True,0.933,0.094,1.8739,
20261006T063939Z_3e758e6885ff,zoned_corridor_w4,RU,1,1.0,4,201.5,0.177,0.28,True,True,0.933,0.094,2.9511,
20261006T063939Z_3e758e6885ff,zoned_corridor_w4,RU,1,2.0,0,95.2,0.168,0.17,True,True,0.933,0.093,2.8834,
20261006T063939Z_3e758e6885ff,zoned_corridor_w4,RU,1,2.0,1,7.4,0.167,0.14,True,True,0.933,0.094,3.1933,
20261006T063939Z_3e758e6885ff,zoned_corridor_w4,RU,1,2.0,2,91.1,0.175,0.25,True,True,0.933,0.094,2.8991,
20261006T063939Z_3e758e6885ff,zoned_corridor_w4,RU,1,2.0,3,356.9,0.176,0.25,True,True,0.933,0.094,3.11,
20261006T063939Z_3e758e6885ff,zoned_corridor_w4,RU,1,2.0,4,266.4,0.175,0.14,True,True,0.933,0.094,2.8671,
20261006T063939Z_3e758e6885ff,zoned_corridor_w4,RU,1,4.0,0,212.5,0.175,0.25,True,True,0.933,0.094,1.9186,
20261006T063939Z_3e758e6885ff,zoned_corridor_w4,RU,1,4.0,1,345.1,0.176,0.25,True,True,0.933,0.094,2.1167,
20261006T063939Z_3e758e6885ff,zoned_corridor_w4,RU,1,4.0,2,254.5,0.175,0.25,True,True,0.933,0.094,2.8994,
20261006T063939Z_3e758e6885ff,zoned_corridor_w4,RU,1,4.0,3,100.6,0.174,0.24,True,True,0.933,0.094,2.9136,
20261006T063939Z_3e758e6885ff,zoned_corridor_w4,RU,1,4.0,4,174.3,0.174,0.24,True,True,0.933,0.094,1.8779,
20261006T063939Z_3e758e6885ff,zoned_corridor_w4,RU,1,6.0,0,191.3,0.176,0.26,True,True,0.933,0.094,2.9004,
20261006T063939Z_3e758e6885ff,zoned_corridor_w4,RU,1,6.0,1,40.9,0.171,0.18,True,False,0.933,0.093,2.0682,translation_correction_limit
20261006T063939Z_3e758e6885ff,zoned_corridor_w4,RU,1,6.0,2,299.6,0.176,0.25,True,False,0.933,0.094,1.68,translation_correction_limit
20261006T063939Z_3e758e6885ff,zoned_corridor_w4,RU,1,6.0,3,146.8,0.185,0.36,True,True,0.933,0.095,1.994,
20261006T063939Z_3e758e6885ff,zoned_corridor_w4,RU,1,6.0,4,293.4,0.176,0.25,True,False,0.933,0.094,1.9271,translation_correction_limit
20261006T063939Z_3e758e6885ff,zoned_corridor_w4,RR,2,0.0,0,294.9,0.02,0.15,True,True,0.952,0.072,1.6093,
20261006T063939Z_3e758e6885ff,zoned_corridor_w4,RR,2,0.5,0,241.6,0.006,0.33,True,True,0.952,0.072,1.4949,
20261006T063939Z_3e758e6885ff,zoned_corridor_w4,RR,2,0.5,1,98.9,0.015,0.22,True,True,0.952,0.072,1.6356,
20261006T063939Z_3e758e6885ff,zoned_corridor_w4,RR,2,0.5,2,268.6,0.018,0.18,True,True,0.952,0.072,1.6465,
20261006T063939Z_3e758e6885ff,zoned_corridor_w4,RR,2,0.5,3,299.3,0.026,0.09,True,True,0.952,0.074,1.5402,
20261006T063939Z_3e758e6885ff,zoned_corridor_w4,RR,2,0.5,4,298.7,0.013,0.24,True,True,0.952,0.072,1.5836,
20261006T063939Z_3e758e6885ff,zoned_corridor_w4,RR,2,1.0,0,114.2,0.017,0.19,True,True,0.952,0.072,1.7546,
20261006T063939Z_3e758e6885ff,zoned_corridor_w4,RR,2,1.0,1,102.4,0.017,0.19,True,True,0.952,0.072,1.6012,
20261006T063939Z_3e758e6885ff,zoned_corridor_w4,RR,2,1.0,2,114.4,0.015,0.21,True,True,0.952,0.072,1.7508,
20261006T063939Z_3e758e6885ff,zoned_corridor_w4,RR,2,1.0,3,28.4,0.017,0.23,True,True,0.952,0.072,1.5984,
20261006T063939Z_3e758e6885ff,zoned_corridor_w4,RR,2,1.0,4,359.7,0.017,0.19,True,True,0.952,0.072,1.6008,
20261006T063939Z_3e758e6885ff,zoned_corridor_w4,RR,2,2.0,0,181.2,0.019,0.09,True,True,0.952,0.074,1.5216,
20261006T063939Z_3e758e6885ff,zoned_corridor_w4,RR,2,2.0,1,175.9,0.017,0.19,True,True,0.952,0.072,1.6078,
20261006T063939Z_3e758e6885ff,zoned_corridor_w4,RR,2,2.0,2,123.4,0.025,0.09,True,True,0.952,0.073,1.5471,
20261006T063939Z_3e758e6885ff,zoned_corridor_w4,RR,2,2.0,3,87.7,0.01,0.3,True,True,0.952,0.072,1.75,
20261006T063939Z_3e758e6885ff,zoned_corridor_w4,RR,2,2.0,4,302.8,0.008,0.31,True,True,0.952,0.072,1.5379,
20261006T063939Z_3e758e6885ff,zoned_corridor_w4,RR,2,4.0,0,273.9,0.012,0.27,True,True,0.952,0.072,1.5678,
20261006T063939Z_3e758e6885ff,zoned_corridor_w4,RR,2,4.0,1,133.1,0.018,0.19,True,True,0.952,0.072,1.6002,
20261006T063939Z_3e758e6885ff,zoned_corridor_w4,RR,2,4.0,2,227.8,0.019,0.16,True,True,0.952,0.072,1.5962,
20261006T063939Z_3e758e6885ff,zoned_corridor_w4,RR,2,4.0,3,239.1,0.029,0.04,True,True,0.952,0.075,1.4825,
20261006T063939Z_3e758e6885ff,zoned_corridor_w4,RR,2,4.0,4,251.2,0.02,0.15,True,True,0.952,0.072,1.5927,
20261006T063939Z_3e758e6885ff,zoned_corridor_w4,RR,2,6.0,0,72.1,0.01,0.29,True,False,0.952,0.072,1.5824,translation_correction_limit
20261006T063939Z_3e758e6885ff,zoned_corridor_w4,RR,2,6.0,1,257.7,0.018,0.18,True,True,0.952,0.072,1.6083,
20261006T063939Z_3e758e6885ff,zoned_corridor_w4,RR,2,6.0,2,166.8,0.018,0.19,True,True,0.952,0.072,1.6013,
20261006T063939Z_3e758e6885ff,zoned_corridor_w4,RR,2,6.0,3,326.1,0.013,0.24,True,False,0.952,0.072,2.7889,translation_correction_limit
20261006T063939Z_3e758e6885ff,zoned_corridor_w4,RR,2,6.0,4,24.0,0.024,0.11,True,False,0.952,0.073,2.8933,translation_correction_limit
20261006T063939Z_3e758e6885ff,zoned_corridor_w4,RR,3,0.0,0,14.7,0.04,0.1,True,True,0.906,0.114,0.3628,
20261006T063939Z_3e758e6885ff,zoned_corridor_w4,RR,3,0.5,0,28.2,0.034,0.17,True,True,0.906,0.114,0.3755,
20261006T063939Z_3e758e6885ff,zoned_corridor_w4,RR,3,0.5,1,95.7,0.037,0.15,True,True,0.906,0.114,0.3654,
20261006T063939Z_3e758e6885ff,zoned_corridor_w4,RR,3,0.5,2,275.4,0.035,0.17,True,True,0.906,0.114,0.3682,
20261006T063939Z_3e758e6885ff,zoned_corridor_w4,RR,3,0.5,3,168.6,0.033,0.2,True,True,0.906,0.114,0.3785,
20261006T063939Z_3e758e6885ff,zoned_corridor_w4,RR,3,0.5,4,148.1,0.035,0.16,True,True,0.906,0.114,0.361,
20261006T063939Z_3e758e6885ff,zoned_corridor_w4,RR,3,1.0,0,179.9,0.037,0.15,True,True,0.906,0.114,0.3606,
20261006T063939Z_3e758e6885ff,zoned_corridor_w4,RR,3,1.0,1,3.6,0.026,0.3,True,True,0.906,0.115,0.3498,
20261006T063939Z_3e758e6885ff,zoned_corridor_w4,RR,3,1.0,2,105.7,0.032,0.19,True,True,0.906,0.114,0.3828,
20261006T063939Z_3e758e6885ff,zoned_corridor_w4,RR,3,1.0,3,47.7,0.039,0.11,True,True,0.906,0.114,0.3641,
20261006T063939Z_3e758e6885ff,zoned_corridor_w4,RR,3,1.0,4,29.2,0.035,0.16,True,True,0.906,0.114,0.3976,
20261006T063939Z_3e758e6885ff,zoned_corridor_w4,RR,3,2.0,0,212.1,0.036,0.15,True,True,0.906,0.114,0.3623,
20261006T063939Z_3e758e6885ff,zoned_corridor_w4,RR,3,2.0,1,131.8,0.029,0.13,True,True,0.906,0.114,0.3498,
20261006T063939Z_3e758e6885ff,zoned_corridor_w4,RR,3,2.0,2,99.9,0.051,0.03,True,True,0.908,0.117,0.3528,
20261006T063939Z_3e758e6885ff,zoned_corridor_w4,RR,3,2.0,3,59.7,0.024,0.34,True,True,0.906,0.116,0.3453,
20261006T063939Z_3e758e6885ff,zoned_corridor_w4,RR,3,2.0,4,217.1,0.034,0.13,True,True,0.908,0.117,0.3577,
20261006T063939Z_3e758e6885ff,zoned_corridor_w4,RR,3,4.0,0,18.3,0.031,0.22,True,True,0.906,0.114,0.3767,
20261006T063939Z_3e758e6885ff,zoned_corridor_w4,RR,3,4.0,1,205.9,0.035,0.14,True,True,0.906,0.114,1.5281,
20261006T063939Z_3e758e6885ff,zoned_corridor_w4,RR,3,4.0,2,107.1,0.035,0.16,True,True,0.906,0.114,0.3846,
20261006T063939Z_3e758e6885ff,zoned_corridor_w4,RR,3,4.0,3,226.8,0.035,0.16,True,True,0.906,0.114,1.2526,
20261006T063939Z_3e758e6885ff,zoned_corridor_w4,RR,3,4.0,4,106.0,0.034,0.17,True,True,0.906,0.114,0.3768,
20261006T063939Z_3e758e6885ff,zoned_corridor_w4,RR,3,6.0,0,297.3,0.032,0.23,True,True,0.906,0.115,0.3578,
20261006T063939Z_3e758e6885ff,zoned_corridor_w4,RR,3,6.0,1,326.0,0.034,0.16,True,True,0.906,0.114,0.3756,
20261006T063939Z_3e758e6885ff,zoned_corridor_w4,RR,3,6.0,2,264.9,0.031,0.2,True,True,0.906,0.114,0.3742,
20261006T063939Z_3e758e6885ff,zoned_corridor_w4,RR,3,6.0,3,207.2,0.058,0.65,True,True,0.902,0.131,1.0964,
20261006T063939Z_3e758e6885ff,zoned_corridor_w4,RR,3,6.0,4,152.9,0.035,0.16,True,False,0.906,0.114,1.5378,translation_correction_limit
20261006T063939Z_3e758e6885ff,zoned_corridor_w4,SR,5,0.0,0,127.0,0.0,0.0,True,True,0.911,0.086,0.3813,
20261006T063939Z_3e758e6885ff,zoned_corridor_w4,SR,5,0.5,0,232.8,0.11,0.68,True,True,0.917,0.079,0.8376,
20261006T063939Z_3e758e6885ff,zoned_corridor_w4,SR,5,0.5,1,21.9,0.106,0.73,True,True,0.917,0.078,0.6011,
20261006T063939Z_3e758e6885ff,zoned_corridor_w4,SR,5,0.5,2,125.9,0.007,0.08,True,True,0.911,0.083,0.4156,
20261006T063939Z_3e758e6885ff,zoned_corridor_w4,SR,5,0.5,3,354.1,0.098,0.8,True,True,0.917,0.078,0.5979,
20261006T063939Z_3e758e6885ff,zoned_corridor_w4,SR,5,0.5,4,147.2,0.113,0.82,True,True,0.917,0.078,0.5425,
20261006T063939Z_3e758e6885ff,zoned_corridor_w4,SR,5,1.0,0,335.6,0.105,0.73,True,True,0.917,0.078,0.6463,
20261006T063939Z_3e758e6885ff,zoned_corridor_w4,SR,5,1.0,1,174.0,0.03,0.28,True,True,0.911,0.082,0.4433,
20261006T063939Z_3e758e6885ff,zoned_corridor_w4,SR,5,1.0,2,347.5,0.212,1.36,True,True,0.917,0.088,0.2936,
20261006T063939Z_3e758e6885ff,zoned_corridor_w4,SR,5,1.0,3,185.3,0.118,0.63,True,True,0.917,0.079,0.6133,
20261006T063939Z_3e758e6885ff,zoned_corridor_w4,SR,5,1.0,4,77.6,0.11,0.64,True,True,0.917,0.079,0.609,
20261006T063939Z_3e758e6885ff,zoned_corridor_w4,SR,5,2.0,0,337.5,0.105,0.74,True,True,0.917,0.078,1.3492,
20261006T063939Z_3e758e6885ff,zoned_corridor_w4,SR,5,2.0,1,146.3,0.109,0.69,True,True,0.917,0.078,0.6363,
20261006T063939Z_3e758e6885ff,zoned_corridor_w4,SR,5,2.0,2,146.6,0.098,0.82,True,True,0.917,0.078,0.8374,
20261006T063939Z_3e758e6885ff,zoned_corridor_w4,SR,5,2.0,3,350.3,0.185,0.32,True,True,0.917,0.104,1.0065,
20261006T063939Z_3e758e6885ff,zoned_corridor_w4,SR,5,2.0,4,28.2,0.036,0.33,True,True,0.911,0.082,1.1491,
20261006T063939Z_3e758e6885ff,zoned_corridor_w4,SR,5,4.0,0,149.5,0.106,0.73,True,True,0.917,0.078,0.6006,
20261006T063939Z_3e758e6885ff,zoned_corridor_w4,SR,5,4.0,1,311.3,0.142,0.41,True,True,0.917,0.088,1.4872,
20261006T063939Z_3e758e6885ff,zoned_corridor_w4,SR,5,4.0,2,212.2,0.21,1.36,True,True,0.917,0.087,0.3115,
20261006T063939Z_3e758e6885ff,zoned_corridor_w4,SR,5,4.0,3,72.6,0.005,0.07,True,True,0.911,0.083,0.5387,
20261006T063939Z_3e758e6885ff,zoned_corridor_w4,SR,5,4.0,4,265.4,0.042,0.03,True,True,0.911,0.089,0.3055,
20261006T063939Z_3e758e6885ff,zoned_corridor_w4,SR,5,6.0,0,118.1,0.029,0.23,True,False,0.911,0.083,0.5292,translation_correction_limit
20261006T063939Z_3e758e6885ff,zoned_corridor_w4,SR,5,6.0,1,341.7,0.102,0.72,True,False,0.917,0.078,2.0084,translation_correction_limit
20261006T063939Z_3e758e6885ff,zoned_corridor_w4,SR,5,6.0,2,293.1,0.078,0.97,True,False,0.917,0.08,1.9718,translation_correction_limit
20261006T063939Z_3e758e6885ff,zoned_corridor_w4,SR,5,6.0,3,208.7,0.102,0.75,True,True,0.917,0.078,0.6168,
20261006T063939Z_3e758e6885ff,zoned_corridor_w4,SR,5,6.0,4,296.7,0.12,0.6,True,False,0.917,0.08,2.0435,translation_correction_limit
20261006T063939Z_3e758e6885ff,zoned_corridor_w4,RU,6,0.0,0,177.0,0.167,0.76,True,True,0.866,0.11,1.5072,
20261006T063939Z_3e758e6885ff,zoned_corridor_w4,RU,6,0.5,0,122.2,0.155,0.73,True,True,0.866,0.108,1.5875,
20261006T063939Z_3e758e6885ff,zoned_corridor_w4,RU,6,0.5,1,343.7,0.072,1.34,True,True,0.869,0.116,1.303,
20261006T063939Z_3e758e6885ff,zoned_corridor_w4,RU,6,0.5,2,285.9,0.164,0.65,True,True,0.866,0.11,1.6619,
20261006T063939Z_3e758e6885ff,zoned_corridor_w4,RU,6,0.5,3,214.2,0.162,0.69,True,True,0.866,0.109,1.5292,
20261006T063939Z_3e758e6885ff,zoned_corridor_w4,RU,6,0.5,4,111.6,0.164,0.69,True,True,0.866,0.109,1.5233,
20261006T063939Z_3e758e6885ff,zoned_corridor_w4,RU,6,1.0,0,299.3,0.161,0.66,True,True,0.866,0.109,1.5227,
20261006T063939Z_3e758e6885ff,zoned_corridor_w4,RU,6,1.0,1,283.0,0.158,0.62,True,True,0.866,0.109,1.5182,
20261006T063939Z_3e758e6885ff,zoned_corridor_w4,RU,6,1.0,2,164.9,0.163,0.7,True,True,0.866,0.109,1.7249,
20261006T063939Z_3e758e6885ff,zoned_corridor_w4,RU,6,1.0,3,267.8,0.161,0.72,True,True,0.866,0.109,1.5078,
20261006T063939Z_3e758e6885ff,zoned_corridor_w4,RU,6,1.0,4,280.1,0.162,0.66,True,True,0.866,0.109,1.5096,
20261006T063939Z_3e758e6885ff,zoned_corridor_w4,RU,6,2.0,0,72.1,0.153,0.58,True,True,0.866,0.109,1.4958,
20261006T063939Z_3e758e6885ff,zoned_corridor_w4,RU,6,2.0,1,63.6,0.162,0.68,True,True,0.866,0.109,1.5122,
20261006T063939Z_3e758e6885ff,zoned_corridor_w4,RU,6,2.0,2,260.2,0.164,0.73,True,True,0.866,0.109,1.3187,
20261006T063939Z_3e758e6885ff,zoned_corridor_w4,RU,6,2.0,3,23.5,0.161,0.69,True,True,0.866,0.109,1.5639,
20261006T063939Z_3e758e6885ff,zoned_corridor_w4,RU,6,2.0,4,246.4,0.162,0.69,True,True,0.866,0.109,1.6187,
20261006T063939Z_3e758e6885ff,zoned_corridor_w4,RU,6,4.0,0,41.5,0.162,0.68,True,True,0.866,0.109,1.5121,
20261006T063939Z_3e758e6885ff,zoned_corridor_w4,RU,6,4.0,1,299.6,0.162,0.68,True,True,0.866,0.109,1.7714,
20261006T063939Z_3e758e6885ff,zoned_corridor_w4,RU,6,4.0,2,323.5,0.162,0.68,True,True,0.866,0.109,1.5822,
20261006T063939Z_3e758e6885ff,zoned_corridor_w4,RU,6,4.0,3,239.1,0.162,0.68,True,True,0.866,0.109,1.8239,
20261006T063939Z_3e758e6885ff,zoned_corridor_w4,RU,6,4.0,4,321.1,0.157,0.62,True,True,0.866,0.109,1.6458,
20261006T063939Z_3e758e6885ff,zoned_corridor_w4,RU,6,6.0,0,296.7,0.16,0.64,True,False,0.866,0.109,1.5229,translation_correction_limit
20261006T063939Z_3e758e6885ff,zoned_corridor_w4,RU,6,6.0,1,70.3,0.156,0.57,True,False,0.864,0.106,1.5029,translation_correction_limit
20261006T063939Z_3e758e6885ff,zoned_corridor_w4,RU,6,6.0,2,96.8,0.043,1.22,True,False,0.869,0.116,1.3864,translation_correction_limit
20261006T063939Z_3e758e6885ff,zoned_corridor_w4,RU,6,6.0,3,136.4,0.163,0.67,True,True,0.866,0.109,1.0,
20261006T063939Z_3e758e6885ff,zoned_corridor_w4,RU,6,6.0,4,222.7,0.158,0.76,True,True,0.866,0.109,1.3548,
20261006T063939Z_3e758e6885ff,zoned_corridor_w4,RU,9,0.0,0,128.1,0.037,0.04,True,True,0.952,0.084,2.5728,
20261006T063939Z_3e758e6885ff,zoned_corridor_w4,RU,9,0.5,0,316.2,0.028,0.01,True,True,0.952,0.085,1.0,
20261006T063939Z_3e758e6885ff,zoned_corridor_w4,RU,9,0.5,1,333.5,0.029,0.01,True,True,0.952,0.085,4.3702,
20261006T063939Z_3e758e6885ff,zoned_corridor_w4,RU,9,0.5,2,240.9,0.03,0.01,True,True,0.952,0.085,4.4249,
20261006T063939Z_3e758e6885ff,zoned_corridor_w4,RU,9,0.5,3,103.7,0.033,0.03,True,True,0.952,0.085,4.287,
20261006T063939Z_3e758e6885ff,zoned_corridor_w4,RU,9,0.5,4,342.4,0.027,0.11,True,True,0.95,0.081,4.3662,
20261006T063939Z_3e758e6885ff,zoned_corridor_w4,RU,9,1.0,0,285.2,0.03,0.01,True,True,0.952,0.085,3.5398,
20261006T063939Z_3e758e6885ff,zoned_corridor_w4,RU,9,1.0,1,23.9,0.032,0.03,True,True,0.952,0.085,4.4439,
20261006T063939Z_3e758e6885ff,zoned_corridor_w4,RU,9,1.0,2,150.7,0.031,0.01,True,True,0.952,0.085,3.037,
20261006T063939Z_3e758e6885ff,zoned_corridor_w4,RU,9,1.0,3,96.5,0.03,0.03,True,True,0.952,0.085,3.4036,
20261006T063939Z_3e758e6885ff,zoned_corridor_w4,RU,9,1.0,4,158.3,0.039,0.07,True,True,0.952,0.084,4.2945,
20261006T063939Z_3e758e6885ff,zoned_corridor_w4,RU,9,2.0,0,79.1,0.031,0.02,True,True,0.952,0.085,2.8945,
20261006T063939Z_3e758e6885ff,zoned_corridor_w4,RU,9,2.0,1,170.3,0.043,0.12,True,True,0.952,0.085,4.2376,
20261006T063939Z_3e758e6885ff,zoned_corridor_w4,RU,9,2.0,2,17.0,0.029,0.01,True,True,0.952,0.085,3.5475,
20261006T063939Z_3e758e6885ff,zoned_corridor_w4,RU,9,2.0,3,355.6,0.033,0.06,True,True,0.95,0.08,4.3738,
20261006T063939Z_3e758e6885ff,zoned_corridor_w4,RU,9,2.0,4,214.7,0.029,0.01,True,True,0.952,0.085,4.3864,
20261006T063939Z_3e758e6885ff,zoned_corridor_w4,RU,9,4.0,0,210.7,0.031,0.02,True,True,0.952,0.085,4.3462,
20261006T063939Z_3e758e6885ff,zoned_corridor_w4,RU,9,4.0,1,262.7,0.028,0.02,True,True,0.952,0.085,4.279,
20261006T063939Z_3e758e6885ff,zoned_corridor_w4,RU,9,4.0,2,87.7,0.04,0.08,True,True,0.952,0.084,4.377,
20261006T063939Z_3e758e6885ff,zoned_corridor_w4,RU,9,4.0,3,320.1,0.032,0.04,True,True,0.952,0.085,3.1712,
20261006T063939Z_3e758e6885ff,zoned_corridor_w4,RU,9,4.0,4,202.4,0.038,0.09,True,True,0.952,0.085,4.4037,
20261006T063939Z_3e758e6885ff,zoned_corridor_w4,RU,9,6.0,0,338.4,0.03,0.01,True,False,0.952,0.085,2.5559,translation_correction_limit
20261006T063939Z_3e758e6885ff,zoned_corridor_w4,RU,9,6.0,1,74.7,0.031,0.02,True,True,0.952,0.085,1.0,
20261006T063939Z_3e758e6885ff,zoned_corridor_w4,RU,9,6.0,2,33.5,0.044,0.17,True,False,0.952,0.085,3.2043,translation_correction_limit
20261006T063939Z_3e758e6885ff,zoned_corridor_w4,RU,9,6.0,3,37.0,0.029,0.0,True,False,0.952,0.085,2.9193,translation_correction_limit
20261006T063939Z_3e758e6885ff,zoned_corridor_w4,RU,9,6.0,4,0.6,0.021,0.02,True,False,0.952,0.087,2.5312,translation_correction_limit
20261006T063939Z_3e758e6885ff,zoned_corridor_w4,RR,12,0.0,0,181.6,4.14,0.14,False,True,0.809,0.217,0.3003,
20261006T063939Z_3e758e6885ff,zoned_corridor_w4,RR,12,0.5,0,135.8,4.282,0.56,False,True,0.805,0.211,0.3244,
20261006T063939Z_3e758e6885ff,zoned_corridor_w4,RR,12,0.5,1,268.5,4.284,0.54,False,True,0.805,0.211,0.3229,
20261006T063939Z_3e758e6885ff,zoned_corridor_w4,RR,12,0.5,2,257.3,4.294,0.42,False,True,0.805,0.212,0.3188,
20261006T063939Z_3e758e6885ff,zoned_corridor_w4,RR,12,0.5,3,191.4,4.282,0.56,False,True,0.805,0.211,0.3608,
20261006T063939Z_3e758e6885ff,zoned_corridor_w4,RR,12,0.5,4,234.5,4.296,0.43,False,True,0.805,0.212,0.3195,
20261006T063939Z_3e758e6885ff,zoned_corridor_w4,RR,12,1.0,0,347.3,4.286,0.53,False,True,0.805,0.211,0.3613,
20261006T063939Z_3e758e6885ff,zoned_corridor_w4,RR,12,1.0,1,346.0,4.285,0.54,False,True,0.805,0.211,0.3622,
20261006T063939Z_3e758e6885ff,zoned_corridor_w4,RR,12,1.0,2,228.1,4.285,0.53,False,True,0.805,0.211,0.3223,
20261006T063939Z_3e758e6885ff,zoned_corridor_w4,RR,12,1.0,3,340.8,4.142,0.11,False,True,0.809,0.218,0.3378,
20261006T063939Z_3e758e6885ff,zoned_corridor_w4,RR,12,1.0,4,203.2,4.285,0.54,False,True,0.805,0.211,0.3222,
20261006T063939Z_3e758e6885ff,zoned_corridor_w4,RR,12,2.0,0,99.1,4.271,0.65,False,True,0.811,0.216,0.3359,
20261006T063939Z_3e758e6885ff,zoned_corridor_w4,RR,12,2.0,1,126.7,4.286,0.58,False,True,0.805,0.211,0.3597,
20261006T063939Z_3e758e6885ff,zoned_corridor_w4,RR,12,2.0,2,338.1,4.285,0.54,False,False,0.805,0.211,0.0107,ambiguous_minimum
20261006T063939Z_3e758e6885ff,zoned_corridor_w4,RR,12,2.0,3,297.0,4.285,0.54,False,True,0.805,0.211,0.3222,
20261006T063939Z_3e758e6885ff,zoned_corridor_w4,RR,12,2.0,4,81.8,4.29,0.55,False,True,0.807,0.213,0.3592,
20261006T063939Z_3e758e6885ff,zoned_corridor_w4,RR,12,4.0,0,251.2,4.259,0.78,False,False,0.809,0.213,0.3136,translation_correction_limit
20261006T063939Z_3e758e6885ff,zoned_corridor_w4,RR,12,4.0,1,312.5,8.16,0.05,False,False,0.881,0.203,0.2,translation_correction_limit
20261006T063939Z_3e758e6885ff,zoned_corridor_w4,RR,12,4.0,2,170.6,0.093,0.72,True,True,0.575,0.174,0.4386,
20261006T063939Z_3e758e6885ff,zoned_corridor_w4,RR,12,4.0,3,239.8,3.995,1.11,False,False,0.784,0.214,0.2325,translation_correction_limit
20261006T063939Z_3e758e6885ff,zoned_corridor_w4,RR,12,4.0,4,132.3,0.187,1.67,True,True,0.589,0.194,0.2498,
20261006T063939Z_3e758e6885ff,zoned_corridor_w4,RR,12,6.0,0,333.1,8.16,0.05,False,True,0.881,0.203,0.2241,
20261006T063939Z_3e758e6885ff,zoned_corridor_w4,RR,12,6.0,1,194.8,0.09,0.73,True,False,0.575,0.176,0.3035,translation_correction_limit
20261006T063939Z_3e758e6885ff,zoned_corridor_w4,RR,12,6.0,2,183.0,0.088,1.12,True,False,0.569,0.18,0.3173,translation_correction_limit
20261006T063939Z_3e758e6885ff,zoned_corridor_w4,RR,12,6.0,3,169.7,0.092,0.7,True,False,0.575,0.175,0.3248,translation_correction_limit
20261006T063939Z_3e758e6885ff,zoned_corridor_w4,RR,12,6.0,4,342.6,8.281,0.47,False,True,0.873,0.204,0.1388,
20261006T063939Z_3e758e6885ff,zoned_corridor_w4,SR,14,0.0,0,119.0,4.761,1.37,False,True,0.907,0.15,0.3089,
20261006T063939Z_3e758e6885ff,zoned_corridor_w4,SR,14,0.5,0,288.8,4.85,2.01,False,True,0.907,0.164,0.1948,
20261006T063939Z_3e758e6885ff,zoned_corridor_w4,SR,14,0.5,1,42.8,4.878,0.77,False,True,0.901,0.147,0.2327,
20261006T063939Z_3e758e6885ff,zoned_corridor_w4,SR,14,0.5,2,305.6,4.75,1.29,False,True,0.907,0.151,0.3408,
20261006T063939Z_3e758e6885ff,zoned_corridor_w4,SR,14,0.5,3,208.2,4.769,1.42,False,True,0.907,0.148,0.2892,
20261006T063939Z_3e758e6885ff,zoned_corridor_w4,SR,14,0.5,4,121.3,4.777,1.45,False,True,0.907,0.148,0.3066,
20261006T063939Z_3e758e6885ff,zoned_corridor_w4,SR,14,1.0,0,110.4,4.771,1.45,False,True,0.907,0.148,0.3192,
20261006T063939Z_3e758e6885ff,zoned_corridor_w4,SR,14,1.0,1,241.0,4.902,1.01,False,True,0.901,0.145,0.2585,
20261006T063939Z_3e758e6885ff,zoned_corridor_w4,SR,14,1.0,2,266.1,4.941,1.29,False,True,0.901,0.149,0.2477,
20261006T063939Z_3e758e6885ff,zoned_corridor_w4,SR,14,1.0,3,162.1,4.777,1.51,False,True,0.907,0.148,0.3152,
20261006T063939Z_3e758e6885ff,zoned_corridor_w4,SR,14,1.0,4,236.4,4.772,1.46,False,True,0.907,0.148,0.3192,
20261006T063939Z_3e758e6885ff,zoned_corridor_w4,SR,14,2.0,0,276.7,4.781,1.54,False,True,0.907,0.148,0.3124,
20261006T063939Z_3e758e6885ff,zoned_corridor_w4,SR,14,2.0,1,190.5,0.081,0.7,True,True,0.752,0.084,0.2224,
20261006T063939Z_3e758e6885ff,zoned_corridor_w4,SR,14,2.0,2,226.2,4.49,2.24,False,False,0.894,0.193,0.1114,translation_correction_limit
20261006T063939Z_3e758e6885ff,zoned_corridor_w4,SR,14,2.0,3,232.1,4.574,1.55,False,False,0.907,0.183,0.1576,translation_correction_limit
20261006T063939Z_3e758e6885ff,zoned_corridor_w4,SR,14,2.0,4,80.9,4.924,1.16,False,True,0.901,0.147,0.2534,
20261006T063939Z_3e758e6885ff,zoned_corridor_w4,SR,14,4.0,0,263.0,4.786,1.49,False,False,0.907,0.148,0.2728,translation_correction_limit
20261006T063939Z_3e758e6885ff,zoned_corridor_w4,SR,14,4.0,1,188.6,0.087,0.58,True,True,0.752,0.084,0.9036,
20261006T063939Z_3e758e6885ff,zoned_corridor_w4,SR,14,4.0,2,224.2,0.061,0.15,True,True,0.745,0.084,0.565,
20261006T063939Z_3e758e6885ff,zoned_corridor_w4,SR,14,4.0,3,320.8,4.735,1.2,False,True,0.907,0.155,0.4141,
20261006T063939Z_3e758e6885ff,zoned_corridor_w4,SR,14,4.0,4,15.8,4.622,1.78,False,True,0.907,0.17,0.1946,
20261006T063939Z_3e758e6885ff,zoned_corridor_w4,SR,14,6.0,0,60.6,4.768,1.43,False,True,0.907,0.149,0.4364,
20261006T063939Z_3e758e6885ff,zoned_corridor_w4,SR,14,6.0,1,279.7,4.78,1.57,False,False,0.907,0.148,0.3155,translation_correction_limit
20261006T063939Z_3e758e6885ff,zoned_corridor_w4,SR,14,6.0,2,153.2,0.042,1.08,True,False,0.752,0.095,0.789,translation_correction_limit
20261006T063939Z_3e758e6885ff,zoned_corridor_w4,SR,14,6.0,3,105.6,0.089,0.56,True,False,0.752,0.084,0.1475,translation_correction_limit
20261006T063939Z_3e758e6885ff,zoned_corridor_w4,SR,14,6.0,4,245.6,0.094,0.58,True,False,0.752,0.084,0.6086,translation_correction_limit
20261006T063939Z_3e758e6885ff,zoned_corridor_w4,RR,15,0.0,0,337.7,4.181,0.45,False,True,0.98,0.178,0.1312,
20261006T063939Z_3e758e6885ff,zoned_corridor_w4,RR,15,0.5,0,84.1,4.017,0.13,False,True,0.98,0.168,0.236,
20261006T063939Z_3e758e6885ff,zoned_corridor_w4,RR,15,0.5,1,153.5,4.025,0.06,False,True,0.98,0.169,0.2308,
20261006T063939Z_3e758e6885ff,zoned_corridor_w4,RR,15,0.5,2,118.7,4.044,0.11,False,True,0.98,0.172,0.1595,
20261006T063939Z_3e758e6885ff,zoned_corridor_w4,RR,15,0.5,3,322.1,4.185,0.31,False,True,0.98,0.18,0.1385,
20261006T063939Z_3e758e6885ff,zoned_corridor_w4,RR,15,0.5,4,147.5,4.014,0.14,False,True,0.98,0.168,0.2342,
20261006T063939Z_3e758e6885ff,zoned_corridor_w4,RR,15,1.0,0,234.1,4.16,0.55,False,True,0.98,0.174,0.1291,
20261006T063939Z_3e758e6885ff,zoned_corridor_w4,RR,15,1.0,1,262.2,4.04,0.06,False,True,0.98,0.171,0.2179,
20261006T063939Z_3e758e6885ff,zoned_corridor_w4,RR,15,1.0,2,324.1,4.01,0.18,False,True,0.98,0.167,0.169,
20261006T063939Z_3e758e6885ff,zoned_corridor_w4,RR,15,1.0,3,173.8,4.008,0.26,False,True,0.98,0.167,0.163,
20261006T063939Z_3e758e6885ff,zoned_corridor_w4,RR,15,1.0,4,234.4,4.116,0.85,False,True,0.98,0.169,0.1107,
20261006T063939Z_3e758e6885ff,zoned_corridor_w4,RR,15,2.0,0,255.9,4.007,0.21,False,True,0.98,0.167,0.1682,
20261006T063939Z_3e758e6885ff,zoned_corridor_w4,RR,15,2.0,1,343.6,4.026,0.01,False,True,0.98,0.17,0.1535,
20261006T063939Z_3e758e6885ff,zoned_corridor_w4,RR,15,2.0,2,23.8,4.018,0.22,False,True,0.98,0.166,0.1558,
20261006T063939Z_3e758e6885ff,zoned_corridor_w4,RR,15,2.0,3,176.5,3.809,0.08,False,True,0.976,0.207,0.0306,
20261006T063939Z_3e758e6885ff,zoned_corridor_w4,RR,15,2.0,4,161.3,3.997,0.41,False,True,0.98,0.166,0.145,
20261006T063939Z_3e758e6885ff,zoned_corridor_w4,RR,15,4.0,0,274.4,4.049,0.13,False,True,0.98,0.172,0.1426,
20261006T063939Z_3e758e6885ff,zoned_corridor_w4,RR,15,4.0,1,318.0,4.168,0.49,False,True,0.98,0.176,0.1332,
20261006T063939Z_3e758e6885ff,zoned_corridor_w4,RR,15,4.0,2,316.8,4.0,0.27,False,True,0.98,0.167,0.1658,
20261006T063939Z_3e758e6885ff,zoned_corridor_w4,RR,15,4.0,3,151.9,0.033,0.17,True,True,0.827,0.099,1.1103,
20261006T063939Z_3e758e6885ff,zoned_corridor_w4,RR,15,4.0,4,281.2,4.18,0.39,False,True,0.98,0.178,0.2044,
20261006T063939Z_3e758e6885ff,zoned_corridor_w4,RR,15,6.0,0,89.5,4.004,0.25,False,False,0.98,0.168,0.1525,translation_correction_limit
20261006T063939Z_3e758e6885ff,zoned_corridor_w4,RR,15,6.0,1,81.7,4.183,0.35,False,False,0.98,0.179,0.2032,translation_correction_limit
20261006T063939Z_3e758e6885ff,zoned_corridor_w4,RR,15,6.0,2,115.9,0.029,0.21,True,True,0.827,0.098,0.7529,
20261006T063939Z_3e758e6885ff,zoned_corridor_w4,RR,15,6.0,3,99.6,3.972,0.3,False,False,0.98,0.17,0.1419,translation_correction_limit
20261006T063939Z_3e758e6885ff,zoned_corridor_w4,RR,15,6.0,4,84.4,3.999,0.24,False,False,0.98,0.167,0.1643,translation_correction_limit
20261006T063939Z_3e758e6885ff,zoned_corridor_w4,SR,22,0.0,0,187.1,0.178,1.65,True,True,0.925,0.076,0.9679,
20261006T063939Z_3e758e6885ff,zoned_corridor_w4,SR,22,0.5,0,65.5,0.073,0.99,True,True,0.922,0.081,0.9616,
20261006T063939Z_3e758e6885ff,zoned_corridor_w4,SR,22,0.5,1,109.5,0.086,0.85,True,True,0.922,0.083,0.8095,
20261006T063939Z_3e758e6885ff,zoned_corridor_w4,SR,22,0.5,2,77.2,0.265,2.54,True,True,0.928,0.105,0.6174,
20261006T063939Z_3e758e6885ff,zoned_corridor_w4,SR,22,0.5,3,116.5,0.271,2.43,True,True,0.928,0.102,0.547,
20261006T063939Z_3e758e6885ff,zoned_corridor_w4,SR,22,0.5,4,23.0,0.175,1.63,True,True,0.925,0.076,0.9726,
20261006T063939Z_3e758e6885ff,zoned_corridor_w4,SR,22,1.0,0,291.5,0.168,1.75,True,True,0.925,0.077,0.9037,
20261006T063939Z_3e758e6885ff,zoned_corridor_w4,SR,22,1.0,1,223.2,0.17,1.78,True,True,0.925,0.077,1.0556,
20261006T063939Z_3e758e6885ff,zoned_corridor_w4,SR,22,1.0,2,12.9,0.172,1.7,True,True,0.925,0.076,0.9656,
20261006T063939Z_3e758e6885ff,zoned_corridor_w4,SR,22,1.0,3,45.3,0.172,1.7,True,True,0.925,0.076,0.9964,
20261006T063939Z_3e758e6885ff,zoned_corridor_w4,SR,22,1.0,4,77.1,0.172,1.7,True,True,0.925,0.076,0.9671,
20261006T063939Z_3e758e6885ff,zoned_corridor_w4,SR,22,2.0,0,159.4,0.175,1.73,True,True,0.925,0.076,1.7456,
20261006T063939Z_3e758e6885ff,zoned_corridor_w4,SR,22,2.0,1,346.2,0.263,2.52,True,True,0.928,0.104,0.5386,
20261006T063939Z_3e758e6885ff,zoned_corridor_w4,SR,22,2.0,2,187.2,0.19,1.75,True,True,0.925,0.078,1.5982,
20261006T063939Z_3e758e6885ff,zoned_corridor_w4,SR,22,2.0,3,156.3,0.172,1.7,True,True,0.925,0.076,1.7649,
20261006T063939Z_3e758e6885ff,zoned_corridor_w4,SR,22,2.0,4,8.6,0.26,1.09,True,True,0.925,0.099,0.6435,
20261006T063939Z_3e758e6885ff,zoned_corridor_w4,SR,22,4.0,0,311.4,0.17,1.66,True,True,0.925,0.077,0.954,
20261006T063939Z_3e758e6885ff,zoned_corridor_w4,SR,22,4.0,1,7.3,0.07,1.02,True,True,0.922,0.081,0.9302,
20261006T063939Z_3e758e6885ff,zoned_corridor_w4,SR,22,4.0,2,326.2,0.178,1.62,True,True,0.925,0.076,0.9558,
20261006T063939Z_3e758e6885ff,zoned_corridor_w4,SR,22,4.0,3,51.0,0.078,0.94,True,True,0.922,0.081,0.9006,
20261006T063939Z_3e758e6885ff,zoned_corridor_w4,SR,22,4.0,4,202.2,0.073,0.99,True,True,0.922,0.081,2.0619,
20261006T063939Z_3e758e6885ff,zoned_corridor_w4,SR,22,6.0,0,105.9,0.172,1.7,True,False,0.925,0.076,1.533,translation_correction_limit
20261006T063939Z_3e758e6885ff,zoned_corridor_w4,SR,22,6.0,1,196.0,0.074,1.0,True,False,0.922,0.081,2.0407,translation_correction_limit
20261006T063939Z_3e758e6885ff,zoned_corridor_w4,SR,22,6.0,2,105.7,0.175,1.72,True,False,0.925,0.076,1.3565,translation_correction_limit
20261006T063939Z_3e758e6885ff,zoned_corridor_w4,SR,22,6.0,3,311.3,0.161,1.81,True,True,0.925,0.077,1.0372,
20261006T063939Z_3e758e6885ff,zoned_corridor_w4,SR,22,6.0,4,75.4,0.175,1.67,True,True,0.925,0.076,1.0231,
20261006T063939Z_3e758e6885ff,zoned_corridor_w4,RU,27,0.0,0,113.8,0.027,0.46,True,True,0.663,0.164,0.3811,
20261006T063939Z_3e758e6885ff,zoned_corridor_w4,RU,27,0.5,0,223.3,0.149,0.98,True,True,0.695,0.188,0.4639,
20261006T063939Z_3e758e6885ff,zoned_corridor_w4,RU,27,0.5,1,109.9,0.141,1.04,True,True,0.695,0.189,0.3866,
20261006T063939Z_3e758e6885ff,zoned_corridor_w4,RU,27,0.5,2,273.6,0.137,1.09,True,True,0.695,0.189,0.4092,
20261006T063939Z_3e758e6885ff,zoned_corridor_w4,RU,27,0.5,3,345.4,0.145,1.02,True,True,0.695,0.188,0.4942,
20261006T063939Z_3e758e6885ff,zoned_corridor_w4,RU,27,0.5,4,241.8,0.149,0.95,True,True,0.695,0.188,0.4109,
20261006T063939Z_3e758e6885ff,zoned_corridor_w4,RU,27,1.0,0,311.5,0.026,0.46,True,True,0.663,0.165,0.5185,
20261006T063939Z_3e758e6885ff,zoned_corridor_w4,RU,27,1.0,1,66.5,0.144,1.03,True,True,0.695,0.188,0.4667,
20261006T063939Z_3e758e6885ff,zoned_corridor_w4,RU,27,1.0,2,5.1,0.148,0.99,True,True,0.695,0.188,0.6058,
20261006T063939Z_3e758e6885ff,zoned_corridor_w4,RU,27,1.0,3,57.9,0.148,0.99,True,True,0.695,0.188,0.4595,
20261006T063939Z_3e758e6885ff,zoned_corridor_w4,RU,27,1.0,4,249.5,0.134,1.19,True,True,0.691,0.185,0.3884,
20261006T063939Z_3e758e6885ff,zoned_corridor_w4,RU,27,2.0,0,248.8,0.148,1.0,True,True,0.695,0.188,0.3925,
20261006T063939Z_3e758e6885ff,zoned_corridor_w4,RU,27,2.0,1,135.3,0.026,0.46,True,True,0.663,0.164,0.381,
20261006T063939Z_3e758e6885ff,zoned_corridor_w4,RU,27,2.0,2,117.1,0.152,0.99,True,True,0.695,0.188,0.3895,
20261006T063939Z_3e758e6885ff,zoned_corridor_w4,RU,27,2.0,3,244.4,0.142,1.06,True,True,0.695,0.189,0.3867,
20261006T063939Z_3e758e6885ff,zoned_corridor_w4,RU,27,2.0,4,297.2,0.166,0.74,True,True,0.691,0.182,0.5552,
20261006T063939Z_3e758e6885ff,zoned_corridor_w4,RU,27,4.0,0,5.8,0.136,1.14,True,True,0.693,0.187,0.3505,
20261006T063939Z_3e758e6885ff,zoned_corridor_w4,RU,27,4.0,1,10.3,0.139,1.09,True,True,0.695,0.189,0.4336,
20261006T063939Z_3e758e6885ff,zoned_corridor_w4,RU,27,4.0,2,202.4,0.028,0.45,True,True,0.665,0.167,0.4024,
20261006T063939Z_3e758e6885ff,zoned_corridor_w4,RU,27,4.0,3,268.8,0.133,1.16,True,True,0.691,0.185,0.3733,
20261006T063939Z_3e758e6885ff,zoned_corridor_w4,RU,27,4.0,4,276.2,0.148,0.99,True,True,0.695,0.188,0.4203,
20261006T063939Z_3e758e6885ff,zoned_corridor_w4,RU,27,6.0,0,334.2,0.147,0.99,True,False,0.695,0.188,0.5903,translation_correction_limit
20261006T063939Z_3e758e6885ff,zoned_corridor_w4,RU,27,6.0,1,209.2,0.144,1.04,True,True,0.695,0.189,0.3934,
20261006T063939Z_3e758e6885ff,zoned_corridor_w4,RU,27,6.0,2,321.9,0.148,0.99,True,False,0.695,0.188,0.3891,translation_correction_limit
20261006T063939Z_3e758e6885ff,zoned_corridor_w4,RU,27,6.0,3,162.3,0.141,1.07,True,True,0.695,0.189,0.3867,
20261006T063939Z_3e758e6885ff,zoned_corridor_w4,RU,27,6.0,4,144.0,0.154,0.89,True,True,0.695,0.188,0.4585,
20261006T063939Z_3e758e6885ff,zoned_corridor_w4,RU,31,0.0,0,288.3,0.088,0.26,True,True,0.847,0.118,0.9729,
20261006T063939Z_3e758e6885ff,zoned_corridor_w4,RU,31,0.5,0,136.7,0.087,0.25,True,True,0.847,0.117,1.8965,
20261006T063939Z_3e758e6885ff,zoned_corridor_w4,RU,31,0.5,1,12.0,0.088,0.26,True,True,0.847,0.117,1.8137,
20261006T063939Z_3e758e6885ff,zoned_corridor_w4,RU,31,0.5,2,53.2,0.088,0.25,True,True,0.847,0.117,1.8099,
20261006T063939Z_3e758e6885ff,zoned_corridor_w4,RU,31,0.5,3,295.3,0.088,0.26,True,True,0.847,0.117,1.8082,
20261006T063939Z_3e758e6885ff,zoned_corridor_w4,RU,31,0.5,4,266.1,0.089,0.27,True,True,0.847,0.118,1.4424,
20261006T063939Z_3e758e6885ff,zoned_corridor_w4,RU,31,1.0,0,173.8,0.091,0.3,True,True,0.847,0.118,1.3298,
20261006T063939Z_3e758e6885ff,zoned_corridor_w4,RU,31,1.0,1,14.3,0.087,0.24,True,True,0.847,0.117,0.9717,
20261006T063939Z_3e758e6885ff,zoned_corridor_w4,RU,31,1.0,2,37.8,0.088,0.26,True,True,0.847,0.118,1.0123,
20261006T063939Z_3e758e6885ff,zoned_corridor_w4,RU,31,1.0,3,67.9,0.086,0.24,True,True,0.847,0.117,0.9829,
20261006T063939Z_3e758e6885ff,zoned_corridor_w4,RU,31,1.0,4,246.5,0.089,0.26,True,True,0.847,0.117,1.8886,
20261006T063939Z_3e758e6885ff,zoned_corridor_w4,RU,31,2.0,0,297.5,0.087,0.24,True,True,0.847,0.117,0.9956,
20261006T063939Z_3e758e6885ff,zoned_corridor_w4,RU,31,2.0,1,154.3,0.088,0.26,True,True,0.847,0.117,1.4975,
20261006T063939Z_3e758e6885ff,zoned_corridor_w4,RU,31,2.0,2,305.5,0.088,0.25,True,True,0.847,0.117,1.8981,
20261006T063939Z_3e758e6885ff,zoned_corridor_w4,RU,31,2.0,3,344.8,0.087,0.25,True,True,0.847,0.117,1.8357,
20261006T063939Z_3e758e6885ff,zoned_corridor_w4,RU,31,2.0,4,67.0,0.09,0.31,True,True,0.847,0.118,0.9966,
20261006T063939Z_3e758e6885ff,zoned_corridor_w4,RU,31,4.0,0,41.6,0.088,0.26,True,True,0.847,0.117,1.8087,
20261006T063939Z_3e758e6885ff,zoned_corridor_w4,RU,31,4.0,1,90.1,0.09,0.29,True,True,0.847,0.118,1.209,
20261006T063939Z_3e758e6885ff,zoned_corridor_w4,RU,31,4.0,2,267.5,0.088,0.25,True,True,0.847,0.117,1.8183,
20261006T063939Z_3e758e6885ff,zoned_corridor_w4,RU,31,4.0,3,257.7,0.098,0.44,True,True,0.847,0.118,1.8564,
20261006T063939Z_3e758e6885ff,zoned_corridor_w4,RU,31,4.0,4,310.2,0.088,0.25,True,True,0.847,0.117,1.8079,
20261006T063939Z_3e758e6885ff,zoned_corridor_w4,RU,31,6.0,0,17.2,0.089,0.25,True,True,0.847,0.117,1.8077,
20261006T063939Z_3e758e6885ff,zoned_corridor_w4,RU,31,6.0,1,119.8,0.085,0.18,True,False,0.847,0.117,1.0926,translation_correction_limit
20261006T063939Z_3e758e6885ff,zoned_corridor_w4,RU,31,6.0,2,213.6,0.08,0.17,True,False,0.847,0.118,1.7925,translation_correction_limit
20261006T063939Z_3e758e6885ff,zoned_corridor_w4,RU,31,6.0,3,189.8,0.081,0.23,True,False,0.847,0.118,1.5504,translation_correction_limit
20261006T063939Z_3e758e6885ff,zoned_corridor_w4,RU,31,6.0,4,346.2,0.088,0.26,True,True,0.847,0.117,1.8528,
20261006T063939Z_3e758e6885ff,zoned_corridor_w4,SR,33,0.0,0,137.5,0.115,1.09,True,True,0.797,0.072,0.1614,
20261006T063939Z_3e758e6885ff,zoned_corridor_w4,SR,33,0.5,0,200.3,0.316,2.61,True,True,0.811,0.105,0.0274,
20261006T063939Z_3e758e6885ff,zoned_corridor_w4,SR,33,0.5,1,338.5,0.113,1.18,True,True,0.797,0.072,0.1434,
20261006T063939Z_3e758e6885ff,zoned_corridor_w4,SR,33,0.5,2,219.0,0.221,1.82,True,True,0.804,0.079,0.1295,
20261006T063939Z_3e758e6885ff,zoned_corridor_w4,SR,33,0.5,3,71.2,0.347,2.33,True,True,0.811,0.106,0.0627,
20261006T063939Z_3e758e6885ff,zoned_corridor_w4,SR,33,0.5,4,54.7,0.038,0.35,True,True,0.79,0.088,0.0654,
20261006T063939Z_3e758e6885ff,zoned_corridor_w4,SR,33,1.0,0,116.8,0.221,1.8,True,True,0.804,0.079,0.1415,
20261006T063939Z_3e758e6885ff,zoned_corridor_w4,SR,33,1.0,1,79.5,0.04,0.35,True,True,0.79,0.088,0.0321,
20261006T063939Z_3e758e6885ff,zoned_corridor_w4,SR,33,1.0,2,132.8,0.211,1.78,True,True,0.804,0.08,0.1773,
20261006T063939Z_3e758e6885ff,zoned_corridor_w4,SR,33,1.0,3,234.2,0.115,1.09,True,True,0.797,0.072,0.1426,
20261006T063939Z_3e758e6885ff,zoned_corridor_w4,SR,33,1.0,4,204.2,4.976,1.03,False,True,0.86,0.19,0.0586,
20261006T063939Z_3e758e6885ff,zoned_corridor_w4,SR,33,2.0,0,333.8,0.115,1.09,True,True,0.797,0.072,0.4306,
20261006T063939Z_3e758e6885ff,zoned_corridor_w4,SR,33,2.0,1,135.6,0.115,1.09,True,True,0.797,0.072,0.1922,
20261006T063939Z_3e758e6885ff,zoned_corridor_w4,SR,33,2.0,2,223.8,0.317,2.61,True,True,0.811,0.105,0.063,
20261006T063939Z_3e758e6885ff,zoned_corridor_w4,SR,33,2.0,3,245.6,0.112,1.09,True,True,0.797,0.072,0.1937,
20261006T063939Z_3e758e6885ff,zoned_corridor_w4,SR,33,2.0,4,310.4,0.113,1.11,True,True,0.797,0.072,0.2238,
20261006T063939Z_3e758e6885ff,zoned_corridor_w4,SR,33,4.0,0,126.2,0.047,0.23,True,True,0.79,0.09,0.0469,
20261006T063939Z_3e758e6885ff,zoned_corridor_w4,SR,33,4.0,1,167.8,0.225,1.7,True,True,0.804,0.08,0.1175,
20261006T063939Z_3e758e6885ff,zoned_corridor_w4,SR,33,4.0,2,6.0,0.115,1.09,True,True,0.797,0.072,1.2788,
20261006T063939Z_3e758e6885ff,zoned_corridor_w4,SR,33,4.0,3,345.6,0.318,2.6,True,True,0.811,0.105,0.926,
20261006T063939Z_3e758e6885ff,zoned_corridor_w4,SR,33,4.0,4,221.6,0.232,1.66,True,True,0.804,0.081,0.1204,
20261006T063939Z_3e758e6885ff,zoned_corridor_w4,SR,33,6.0,0,33.3,0.221,1.81,True,False,0.804,0.079,1.2302,translation_correction_limit
20261006T063939Z_3e758e6885ff,zoned_corridor_w4,SR,33,6.0,1,23.5,0.111,1.12,True,False,0.797,0.073,1.2771,translation_correction_limit
20261006T063939Z_3e758e6885ff,zoned_corridor_w4,SR,33,6.0,2,70.6,0.315,2.68,True,False,0.811,0.106,0.6336,translation_correction_limit
20261006T063939Z_3e758e6885ff,zoned_corridor_w4,SR,33,6.0,3,243.4,0.221,1.8,True,True,0.804,0.079,0.4438,
20261006T063939Z_3e758e6885ff,zoned_corridor_w4,SR,33,6.0,4,176.5,0.115,1.09,True,True,0.797,0.072,0.1346,
20261006T063939Z_3e758e6885ff,zoned_corridor_w4,SU,34,0.0,0,196.9,0.03,0.05,True,True,0.919,0.111,1.3716,
20261006T063939Z_3e758e6885ff,zoned_corridor_w4,SU,34,0.5,0,354.2,0.029,0.1,True,True,0.915,0.103,1.6372,
20261006T063939Z_3e758e6885ff,zoned_corridor_w4,SU,34,0.5,1,101.0,0.031,0.01,True,True,0.919,0.111,1.5266,
20261006T063939Z_3e758e6885ff,zoned_corridor_w4,SU,34,0.5,2,287.3,0.031,0.04,True,True,0.919,0.11,1.7721,
20261006T063939Z_3e758e6885ff,zoned_corridor_w4,SU,34,0.5,3,140.5,0.03,0.03,True,True,0.919,0.111,1.7775,
20261006T063939Z_3e758e6885ff,zoned_corridor_w4,SU,34,0.5,4,76.2,0.031,0.01,True,True,0.919,0.111,2.1105,
20261006T063939Z_3e758e6885ff,zoned_corridor_w4,SU,34,1.0,0,165.1,0.032,0.02,True,True,0.919,0.11,2.311,
20261006T063939Z_3e758e6885ff,zoned_corridor_w4,SU,34,1.0,1,190.9,0.03,0.04,True,True,0.919,0.111,1.9392,
20261006T063939Z_3e758e6885ff,zoned_corridor_w4,SU,34,1.0,2,270.1,0.031,0.04,True,True,0.919,0.111,1.5164,
20261006T063939Z_3e758e6885ff,zoned_corridor_w4,SU,34,1.0,3,192.0,0.03,0.08,True,True,0.915,0.103,1.9425,
20261006T063939Z_3e758e6885ff,zoned_corridor_w4,SU,34,1.0,4,287.9,0.032,0.06,True,True,0.919,0.111,1.3619,
20261006T063939Z_3e758e6885ff,zoned_corridor_w4,SU,34,2.0,0,265.7,0.031,0.03,True,True,0.919,0.111,2.7401,
20261006T063939Z_3e758e6885ff,zoned_corridor_w4,SU,34,2.0,1,353.0,0.032,0.02,True,True,0.919,0.11,2.2764,
20261006T063939Z_3e758e6885ff,zoned_corridor_w4,SU,34,2.0,2,11.5,0.03,0.03,True,True,0.919,0.111,1.4743,
20261006T063939Z_3e758e6885ff,zoned_corridor_w4,SU,34,2.0,3,232.2,0.031,0.1,True,True,0.915,0.103,1.8474,
20261006T063939Z_3e758e6885ff,zoned_corridor_w4,SU,34,2.0,4,221.8,0.03,0.01,True,True,0.919,0.111,2.2866,
20261006T063939Z_3e758e6885ff,zoned_corridor_w4,SU,34,4.0,0,300.2,0.03,0.01,True,True,0.919,0.111,2.4132,
20261006T063939Z_3e758e6885ff,zoned_corridor_w4,SU,34,4.0,1,234.5,0.032,0.03,True,True,0.919,0.111,1.976,
20261006T063939Z_3e758e6885ff,zoned_corridor_w4,SU,34,4.0,2,150.8,0.03,0.09,True,True,0.915,0.103,1.9012,
20261006T063939Z_3e758e6885ff,zoned_corridor_w4,SU,34,4.0,3,172.8,0.029,0.1,True,True,0.919,0.112,1.4796,
20261006T063939Z_3e758e6885ff,zoned_corridor_w4,SU,34,4.0,4,240.5,0.032,0.05,True,True,0.919,0.11,2.6813,
20261006T063939Z_3e758e6885ff,zoned_corridor_w4,SU,34,6.0,0,288.5,0.031,0.01,True,True,0.919,0.111,1.5923,
20261006T063939Z_3e758e6885ff,zoned_corridor_w4,SU,34,6.0,1,224.0,0.031,0.02,True,True,0.919,0.111,1.9615,
20261006T063939Z_3e758e6885ff,zoned_corridor_w4,SU,34,6.0,2,283.3,0.029,0.01,True,True,0.919,0.111,2.104,
20261006T063939Z_3e758e6885ff,zoned_corridor_w4,SU,34,6.0,3,83.0,0.03,0.02,True,False,0.919,0.111,2.3515,translation_correction_limit
20261006T063939Z_3e758e6885ff,zoned_corridor_w4,SU,34,6.0,4,71.8,0.031,0.01,True,False,0.919,0.111,2.288,translation_correction_limit
20261006T063939Z_3e758e6885ff,zoned_corridor_w4,RU,35,0.0,0,207.1,0.059,0.06,True,True,0.758,0.074,0.7358,
20261006T063939Z_3e758e6885ff,zoned_corridor_w4,RU,35,0.5,0,60.0,0.058,0.01,True,True,0.758,0.074,0.7693,
20261006T063939Z_3e758e6885ff,zoned_corridor_w4,RU,35,0.5,1,259.6,0.058,0.07,True,True,0.758,0.074,0.9508,
20261006T063939Z_3e758e6885ff,zoned_corridor_w4,RU,35,0.5,2,357.9,0.058,0.22,True,True,0.758,0.076,1.4291,
20261006T063939Z_3e758e6885ff,zoned_corridor_w4,RU,35,0.5,3,290.0,0.061,0.07,True,True,0.758,0.074,1.0551,
20261006T063939Z_3e758e6885ff,zoned_corridor_w4,RU,35,0.5,4,30.9,0.059,0.02,True,True,0.758,0.074,0.8059,
20261006T063939Z_3e758e6885ff,zoned_corridor_w4,RU,35,1.0,0,20.3,0.059,0.1,True,True,0.758,0.075,0.873,
20261006T063939Z_3e758e6885ff,zoned_corridor_w4,RU,35,1.0,1,82.8,0.059,0.02,True,True,0.758,0.074,1.3144,
20261006T063939Z_3e758e6885ff,zoned_corridor_w4,RU,35,1.0,2,348.6,0.061,0.02,True,True,0.758,0.074,0.8135,
20261006T063939Z_3e758e6885ff,zoned_corridor_w4,RU,35,1.0,3,94.3,0.071,0.47,True,True,0.758,0.078,0.9011,
20261006T063939Z_3e758e6885ff,zoned_corridor_w4,RU,35,1.0,4,358.2,0.059,0.02,True,True,0.758,0.074,0.7412,
20261006T063939Z_3e758e6885ff,zoned_corridor_w4,RU,35,2.0,0,39.9,0.06,0.07,True,True,0.758,0.075,1.0711,
20261006T063939Z_3e758e6885ff,zoned_corridor_w4,RU,35,2.0,1,311.2,0.06,0.18,True,True,0.758,0.076,0.8699,
20261006T063939Z_3e758e6885ff,zoned_corridor_w4,RU,35,2.0,2,344.6,0.06,0.02,True,True,0.758,0.074,0.8073,
20261006T063939Z_3e758e6885ff,zoned_corridor_w4,RU,35,2.0,3,88.4,0.06,0.05,True,True,0.758,0.074,0.818,
20261006T063939Z_3e758e6885ff,zoned_corridor_w4,RU,35,2.0,4,269.4,0.059,0.07,True,True,0.758,0.075,0.9689,
20261006T063939Z_3e758e6885ff,zoned_corridor_w4,RU,35,4.0,0,282.5,0.059,0.1,True,True,0.758,0.075,0.8339,
20261006T063939Z_3e758e6885ff,zoned_corridor_w4,RU,35,4.0,1,148.6,0.061,0.06,True,True,0.758,0.074,1.3307,
20261006T063939Z_3e758e6885ff,zoned_corridor_w4,RU,35,4.0,2,283.9,0.06,0.04,True,True,0.758,0.074,0.851,
20261006T063939Z_3e758e6885ff,zoned_corridor_w4,RU,35,4.0,3,23.1,0.06,0.04,True,True,0.758,0.074,0.852,
20261006T063939Z_3e758e6885ff,zoned_corridor_w4,RU,35,4.0,4,236.8,0.058,0.09,True,True,0.758,0.075,1.3305,
20261006T063939Z_3e758e6885ff,zoned_corridor_w4,RU,35,6.0,0,106.4,0.058,0.07,True,True,0.758,0.075,0.8765,
20261006T063939Z_3e758e6885ff,zoned_corridor_w4,RU,35,6.0,1,152.5,0.059,0.05,True,True,0.758,0.074,1.1201,
20261006T063939Z_3e758e6885ff,zoned_corridor_w4,RU,35,6.0,2,250.9,0.057,0.15,True,False,0.758,0.075,0.8486,translation_correction_limit
20261006T063939Z_3e758e6885ff,zoned_corridor_w4,RU,35,6.0,3,108.9,0.061,0.12,True,True,0.758,0.075,0.7615,
20261006T063939Z_3e758e6885ff,zoned_corridor_w4,RU,35,6.0,4,96.9,0.06,0.11,True,True,0.758,0.075,0.7684,
20261006T063939Z_3e758e6885ff,zoned_corridor_w4,RU,36,0.0,0,354.3,0.173,0.32,True,True,0.851,0.136,0.8483,
20261006T063939Z_3e758e6885ff,zoned_corridor_w4,RU,36,0.5,0,353.8,0.173,0.35,True,True,0.851,0.136,1.1809,
20261006T063939Z_3e758e6885ff,zoned_corridor_w4,RU,36,0.5,1,109.6,0.172,0.3,True,True,0.851,0.136,1.2707,
20261006T063939Z_3e758e6885ff,zoned_corridor_w4,RU,36,0.5,2,217.1,0.171,0.3,True,True,0.851,0.136,1.3931,
20261006T063939Z_3e758e6885ff,zoned_corridor_w4,RU,36,0.5,3,29.0,0.168,0.37,True,True,0.851,0.136,0.9464,
20261006T063939Z_3e758e6885ff,zoned_corridor_w4,RU,36,0.5,4,39.4,0.172,0.32,True,True,0.851,0.136,1.1421,
20261006T063939Z_3e758e6885ff,zoned_corridor_w4,RU,36,1.0,0,297.0,0.172,0.34,True,True,0.851,0.136,1.2045,
20261006T063939Z_3e758e6885ff,zoned_corridor_w4,RU,36,1.0,1,135.8,0.174,0.38,True,True,0.851,0.136,1.5132,
20261006T063939Z_3e758e6885ff,zoned_corridor_w4,RU,36,1.0,2,346.7,0.174,0.35,True,True,0.851,0.136,1.0083,
20261006T063939Z_3e758e6885ff,zoned_corridor_w4,RU,36,1.0,3,131.1,0.174,0.37,True,True,0.851,0.136,1.4871,
20261006T063939Z_3e758e6885ff,zoned_corridor_w4,RU,36,1.0,4,274.0,0.171,0.33,True,True,0.851,0.136,1.5602,
20261006T063939Z_3e758e6885ff,zoned_corridor_w4,RU,36,2.0,0,221.7,0.174,0.37,True,True,0.851,0.136,1.4874,
20261006T063939Z_3e758e6885ff,zoned_corridor_w4,RU,36,2.0,1,52.3,0.171,0.3,True,True,0.851,0.136,1.1475,
20261006T063939Z_3e758e6885ff,zoned_corridor_w4,RU,36,2.0,2,281.9,0.17,0.42,True,True,0.851,0.136,0.9058,
20261006T063939Z_3e758e6885ff,zoned_corridor_w4,RU,36,2.0,3,151.6,0.172,0.34,True,True,0.851,0.136,1.2065,
20261006T063939Z_3e758e6885ff,zoned_corridor_w4,RU,36,2.0,4,205.0,0.174,0.4,True,True,0.851,0.135,1.2017,
20261006T063939Z_3e758e6885ff,zoned_corridor_w4,RU,36,4.0,0,271.6,0.174,0.34,True,True,0.851,0.136,1.4401,
20261006T063939Z_3e758e6885ff,zoned_corridor_w4,RU,36,4.0,1,167.2,0.173,0.34,True,True,0.851,0.136,1.6833,
20261006T063939Z_3e758e6885ff,zoned_corridor_w4,RU,36,4.0,2,163.5,0.173,0.38,True,True,0.851,0.136,1.3308,
20261006T063939Z_3e758e6885ff,zoned_corridor_w4,RU,36,4.0,3,26.6,0.172,0.34,True,True,0.851,0.136,0.8556,
20261006T063939Z_3e758e6885ff,zoned_corridor_w4,RU,36,4.0,4,64.0,0.174,0.35,True,True,0.851,0.136,1.2533,
20261006T063939Z_3e758e6885ff,zoned_corridor_w4,RU,36,6.0,0,187.4,0.172,0.34,True,True,0.851,0.136,1.0554,
20261006T063939Z_3e758e6885ff,zoned_corridor_w4,RU,36,6.0,1,218.1,0.171,0.31,True,False,0.851,0.136,0.9154,translation_correction_limit
20261006T063939Z_3e758e6885ff,zoned_corridor_w4,RU,36,6.0,2,202.5,0.172,0.3,True,True,0.851,0.136,1.3971,
20261006T063939Z_3e758e6885ff,zoned_corridor_w4,RU,36,6.0,3,207.9,0.173,0.34,True,True,0.851,0.136,1.2185,
20261006T063939Z_3e758e6885ff,zoned_corridor_w4,RU,36,6.0,4,10.7,0.173,0.43,True,False,0.851,0.135,1.1367,translation_correction_limit
20261006T063939Z_3e758e6885ff,zoned_corridor_w4,SU,45,0.0,0,0.9,0.075,0.2,True,True,0.917,0.129,1.1917,
20261006T063939Z_3e758e6885ff,zoned_corridor_w4,SU,45,0.5,0,17.1,0.075,0.3,True,True,0.917,0.129,1.4367,
20261006T063939Z_3e758e6885ff,zoned_corridor_w4,SU,45,0.5,1,326.9,0.077,0.22,True,True,0.917,0.129,2.0443,
20261006T063939Z_3e758e6885ff,zoned_corridor_w4,SU,45,0.5,2,214.1,0.079,0.28,True,True,0.917,0.13,2.1124,
20261006T063939Z_3e758e6885ff,zoned_corridor_w4,SU,45,0.5,3,186.2,0.08,0.27,True,True,0.917,0.13,1.3352,
20261006T063939Z_3e758e6885ff,zoned_corridor_w4,SU,45,0.5,4,146.5,0.076,0.28,True,True,0.917,0.129,1.311,
20261006T063939Z_3e758e6885ff,zoned_corridor_w4,SU,45,1.0,0,145.1,0.076,0.25,True,True,0.917,0.129,1.498,
20261006T063939Z_3e758e6885ff,zoned_corridor_w4,SU,45,1.0,1,338.5,0.076,0.28,True,True,0.917,0.13,2.2898,
20261006T063939Z_3e758e6885ff,zoned_corridor_w4,SU,45,1.0,2,281.3,0.075,0.17,True,True,0.917,0.129,1.2077,
20261006T063939Z_3e758e6885ff,zoned_corridor_w4,SU,45,1.0,3,352.7,0.075,0.25,True,True,0.917,0.129,1.5404,
20261006T063939Z_3e758e6885ff,zoned_corridor_w4,SU,45,1.0,4,26.2,0.075,0.33,True,True,0.917,0.13,1.2688,
20261006T063939Z_3e758e6885ff,zoned_corridor_w4,SU,45,2.0,0,159.4,0.077,0.3,True,True,0.917,0.13,1.8733,
20261006T063939Z_3e758e6885ff,zoned_corridor_w4,SU,45,2.0,1,109.1,0.075,0.27,True,True,0.917,0.129,1.4746,
20261006T063939Z_3e758e6885ff,zoned_corridor_w4,SU,45,2.0,2,218.2,0.078,0.19,True,True,0.917,0.129,1.4611,
20261006T063939Z_3e758e6885ff,zoned_corridor_w4,SU,45,2.0,3,152.3,0.076,0.22,True,True,0.917,0.129,1.6826,
20261006T063939Z_3e758e6885ff,zoned_corridor_w4,SU,45,2.0,4,19.7,0.077,0.28,True,True,0.917,0.13,1.5708,
20261006T063939Z_3e758e6885ff,zoned_corridor_w4,SU,45,4.0,0,107.4,0.076,0.22,True,True,0.917,0.129,1.5331,
20261006T063939Z_3e758e6885ff,zoned_corridor_w4,SU,45,4.0,1,308.5,0.078,0.16,True,True,0.917,0.129,1.2293,
20261006T063939Z_3e758e6885ff,zoned_corridor_w4,SU,45,4.0,2,159.9,0.078,0.26,True,True,0.917,0.13,1.6266,
20261006T063939Z_3e758e6885ff,zoned_corridor_w4,SU,45,4.0,3,93.5,0.074,0.3,True,True,0.917,0.129,2.0948,
20261006T063939Z_3e758e6885ff,zoned_corridor_w4,SU,45,4.0,4,322.9,0.076,0.14,True,True,0.917,0.129,1.1618,
20261006T063939Z_3e758e6885ff,zoned_corridor_w4,SU,45,6.0,0,1.9,0.076,0.21,True,True,0.917,0.129,1.5523,
20261006T063939Z_3e758e6885ff,zoned_corridor_w4,SU,45,6.0,1,324.4,0.075,0.26,True,True,0.917,0.129,2.2868,
20261006T063939Z_3e758e6885ff,zoned_corridor_w4,SU,45,6.0,2,108.6,0.08,0.26,True,False,0.917,0.13,1.6786,translation_correction_limit
20261006T063939Z_3e758e6885ff,zoned_corridor_w4,SU,45,6.0,3,267.3,0.073,0.29,True,True,0.917,0.129,2.1519,
20261006T063939Z_3e758e6885ff,zoned_corridor_w4,SU,45,6.0,4,200.3,0.075,0.26,True,True,0.917,0.129,1.3825,
20261006T063939Z_3e758e6885ff,zoned_corridor_w4,SU,46,0.0,0,280.9,0.086,0.03,True,True,0.966,0.125,1.7335,
20261006T063939Z_3e758e6885ff,zoned_corridor_w4,SU,46,0.5,0,356.3,0.088,0.02,True,True,0.966,0.125,1.8447,
20261006T063939Z_3e758e6885ff,zoned_corridor_w4,SU,46,0.5,1,346.6,0.088,0.07,True,True,0.966,0.125,1.9827,
20261006T063939Z_3e758e6885ff,zoned_corridor_w4,SU,46,0.5,2,47.1,0.088,0.03,True,True,0.966,0.125,2.3456,
20261006T063939Z_3e758e6885ff,zoned_corridor_w4,SU,46,0.5,3,304.2,0.087,0.06,True,True,0.966,0.125,1.7049,
20261006T063939Z_3e758e6885ff,zoned_corridor_w4,SU,46,0.5,4,59.8,0.088,0.02,True,True,0.966,0.125,1.9802,
20261006T063939Z_3e758e6885ff,zoned_corridor_w4,SU,46,1.0,0,334.2,0.086,0.1,True,True,0.966,0.125,1.5471,
20261006T063939Z_3e758e6885ff,zoned_corridor_w4,SU,46,1.0,1,294.2,0.088,0.03,True,True,0.966,0.125,1.9747,
20261006T063939Z_3e758e6885ff,zoned_corridor_w4,SU,46,1.0,2,146.4,0.088,0.05,True,True,0.966,0.126,1.9755,
20261006T063939Z_3e758e6885ff,zoned_corridor_w4,SU,46,1.0,3,277.4,0.087,0.11,True,True,0.962,0.119,2.5202,
20261006T063939Z_3e758e6885ff,zoned_corridor_w4,SU,46,1.0,4,99.5,0.087,0.04,True,True,0.966,0.125,1.6017,
20261006T063939Z_3e758e6885ff,zoned_corridor_w4,SU,46,2.0,0,289.0,0.087,0.1,True,True,0.962,0.119,1.4737,
20261006T063939Z_3e758e6885ff,zoned_corridor_w4,SU,46,2.0,1,305.2,0.088,0.04,True,True,0.966,0.125,1.839,
20261006T063939Z_3e758e6885ff,zoned_corridor_w4,SU,46,2.0,2,71.7,0.085,0.06,True,True,0.97,0.132,1.9128,
20261006T063939Z_3e758e6885ff,zoned_corridor_w4,SU,46,2.0,3,244.5,0.088,0.01,True,True,0.966,0.125,2.059,
20261006T063939Z_3e758e6885ff,zoned_corridor_w4,SU,46,2.0,4,259.6,0.086,0.11,True,True,0.962,0.118,1.8142,
20261006T063939Z_3e758e6885ff,zoned_corridor_w4,SU,46,4.0,0,236.4,0.088,0.02,True,True,0.966,0.125,2.3348,
20261006T063939Z_3e758e6885ff,zoned_corridor_w4,SU,46,4.0,1,119.5,0.087,0.09,True,True,0.966,0.125,1.767,
20261006T063939Z_3e758e6885ff,zoned_corridor_w4,SU,46,4.0,2,227.7,0.087,0.02,True,True,0.966,0.125,1.8843,
20261006T063939Z_3e758e6885ff,zoned_corridor_w4,SU,46,4.0,3,120.6,0.087,0.03,True,True,0.966,0.125,1.585,
20261006T063939Z_3e758e6885ff,zoned_corridor_w4,SU,46,4.0,4,10.9,0.088,0.06,True,True,0.966,0.125,2.5051,
20261006T063939Z_3e758e6885ff,zoned_corridor_w4,SU,46,6.0,0,204.0,0.087,0.0,True,False,0.966,0.125,2.4573,translation_correction_limit
20261006T063939Z_3e758e6885ff,zoned_corridor_w4,SU,46,6.0,1,104.3,0.086,0.06,True,True,0.966,0.125,2.5963,
20261006T063939Z_3e758e6885ff,zoned_corridor_w4,SU,46,6.0,2,301.5,0.089,0.03,True,False,0.966,0.125,1.6527,translation_correction_limit
20261006T063939Z_3e758e6885ff,zoned_corridor_w4,SU,46,6.0,3,163.9,0.089,0.03,True,False,0.966,0.125,1.4788,translation_correction_limit
20261006T063939Z_3e758e6885ff,zoned_corridor_w4,SU,46,6.0,4,49.7,0.095,0.02,True,True,0.966,0.126,1.7373,
20261006T063939Z_3e758e6885ff,zoned_corridor_w4,SU,53,0.0,0,7.1,0.069,0.14,True,True,0.836,0.109,1.3785,
20261006T063939Z_3e758e6885ff,zoned_corridor_w4,SU,53,0.5,0,204.7,0.07,0.1,True,True,0.836,0.11,1.2423,
20261006T063939Z_3e758e6885ff,zoned_corridor_w4,SU,53,0.5,1,234.8,0.066,0.03,True,True,0.836,0.111,1.9224,
20261006T063939Z_3e758e6885ff,zoned_corridor_w4,SU,53,0.5,2,228.3,0.068,0.03,True,True,0.836,0.111,1.1723,
20261006T063939Z_3e758e6885ff,zoned_corridor_w4,SU,53,0.5,3,240.6,0.071,0.09,True,True,0.836,0.11,1.9255,
20261006T063939Z_3e758e6885ff,zoned_corridor_w4,SU,53,0.5,4,346.7,0.066,0.02,True,True,0.836,0.111,1.2314,
20261006T063939Z_3e758e6885ff,zoned_corridor_w4,SU,53,1.0,0,178.6,0.068,0.08,True,True,0.836,0.11,1.569,
20261006T063939Z_3e758e6885ff,zoned_corridor_w4,SU,53,1.0,1,296.6,0.07,0.14,True,True,0.836,0.109,1.8641,
20261006T063939Z_3e758e6885ff,zoned_corridor_w4,SU,53,1.0,2,156.6,0.071,0.14,True,True,0.836,0.109,1.9095,
20261006T063939Z_3e758e6885ff,zoned_corridor_w4,SU,53,1.0,3,4.5,0.07,0.09,True,True,0.836,0.11,1.8437,
20261006T063939Z_3e758e6885ff,zoned_corridor_w4,SU,53,1.0,4,263.7,0.069,0.08,True,True,0.836,0.11,1.4249,
20261006T063939Z_3e758e6885ff,zoned_corridor_w4,SU,53,2.0,0,275.7,0.068,0.08,True,True,0.836,0.11,1.6793,
20261006T063939Z_3e758e6885ff,zoned_corridor_w4,SU,53,2.0,1,200.3,0.071,0.1,True,True,0.836,0.109,2.0097,
20261006T063939Z_3e758e6885ff,zoned_corridor_w4,SU,53,2.0,2,102.0,0.067,0.02,True,True,0.836,0.111,1.2526,
20261006T063939Z_3e758e6885ff,zoned_corridor_w4,SU,53,2.0,3,273.1,0.067,0.05,True,True,0.836,0.11,1.1112,
20261006T063939Z_3e758e6885ff,zoned_corridor_w4,SU,53,2.0,4,192.3,0.07,0.1,True,True,0.836,0.11,2.1289,
20261006T063939Z_3e758e6885ff,zoned_corridor_w4,SU,53,4.0,0,115.1,0.07,0.09,True,True,0.836,0.11,1.1789,
20261006T063939Z_3e758e6885ff,zoned_corridor_w4,SU,53,4.0,1,315.8,0.069,0.09,True,True,0.836,0.11,1.8439,
20261006T063939Z_3e758e6885ff,zoned_corridor_w4,SU,53,4.0,2,285.9,0.069,0.09,True,True,0.836,0.11,1.9304,
20261006T063939Z_3e758e6885ff,zoned_corridor_w4,SU,53,4.0,3,106.6,0.064,0.04,True,True,0.836,0.112,1.9116,
20261006T063939Z_3e758e6885ff,zoned_corridor_w4,SU,53,4.0,4,213.7,0.07,0.1,True,True,0.836,0.11,1.2923,
20261006T063939Z_3e758e6885ff,zoned_corridor_w4,SU,53,6.0,0,192.0,0.07,0.09,True,True,0.836,0.11,1.1721,
20261006T063939Z_3e758e6885ff,zoned_corridor_w4,SU,53,6.0,1,345.1,0.07,0.09,True,False,0.836,0.11,1.9577,translation_correction_limit
20261006T063939Z_3e758e6885ff,zoned_corridor_w4,SU,53,6.0,2,66.7,0.07,0.09,True,False,0.836,0.11,2.065,translation_correction_limit
20261006T063939Z_3e758e6885ff,zoned_corridor_w4,SU,53,6.0,3,44.5,0.068,0.05,True,False,0.836,0.11,1.248,translation_correction_limit
20261006T063939Z_3e758e6885ff,zoned_corridor_w4,SU,53,6.0,4,47.5,0.07,0.11,True,False,0.836,0.11,1.1006,translation_correction_limit
20261006T064903Z_f7b26a2bb8b6,zoned_corridor_w4,RR,0,0.0,0,130.4,4.105,0.39,False,True,0.965,0.16,0.1751,
20261006T064903Z_f7b26a2bb8b6,zoned_corridor_w4,RR,0,0.5,0,189.1,4.11,0.34,False,True,0.965,0.161,0.1826,
20261006T064903Z_f7b26a2bb8b6,zoned_corridor_w4,RR,0,0.5,1,92.0,4.105,0.39,False,True,0.965,0.16,0.1778,
20261006T064903Z_f7b26a2bb8b6,zoned_corridor_w4,RR,0,0.5,2,307.8,4.105,0.4,False,True,0.965,0.16,0.1799,
20261006T064903Z_f7b26a2bb8b6,zoned_corridor_w4,RR,0,0.5,3,248.3,4.105,0.39,False,True,0.965,0.16,0.1762,
20261006T064903Z_f7b26a2bb8b6,zoned_corridor_w4,RR,0,0.5,4,1.2,4.1,0.41,False,True,0.965,0.16,0.1753,
20261006T064903Z_f7b26a2bb8b6,zoned_corridor_w4,RR,0,1.0,0,290.8,4.105,0.39,False,True,0.965,0.16,0.1762,
20261006T064903Z_f7b26a2bb8b6,zoned_corridor_w4,RR,0,1.0,1,28.9,4.096,0.48,False,True,0.965,0.159,0.1756,
20261006T064903Z_f7b26a2bb8b6,zoned_corridor_w4,RR,0,1.0,2,247.3,4.159,0.05,False,True,0.965,0.172,0.1457,
20261006T064903Z_f7b26a2bb8b6,zoned_corridor_w4,RR,0,1.0,3,104.9,4.113,0.38,False,True,0.965,0.161,0.1722,
20261006T064903Z_f7b26a2bb8b6,zoned_corridor_w4,RR,0,1.0,4,63.2,3.941,0.21,False,True,0.962,0.164,0.1152,
20261006T064903Z_f7b26a2bb8b6,zoned_corridor_w4,RR,0,2.0,0,9.6,4.093,0.51,False,True,0.965,0.159,0.1713,
20261006T064903Z_f7b26a2bb8b6,zoned_corridor_w4,RR,0,2.0,1,333.4,4.109,0.4,False,True,0.965,0.161,0.1741,
20261006T064903Z_f7b26a2bb8b6,zoned_corridor_w4,RR,0,2.0,2,49.2,4.105,0.39,False,True,0.965,0.16,0.1811,
20261006T064903Z_f7b26a2bb8b6,zoned_corridor_w4,RR,0,2.0,3,66.8,4.092,0.5,False,True,0.965,0.159,0.172,
20261006T064903Z_f7b26a2bb8b6,zoned_corridor_w4,RR,0,2.0,4,86.7,4.105,0.39,False,True,0.965,0.16,0.1745,
20261006T064903Z_f7b26a2bb8b6,zoned_corridor_w4,RR,0,4.0,0,89.2,4.105,0.39,False,True,0.965,0.16,0.1805,
20261006T064903Z_f7b26a2bb8b6,zoned_corridor_w4,RR,0,4.0,1,139.0,0.073,0.58,True,True,0.846,0.108,1.15,
20261006T064903Z_f7b26a2bb8b6,zoned_corridor_w4,RR,0,4.0,2,295.3,4.113,0.32,False,True,0.965,0.162,0.1727,
20261006T064903Z_f7b26a2bb8b6,zoned_corridor_w4,RR,0,4.0,3,273.2,3.934,0.23,False,True,0.962,0.165,0.11,
20261006T064903Z_f7b26a2bb8b6,zoned_corridor_w4,RR,0,4.0,4,132.6,0.067,0.65,True,True,0.846,0.108,0.8596,
20261006T064903Z_f7b26a2bb8b6,zoned_corridor_w4,RR,0,6.0,0,40.1,4.105,0.39,False,True,0.965,0.16,0.1792,
20261006T064903Z_f7b26a2bb8b6,zoned_corridor_w4,RR,0,6.0,1,148.2,0.066,0.66,True,False,0.846,0.108,1.2073,translation_correction_limit
20261006T064903Z_f7b26a2bb8b6,zoned_corridor_w4,RR,0,6.0,2,291.5,4.083,0.61,False,True,0.965,0.159,0.1594,
20261006T064903Z_f7b26a2bb8b6,zoned_corridor_w4,RR,0,6.0,3,186.1,0.03,0.04,True,True,0.839,0.11,1.1853,
20261006T064903Z_f7b26a2bb8b6,zoned_corridor_w4,RR,0,6.0,4,26.5,4.099,0.34,False,True,0.965,0.16,0.1653,
20261006T064903Z_f7b26a2bb8b6,zoned_corridor_w4,SR,1,0.0,0,165.1,0.283,1.37,True,True,0.913,0.113,0.2391,
20261006T064903Z_f7b26a2bb8b6,zoned_corridor_w4,SR,1,0.5,0,331.5,0.044,0.4,True,True,0.896,0.073,0.4716,
20261006T064903Z_f7b26a2bb8b6,zoned_corridor_w4,SR,1,0.5,1,210.5,0.167,0.78,True,True,0.903,0.083,0.4884,
20261006T064903Z_f7b26a2bb8b6,zoned_corridor_w4,SR,1,0.5,2,310.0,0.089,0.96,True,True,0.893,0.099,0.207,
20261006T064903Z_f7b26a2bb8b6,zoned_corridor_w4,SR,1,0.5,3,308.3,0.042,0.28,True,True,0.896,0.076,0.5701,
20261006T064903Z_f7b26a2bb8b6,zoned_corridor_w4,SR,1,0.5,4,2.7,0.041,0.45,True,True,0.896,0.074,0.4696,
20261006T064903Z_f7b26a2bb8b6,zoned_corridor_w4,SR,1,1.0,0,313.7,0.129,1.15,True,True,0.903,0.077,0.5986,
20261006T064903Z_f7b26a2bb8b6,zoned_corridor_w4,SR,1,1.0,1,121.9,0.051,0.26,True,True,0.896,0.075,0.4956,
20261006T064903Z_f7b26a2bb8b6,zoned_corridor_w4,SR,1,1.0,2,36.5,0.128,1.14,True,True,0.903,0.077,0.5931,
20261006T064903Z_f7b26a2bb8b6,zoned_corridor_w4,SR,1,1.0,3,139.8,0.043,0.31,True,True,0.896,0.075,0.5526,
20261006T064903Z_f7b26a2bb8b6,zoned_corridor_w4,SR,1,1.0,4,99.8,0.049,0.42,True,True,0.896,0.073,0.4605,
20261006T064903Z_f7b26a2bb8b6,zoned_corridor_w4,SR,1,2.0,0,315.2,0.132,1.09,True,True,0.903,0.077,0.737,
20261006T064903Z_f7b26a2bb8b6,zoned_corridor_w4,SR,1,2.0,1,68.6,0.057,0.8,True,True,0.896,0.09,0.3401,
20261006T064903Z_f7b26a2bb8b6,zoned_corridor_w4,SR,1,2.0,2,51.0,0.134,1.06,True,True,0.903,0.077,0.74,
20261006T064903Z_f7b26a2bb8b6,zoned_corridor_w4,SR,1,2.0,3,234.2,0.052,0.8,True,True,0.896,0.088,0.3196,
20261006T064903Z_f7b26a2bb8b6,zoned_corridor_w4,SR,1,2.0,4,262.8,0.135,1.03,True,True,0.903,0.077,0.4906,
20261006T064903Z_f7b26a2bb8b6,zoned_corridor_w4,SR,1,4.0,0,233.0,0.132,1.14,True,True,0.903,0.077,0.5654,
20261006T064903Z_f7b26a2bb8b6,zoned_corridor_w4,SR,1,4.0,1,59.5,0.199,0.52,True,True,0.903,0.096,1.2724,
20261006T064903Z_f7b26a2bb8b6,zoned_corridor_w4,SR,1,4.0,2,96.2,0.132,1.09,True,True,0.903,0.077,0.5147,
20261006T064903Z_f7b26a2bb8b6,zoned_corridor_w4,SR,1,4.0,3,104.5,0.125,1.19,True,True,0.903,0.078,0.5544,
20261006T064903Z_f7b26a2bb8b6,zoned_corridor_w4,SR,1,4.0,4,260.6,0.042,0.65,True,True,0.896,0.082,0.4726,
20261006T064903Z_f7b26a2bb8b6,zoned_corridor_w4,SR,1,6.0,0,35.6,0.132,1.12,True,False,0.903,0.077,1.8133,translation_correction_limit
20261006T064903Z_f7b26a2bb8b6,zoned_corridor_w4,SR,1,6.0,1,243.4,0.043,0.35,True,True,0.896,0.074,0.6739,
20261006T064903Z_f7b26a2bb8b6,zoned_corridor_w4,SR,1,6.0,2,106.5,0.142,0.94,True,False,0.903,0.078,0.4727,translation_correction_limit
20261006T064903Z_f7b26a2bb8b6,zoned_corridor_w4,SR,1,6.0,3,109.6,0.136,1.22,True,False,0.903,0.078,0.429,translation_correction_limit
20261006T064903Z_f7b26a2bb8b6,zoned_corridor_w4,SR,1,6.0,4,2.8,0.097,0.2,True,True,0.89,0.1,1.1146,
20261006T064903Z_f7b26a2bb8b6,zoned_corridor_w4,RR,2,0.0,0,120.0,0.019,0.39,True,True,0.904,0.072,0.6944,
20261006T064903Z_f7b26a2bb8b6,zoned_corridor_w4,RR,2,0.5,0,228.4,0.017,0.1,True,True,0.904,0.076,0.6601,
20261006T064903Z_f7b26a2bb8b6,zoned_corridor_w4,RR,2,0.5,1,283.3,0.02,0.36,True,True,0.904,0.072,0.6831,
20261006T064903Z_f7b26a2bb8b6,zoned_corridor_w4,RR,2,0.5,2,135.0,0.037,0.57,True,True,0.904,0.075,0.6404,
20261006T064903Z_f7b26a2bb8b6,zoned_corridor_w4,RR,2,0.5,3,117.8,0.017,0.41,True,True,0.904,0.073,0.7022,
20261006T064903Z_f7b26a2bb8b6,zoned_corridor_w4,RR,2,0.5,4,139.4,0.016,0.4,True,True,0.904,0.072,0.7589,
20261006T064903Z_f7b26a2bb8b6,zoned_corridor_w4,RR,2,1.0,0,262.6,0.103,0.14,True,True,0.9,0.084,0.4138,
20261006T064903Z_f7b26a2bb8b6,zoned_corridor_w4,RR,2,1.0,1,89.7,0.017,0.39,True,True,0.904,0.072,0.6852,
20261006T064903Z_f7b26a2bb8b6,zoned_corridor_w4,RR,2,1.0,2,51.6,0.039,0.58,True,True,0.904,0.075,0.6619,
20261006T064903Z_f7b26a2bb8b6,zoned_corridor_w4,RR,2,1.0,3,306.9,0.021,0.42,True,True,0.904,0.072,0.6965,
20261006T064903Z_f7b26a2bb8b6,zoned_corridor_w4,RR,2,1.0,4,214.1,0.012,0.15,True,True,0.904,0.075,0.6211,
20261006T064903Z_f7b26a2bb8b6,zoned_corridor_w4,RR,2,2.0,0,40.2,0.002,0.21,True,True,0.904,0.074,0.6532,
20261006T064903Z_f7b26a2bb8b6,zoned_corridor_w4,RR,2,2.0,1,58.8,0.017,0.39,True,True,0.904,0.072,0.6824,
20261006T064903Z_f7b26a2bb8b6,zoned_corridor_w4,RR,2,2.0,2,252.2,0.017,0.38,True,True,0.904,0.072,0.7066,
20261006T064903Z_f7b26a2bb8b6,zoned_corridor_w4,RR,2,2.0,3,246.0,0.012,0.35,True,True,0.904,0.072,0.6918,
20261006T064903Z_f7b26a2bb8b6,zoned_corridor_w4,RR,2,2.0,4,53.5,0.018,0.39,True,True,0.904,0.072,0.6822,
20261006T064903Z_f7b26a2bb8b6,zoned_corridor_w4,RR,2,4.0,0,214.0,0.014,0.36,True,True,0.904,0.072,0.6805,
20261006T064903Z_f7b26a2bb8b6,zoned_corridor_w4,RR,2,4.0,1,241.0,0.019,0.36,True,True,0.904,0.072,0.6775,
20261006T064903Z_f7b26a2bb8b6,zoned_corridor_w4,RR,2,4.0,2,181.4,0.021,0.43,True,True,0.904,0.072,0.6898,
20261006T064903Z_f7b26a2bb8b6,zoned_corridor_w4,RR,2,4.0,3,83.1,0.015,0.41,True,True,0.904,0.073,0.6761,
20261006T064903Z_f7b26a2bb8b6,zoned_corridor_w4,RR,2,4.0,4,30.4,0.016,0.38,True,True,0.904,0.072,1.7123,
20261006T064903Z_f7b26a2bb8b6,zoned_corridor_w4,RR,2,6.0,0,336.8,0.012,0.35,True,True,0.904,0.072,1.882,
20261006T064903Z_f7b26a2bb8b6,zoned_corridor_w4,RR,2,6.0,1,250.0,0.014,0.35,True,True,0.904,0.072,0.6925,
20261006T064903Z_f7b26a2bb8b6,zoned_corridor_w4,RR,2,6.0,2,271.6,0.017,0.39,True,True,0.904,0.072,0.7743,
20261006T064903Z_f7b26a2bb8b6,zoned_corridor_w4,RR,2,6.0,3,194.4,0.017,0.38,True,False,0.904,0.072,0.6821,translation_correction_limit
20261006T064903Z_f7b26a2bb8b6,zoned_corridor_w4,RR,2,6.0,4,171.9,0.008,0.31,True,False,0.904,0.073,0.6895,translation_correction_limit
20261006T064903Z_f7b26a2bb8b6,zoned_corridor_w4,RR,4,0.0,0,173.5,0.041,0.21,True,True,0.933,0.073,0.8767,
20261006T064903Z_f7b26a2bb8b6,zoned_corridor_w4,RR,4,0.5,0,119.9,0.043,0.22,True,True,0.933,0.073,0.9295,
20261006T064903Z_f7b26a2bb8b6,zoned_corridor_w4,RR,4,0.5,1,29.2,0.035,0.2,True,True,0.933,0.073,0.8743,
20261006T064903Z_f7b26a2bb8b6,zoned_corridor_w4,RR,4,0.5,2,154.8,0.046,0.15,True,True,0.933,0.074,0.9176,
20261006T064903Z_f7b26a2bb8b6,zoned_corridor_w4,RR,4,0.5,3,61.1,0.041,0.21,True,True,0.933,0.073,0.8851,
20261006T064903Z_f7b26a2bb8b6,zoned_corridor_w4,RR,4,0.5,4,156.1,0.031,0.41,True,True,0.933,0.074,0.8567,
20261006T064903Z_f7b26a2bb8b6,zoned_corridor_w4,RR,4,1.0,0,124.7,0.038,0.22,True,True,0.933,0.073,0.8864,
20261006T064903Z_f7b26a2bb8b6,zoned_corridor_w4,RR,4,1.0,1,320.0,0.041,0.22,True,True,0.933,0.073,0.9431,
20261006T064903Z_f7b26a2bb8b6,zoned_corridor_w4,RR,4,1.0,2,54.3,0.043,0.23,True,True,0.933,0.073,0.9735,
20261006T064903Z_f7b26a2bb8b6,zoned_corridor_w4,RR,4,1.0,3,353.7,0.036,0.08,True,True,0.933,0.074,0.7999,
20261006T064903Z_f7b26a2bb8b6,zoned_corridor_w4,RR,4,1.0,4,124.6,0.04,0.22,True,True,0.933,0.073,0.8834,
20261006T064903Z_f7b26a2bb8b6,zoned_corridor_w4,RR,4,2.0,0,234.7,0.032,0.38,True,True,0.933,0.074,0.8192,
20261006T064903Z_f7b26a2bb8b6,zoned_corridor_w4,RR,4,2.0,1,243.9,0.043,0.19,True,True,0.933,0.073,0.8753,
20261006T064903Z_f7b26a2bb8b6,zoned_corridor_w4,RR,4,2.0,2,149.1,0.041,0.3,True,True,0.933,0.074,0.9017,
20261006T064903Z_f7b26a2bb8b6,zoned_corridor_w4,RR,4,2.0,3,86.2,0.03,0.46,True,True,0.933,0.075,0.7759,
20261006T064903Z_f7b26a2bb8b6,zoned_corridor_w4,RR,4,2.0,4,27.3,0.035,0.32,True,True,0.933,0.073,0.868,
20261006T064903Z_f7b26a2bb8b6,zoned_corridor_w4,RR,4,4.0,0,141.9,0.042,0.21,True,True,0.933,0.073,0.877,
20261006T064903Z_f7b26a2bb8b6,zoned_corridor_w4,RR,4,4.0,1,313.4,0.046,0.13,True,True,0.933,0.074,1.8921,
20261006T064903Z_f7b26a2bb8b6,zoned_corridor_w4,RR,4,4.0,2,278.3,0.034,0.34,True,True,0.933,0.073,0.8749,
20261006T064903Z_f7b26a2bb8b6,zoned_corridor_w4,RR,4,4.0,3,242.9,0.042,0.22,True,True,0.933,0.073,0.8996,
20261006T064903Z_f7b26a2bb8b6,zoned_corridor_w4,RR,4,4.0,4,259.6,0.034,0.34,True,True,0.933,0.073,0.9086,
20261006T064903Z_f7b26a2bb8b6,zoned_corridor_w4,RR,4,6.0,0,343.7,0.045,0.12,True,False,0.933,0.074,1.8837,translation_correction_limit
20261006T064903Z_f7b26a2bb8b6,zoned_corridor_w4,RR,4,6.0,1,122.8,0.042,0.21,True,True,0.933,0.073,0.877,
20261006T064903Z_f7b26a2bb8b6,zoned_corridor_w4,RR,4,6.0,2,169.5,0.043,0.21,True,True,0.933,0.073,0.8818,
20261006T064903Z_f7b26a2bb8b6,zoned_corridor_w4,RR,4,6.0,3,359.4,0.027,0.51,True,False,0.933,0.076,1.7215,translation_correction_limit
20261006T064903Z_f7b26a2bb8b6,zoned_corridor_w4,RR,4,6.0,4,53.4,0.034,0.33,True,False,0.933,0.073,1.8711,translation_correction_limit
20261006T064903Z_f7b26a2bb8b6,zoned_corridor_w4,RR,7,0.0,0,88.7,0.167,0.69,True,True,0.893,0.106,0.2496,
20261006T064903Z_f7b26a2bb8b6,zoned_corridor_w4,RR,7,0.5,0,148.9,0.086,0.12,True,True,0.891,0.112,0.1816,
20261006T064903Z_f7b26a2bb8b6,zoned_corridor_w4,RR,7,0.5,1,7.7,0.159,0.77,True,True,0.893,0.106,0.1982,
20261006T064903Z_f7b26a2bb8b6,zoned_corridor_w4,RR,7,0.5,2,245.5,0.166,0.77,True,True,0.894,0.11,0.226,
20261006T064903Z_f7b26a2bb8b6,zoned_corridor_w4,RR,7,0.5,3,183.5,0.166,0.71,True,True,0.893,0.106,0.1999,
20261006T064903Z_f7b26a2bb8b6,zoned_corridor_w4,RR,7,0.5,4,196.4,0.165,0.72,True,True,0.893,0.106,0.234,
20261006T064903Z_f7b26a2bb8b6,zoned_corridor_w4,RR,7,1.0,0,227.0,0.168,0.67,True,True,0.893,0.106,0.2002,
20261006T064903Z_f7b26a2bb8b6,zoned_corridor_w4,RR,7,1.0,1,241.0,0.168,0.68,True,True,0.893,0.106,0.2316,
20261006T064903Z_f7b26a2bb8b6,zoned_corridor_w4,RR,7,1.0,2,161.4,0.175,0.57,True,True,0.893,0.106,0.198,
20261006T064903Z_f7b26a2bb8b6,zoned_corridor_w4,RR,7,1.0,3,312.6,0.21,0.22,True,True,0.893,0.112,0.1847,
20261006T064903Z_f7b26a2bb8b6,zoned_corridor_w4,RR,7,1.0,4,165.3,0.164,0.7,True,True,0.893,0.106,0.2249,
20261006T064903Z_f7b26a2bb8b6,zoned_corridor_w4,RR,7,2.0,0,57.2,0.164,0.71,True,True,0.893,0.106,0.1999,
20261006T064903Z_f7b26a2bb8b6,zoned_corridor_w4,RR,7,2.0,1,308.9,0.169,0.66,True,True,0.893,0.106,0.2106,
20261006T064903Z_f7b26a2bb8b6,zoned_corridor_w4,RR,7,2.0,2,359.6,0.168,0.69,True,True,0.893,0.106,0.2313,
20261006T064903Z_f7b26a2bb8b6,zoned_corridor_w4,RR,7,2.0,3,347.3,0.159,0.79,True,True,0.893,0.107,0.2262,
20261006T064903Z_f7b26a2bb8b6,zoned_corridor_w4,RR,7,2.0,4,163.0,0.157,0.85,True,True,0.893,0.108,0.2651,
20261006T064903Z_f7b26a2bb8b6,zoned_corridor_w4,RR,7,4.0,0,99.4,0.164,0.76,True,True,0.893,0.106,0.1974,
20261006T064903Z_f7b26a2bb8b6,zoned_corridor_w4,RR,7,4.0,1,352.4,0.149,1.13,True,True,0.893,0.115,0.1615,
20261006T064903Z_f7b26a2bb8b6,zoned_corridor_w4,RR,7,4.0,2,103.6,0.162,0.78,True,True,0.893,0.106,0.1965,
20261006T064903Z_f7b26a2bb8b6,zoned_corridor_w4,RR,7,4.0,3,188.9,0.16,0.75,True,True,0.893,0.106,1.2938,
20261006T064903Z_f7b26a2bb8b6,zoned_corridor_w4,RR,7,4.0,4,325.8,0.155,0.65,True,True,0.893,0.106,0.2049,
20261006T064903Z_f7b26a2bb8b6,zoned_corridor_w4,RR,7,6.0,0,97.6,0.177,0.45,True,False,0.893,0.108,0.1969,translation_correction_limit
20261006T064903Z_f7b26a2bb8b6,zoned_corridor_w4,RR,7,6.0,1,84.4,0.167,0.43,True,False,0.893,0.112,0.2117,translation_correction_limit
20261006T064903Z_f7b26a2bb8b6,zoned_corridor_w4,RR,7,6.0,2,318.1,0.158,0.84,True,True,0.893,0.107,0.1897,
20261006T064903Z_f7b26a2bb8b6,zoned_corridor_w4,RR,7,6.0,3,34.7,0.167,0.69,True,True,0.893,0.106,0.2,
20261006T064903Z_f7b26a2bb8b6,zoned_corridor_w4,RR,7,6.0,4,105.7,0.167,0.69,True,False,0.893,0.106,0.2077,translation_correction_limit
20261006T064903Z_f7b26a2bb8b6,zoned_corridor_w4,RU,9,0.0,0,160.0,0.048,0.14,True,True,0.939,0.088,1.9866,
20261006T064903Z_f7b26a2bb8b6,zoned_corridor_w4,RU,9,0.5,0,195.6,0.036,0.3,True,True,0.939,0.088,3.1862,
20261006T064903Z_f7b26a2bb8b6,zoned_corridor_w4,RU,9,0.5,1,228.7,0.043,0.18,True,True,0.939,0.088,3.2007,
20261006T064903Z_f7b26a2bb8b6,zoned_corridor_w4,RU,9,0.5,2,359.7,0.046,0.17,True,True,0.939,0.088,2.2204,
20261006T064903Z_f7b26a2bb8b6,zoned_corridor_w4,RU,9,0.5,3,17.7,0.047,0.17,True,True,0.939,0.088,1.984,
20261006T064903Z_f7b26a2bb8b6,zoned_corridor_w4,RU,9,0.5,4,143.1,0.049,0.13,True,True,0.939,0.088,2.6384,
20261006T064903Z_f7b26a2bb8b6,zoned_corridor_w4,RU,9,1.0,0,65.3,0.041,0.23,True,True,0.939,0.088,3.2922,
20261006T064903Z_f7b26a2bb8b6,zoned_corridor_w4,RU,9,1.0,1,79.2,0.054,0.11,True,True,0.939,0.088,1.929,
20261006T064903Z_f7b26a2bb8b6,zoned_corridor_w4,RU,9,1.0,2,64.3,0.037,0.32,True,True,0.939,0.088,3.2717,
20261006T064903Z_f7b26a2bb8b6,zoned_corridor_w4,RU,9,1.0,3,178.6,0.046,0.19,True,True,0.939,0.088,3.2791,
20261006T064903Z_f7b26a2bb8b6,zoned_corridor_w4,RU,9,1.0,4,153.2,0.048,0.17,True,True,0.939,0.088,2.0495,
20261006T064903Z_f7b26a2bb8b6,zoned_corridor_w4,RU,9,2.0,0,276.5,0.055,0.08,True,True,0.939,0.089,3.3031,
20261006T064903Z_f7b26a2bb8b6,zoned_corridor_w4,RU,9,2.0,1,175.9,0.046,0.16,True,True,0.939,0.088,3.2013,
20261006T064903Z_f7b26a2bb8b6,zoned_corridor_w4,RU,9,2.0,2,68.2,0.046,0.17,True,True,0.939,0.088,3.2859,
20261006T064903Z_f7b26a2bb8b6,zoned_corridor_w4,RU,9,2.0,3,152.7,0.036,0.29,True,True,0.939,0.088,3.2012,
20261006T064903Z_f7b26a2bb8b6,zoned_corridor_w4,RU,9,2.0,4,240.0,0.045,0.16,True,True,0.939,0.088,2.5259,
20261006T064903Z_f7b26a2bb8b6,zoned_corridor_w4,RU,9,4.0,0,305.1,0.042,0.21,True,True,0.939,0.088,2.0525,
20261006T064903Z_f7b26a2bb8b6,zoned_corridor_w4,RU,9,4.0,1,183.7,0.046,0.17,True,True,0.939,0.088,3.231,
20261006T064903Z_f7b26a2bb8b6,zoned_corridor_w4,RU,9,4.0,2,150.1,0.046,0.17,True,True,0.939,0.088,3.1861,
20261006T064903Z_f7b26a2bb8b6,zoned_corridor_w4,RU,9,4.0,3,118.9,0.045,0.11,True,True,0.939,0.089,3.1711,
20261006T064903Z_f7b26a2bb8b6,zoned_corridor_w4,RU,9,4.0,4,35.0,0.042,0.21,True,True,0.939,0.088,2.6047,
20261006T064903Z_f7b26a2bb8b6,zoned_corridor_w4,RU,9,6.0,0,100.6,0.045,0.17,True,True,0.939,0.088,3.2794,
20261006T064903Z_f7b26a2bb8b6,zoned_corridor_w4,RU,9,6.0,1,233.8,0.046,0.17,True,True,0.939,0.088,2.2281,
20261006T064903Z_f7b26a2bb8b6,zoned_corridor_w4,RU,9,6.0,2,108.5,0.046,0.19,True,True,0.939,0.088,3.2008,
20261006T064903Z_f7b26a2bb8b6,zoned_corridor_w4,RU,9,6.0,3,17.7,0.041,0.28,True,False,0.939,0.087,3.653,translation_correction_limit
20261006T064903Z_f7b26a2bb8b6,zoned_corridor_w4,RU,9,6.0,4,219.1,0.037,0.28,True,True,0.939,0.088,2.2006,
20261006T064903Z_f7b26a2bb8b6,zoned_corridor_w4,SR,13,0.0,0,301.9,5.184,2.07,False,True,0.87,0.177,0.6673,
20261006T064903Z_f7b26a2bb8b6,zoned_corridor_w4,SR,13,0.5,0,157.5,5.058,1.53,False,True,0.876,0.185,0.633,
20261006T064903Z_f7b26a2bb8b6,zoned_corridor_w4,SR,13,0.5,1,83.2,5.212,1.86,False,True,0.867,0.178,0.6228,
20261006T064903Z_f7b26a2bb8b6,zoned_corridor_w4,SR,13,0.5,2,4.5,4.907,1.18,False,True,0.863,0.191,0.5524,
20261006T064903Z_f7b26a2bb8b6,zoned_corridor_w4,SR,13,0.5,3,322.8,5.184,2.07,False,True,0.87,0.177,0.5429,
20261006T064903Z_f7b26a2bb8b6,zoned_corridor_w4,SR,13,0.5,4,318.9,5.054,1.59,False,True,0.87,0.181,0.6201,
20261006T064903Z_f7b26a2bb8b6,zoned_corridor_w4,SR,13,1.0,0,21.9,4.875,1.43,False,True,0.863,0.198,0.521,
20261006T064903Z_f7b26a2bb8b6,zoned_corridor_w4,SR,13,1.0,1,248.0,5.184,2.06,False,True,0.87,0.177,0.604,
20261006T064903Z_f7b26a2bb8b6,zoned_corridor_w4,SR,13,1.0,2,180.2,5.33,2.44,False,True,0.863,0.184,0.4486,
20261006T064903Z_f7b26a2bb8b6,zoned_corridor_w4,SR,13,1.0,3,26.6,4.89,1.31,False,True,0.863,0.195,0.5302,
20261006T064903Z_f7b26a2bb8b6,zoned_corridor_w4,SR,13,1.0,4,287.2,5.058,1.53,False,True,0.876,0.185,0.6711,
20261006T064903Z_f7b26a2bb8b6,zoned_corridor_w4,SR,13,2.0,0,353.1,0.344,3.02,True,True,0.575,0.146,0.0956,
20261006T064903Z_f7b26a2bb8b6,zoned_corridor_w4,SR,13,2.0,1,91.5,5.2,1.95,False,True,0.867,0.175,0.7651,
20261006T064903Z_f7b26a2bb8b6,zoned_corridor_w4,SR,13,2.0,2,316.4,4.561,0.77,False,False,0.806,0.231,0.2086,translation_correction_limit
20261006T064903Z_f7b26a2bb8b6,zoned_corridor_w4,SR,13,2.0,3,189.4,5.303,1.34,False,True,0.86,0.201,0.4912,
20261006T064903Z_f7b26a2bb8b6,zoned_corridor_w4,SR,13,2.0,4,89.7,5.19,2.08,False,True,0.87,0.177,0.6307,
20261006T064903Z_f7b26a2bb8b6,zoned_corridor_w4,SR,13,4.0,0,192.9,9.664,0.05,False,True,0.933,0.125,0.5344,
20261006T064903Z_f7b26a2bb8b6,zoned_corridor_w4,SR,13,4.0,1,37.7,0.594,4.38,True,True,0.603,0.146,0.2953,
20261006T064903Z_f7b26a2bb8b6,zoned_corridor_w4,SR,13,4.0,2,307.7,0.471,3.67,True,True,0.59,0.145,0.1205,
20261006T064903Z_f7b26a2bb8b6,zoned_corridor_w4,SR,13,4.0,3,84.9,5.226,1.74,False,False,0.863,0.178,0.6176,translation_correction_limit
20261006T064903Z_f7b26a2bb8b6,zoned_corridor_w4,SR,13,4.0,4,124.8,5.048,1.63,False,True,0.876,0.185,0.5365,
20261006T064903Z_f7b26a2bb8b6,zoned_corridor_w4,SR,13,6.0,0,126.8,9.46,1.36,False,False,0.933,0.186,0.024,translation_correction_limit
20261006T064903Z_f7b26a2bb8b6,zoned_corridor_w4,SR,13,6.0,1,242.3,4.982,1.98,False,True,0.876,0.194,0.3803,
20261006T064903Z_f7b26a2bb8b6,zoned_corridor_w4,SR,13,6.0,2,90.8,5.199,2.04,False,False,0.867,0.174,0.8243,translation_correction_limit
20261006T064903Z_f7b26a2bb8b6,zoned_corridor_w4,SR,13,6.0,3,243.3,5.186,2.06,False,True,0.87,0.177,0.7107,
20261006T064903Z_f7b26a2bb8b6,zoned_corridor_w4,SR,13,6.0,4,161.2,9.875,0.19,False,True,0.93,0.11,0.701,
20261006T064903Z_f7b26a2bb8b6,zoned_corridor_w4,SU,18,0.0,0,279.5,0.036,0.01,True,True,0.921,0.101,0.6482,
20261006T064903Z_f7b26a2bb8b6,zoned_corridor_w4,SU,18,0.5,0,319.6,0.021,0.19,True,True,0.921,0.098,0.9739,
20261006T064903Z_f7b26a2bb8b6,zoned_corridor_w4,SU,18,0.5,1,146.5,0.141,0.27,True,True,0.926,0.103,0.8316,
20261006T064903Z_f7b26a2bb8b6,zoned_corridor_w4,SU,18,0.5,2,162.1,0.021,0.18,True,True,0.921,0.098,1.0123,
20261006T064903Z_f7b26a2bb8b6,zoned_corridor_w4,SU,18,0.5,3,277.8,0.024,0.16,True,True,0.921,0.099,1.0543,
20261006T064903Z_f7b26a2bb8b6,zoned_corridor_w4,SU,18,0.5,4,147.6,0.158,0.02,True,True,0.926,0.103,0.9058,
20261006T064903Z_f7b26a2bb8b6,zoned_corridor_w4,SU,18,1.0,0,299.4,0.022,0.18,True,True,0.921,0.098,1.0093,
20261006T064903Z_f7b26a2bb8b6,zoned_corridor_w4,SU,18,1.0,1,268.8,0.041,0.05,True,True,0.921,0.103,0.6288,
20261006T064903Z_f7b26a2bb8b6,zoned_corridor_w4,SU,18,1.0,2,26.2,0.159,0.01,True,True,0.926,0.103,0.9406,
20261006T064903Z_f7b26a2bb8b6,zoned_corridor_w4,SU,18,1.0,3,29.0,0.159,0.02,True,True,0.926,0.103,0.7008,
20261006T064903Z_f7b26a2bb8b6,zoned_corridor_w4,SU,18,1.0,4,71.6,0.021,0.18,True,True,0.921,0.098,1.005,
20261006T064903Z_f7b26a2bb8b6,zoned_corridor_w4,SU,18,2.0,0,212.5,0.02,0.18,True,True,0.921,0.098,1.0809,
20261006T064903Z_f7b26a2bb8b6,zoned_corridor_w4,SU,18,2.0,1,141.6,0.159,0.0,True,True,0.926,0.103,0.8799,
20261006T064903Z_f7b26a2bb8b6,zoned_corridor_w4,SU,18,2.0,2,343.9,0.167,0.14,True,True,0.926,0.105,0.6595,
20261006T064903Z_f7b26a2bb8b6,zoned_corridor_w4,SU,18,2.0,3,61.6,0.136,0.25,True,True,0.926,0.102,0.8249,
20261006T064903Z_f7b26a2bb8b6,zoned_corridor_w4,SU,18,2.0,4,44.5,0.019,0.22,True,True,0.921,0.098,1.0008,
20261006T064903Z_f7b26a2bb8b6,zoned_corridor_w4,SU,18,4.0,0,125.9,0.025,0.09,True,True,0.921,0.099,0.9645,
20261006T064903Z_f7b26a2bb8b6,zoned_corridor_w4,SU,18,4.0,1,53.3,0.021,0.18,True,True,0.921,0.098,0.9763,
20261006T064903Z_f7b26a2bb8b6,zoned_corridor_w4,SU,18,4.0,2,39.8,0.04,0.01,True,True,0.921,0.102,1.0959,
20261006T064903Z_f7b26a2bb8b6,zoned_corridor_w4,SU,18,4.0,3,186.3,0.021,0.18,True,True,0.921,0.098,0.7052,
20261006T064903Z_f7b26a2bb8b6,zoned_corridor_w4,SU,18,4.0,4,218.4,0.153,0.06,True,True,0.926,0.102,1.0934,
20261006T064903Z_f7b26a2bb8b6,zoned_corridor_w4,SU,18,6.0,0,228.1,0.021,0.18,True,True,0.921,0.098,0.7518,
20261006T064903Z_f7b26a2bb8b6,zoned_corridor_w4,SU,18,6.0,1,335.4,0.02,0.17,True,False,0.921,0.098,1.0545,translation_correction_limit
20261006T064903Z_f7b26a2bb8b6,zoned_corridor_w4,SU,18,6.0,2,35.5,0.168,0.16,True,True,0.926,0.105,1.0146,
20261006T064903Z_f7b26a2bb8b6,zoned_corridor_w4,SU,18,6.0,3,129.1,0.02,0.2,True,True,0.921,0.098,1.1301,
20261006T064903Z_f7b26a2bb8b6,zoned_corridor_w4,SU,18,6.0,4,160.8,0.026,0.11,True,True,0.921,0.099,1.6466,
20261006T064903Z_f7b26a2bb8b6,zoned_corridor_w4,SU,21,0.0,0,318.0,0.169,0.74,True,True,0.856,0.089,0.4773,
20261006T064903Z_f7b26a2bb8b6,zoned_corridor_w4,SU,21,0.5,0,226.4,0.166,0.75,True,True,0.856,0.089,0.5381,
20261006T064903Z_f7b26a2bb8b6,zoned_corridor_w4,SU,21,0.5,1,224.7,0.128,0.04,True,True,0.853,0.125,0.217,
20261006T064903Z_f7b26a2bb8b6,zoned_corridor_w4,SU,21,0.5,2,57.0,0.339,0.98,True,True,0.861,0.109,1.1469,
20261006T064903Z_f7b26a2bb8b6,zoned_corridor_w4,SU,21,0.5,3,306.1,0.169,0.74,True,True,0.856,0.089,0.6218,
20261006T064903Z_f7b26a2bb8b6,zoned_corridor_w4,SU,21,0.5,4,143.7,0.172,0.77,True,True,0.856,0.089,0.4823,
20261006T064903Z_f7b26a2bb8b6,zoned_corridor_w4,SU,21,1.0,0,136.4,0.311,1.27,True,True,0.861,0.106,0.4163,
20261006T064903Z_f7b26a2bb8b6,zoned_corridor_w4,SU,21,1.0,1,295.7,0.169,0.74,True,True,0.856,0.089,0.5195,
20261006T064903Z_f7b26a2bb8b6,zoned_corridor_w4,SU,21,1.0,2,72.6,0.159,0.89,True,True,0.856,0.09,0.4846,
20261006T064903Z_f7b26a2bb8b6,zoned_corridor_w4,SU,21,1.0,3,206.9,0.35,0.87,True,True,0.861,0.111,0.9529,
20261006T064903Z_f7b26a2bb8b6,zoned_corridor_w4,SU,21,1.0,4,233.3,0.156,0.9,True,True,0.856,0.09,0.4847,
20261006T064903Z_f7b26a2bb8b6,zoned_corridor_w4,SU,21,2.0,0,66.4,0.336,1.0,True,True,0.861,0.108,0.4255,
20261006T064903Z_f7b26a2bb8b6,zoned_corridor_w4,SU,21,2.0,1,335.7,0.335,1.03,True,True,0.861,0.108,0.4637,
20261006T064903Z_f7b26a2bb8b6,zoned_corridor_w4,SU,21,2.0,2,121.0,0.335,1.04,True,True,0.861,0.108,0.4335,
20261006T064903Z_f7b26a2bb8b6,zoned_corridor_w4,SU,21,2.0,3,106.5,0.185,0.54,True,True,0.856,0.091,0.4786,
20261006T064903Z_f7b26a2bb8b6,zoned_corridor_w4,SU,21,2.0,4,334.5,0.151,0.97,True,True,0.856,0.092,0.4324,
20261006T064903Z_f7b26a2bb8b6,zoned_corridor_w4,SU,21,4.0,0,329.6,0.341,0.97,True,True,0.861,0.109,0.4226,
20261006T064903Z_f7b26a2bb8b6,zoned_corridor_w4,SU,21,4.0,1,313.1,0.355,0.81,True,True,0.861,0.112,0.412,
20261006T064903Z_f7b26a2bb8b6,zoned_corridor_w4,SU,21,4.0,2,127.1,0.327,1.11,True,True,0.861,0.107,0.4589,
20261006T064903Z_f7b26a2bb8b6,zoned_corridor_w4,SU,21,4.0,3,91.5,0.169,0.69,True,True,0.856,0.089,0.3658,
20261006T064903Z_f7b26a2bb8b6,zoned_corridor_w4,SU,21,4.0,4,57.9,0.057,0.02,True,True,0.85,0.103,0.3535,
20261006T064903Z_f7b26a2bb8b6,zoned_corridor_w4,SU,21,6.0,0,236.3,0.139,1.18,True,False,0.856,0.097,0.4476,translation_correction_limit
20261006T064903Z_f7b26a2bb8b6,zoned_corridor_w4,SU,21,6.0,1,56.1,0.169,0.74,True,True,0.856,0.089,0.4976,
20261006T064903Z_f7b26a2bb8b6,zoned_corridor_w4,SU,21,6.0,2,244.4,0.186,0.55,True,False,0.856,0.091,0.4738,translation_correction_limit
20261006T064903Z_f7b26a2bb8b6,zoned_corridor_w4,SU,21,6.0,3,331.4,0.009,0.46,True,True,0.85,0.11,0.4262,
20261006T064903Z_f7b26a2bb8b6,zoned_corridor_w4,SU,21,6.0,4,129.5,0.355,0.79,True,False,0.861,0.113,0.4889,translation_correction_limit
20261006T064903Z_f7b26a2bb8b6,zoned_corridor_w4,SR,23,0.0,0,320.6,0.256,2.48,True,True,0.847,0.117,0.0373,
20261006T064903Z_f7b26a2bb8b6,zoned_corridor_w4,SR,23,0.5,0,133.5,0.061,0.94,True,True,0.828,0.088,0.1829,
20261006T064903Z_f7b26a2bb8b6,zoned_corridor_w4,SR,23,0.5,1,347.5,0.262,2.44,True,True,0.847,0.116,0.0285,
20261006T064903Z_f7b26a2bb8b6,zoned_corridor_w4,SR,23,0.5,2,351.0,0.169,1.61,True,True,0.838,0.094,0.1565,
20261006T064903Z_f7b26a2bb8b6,zoned_corridor_w4,SR,23,0.5,3,163.7,0.053,0.2,True,True,0.818,0.102,0.0206,
20261006T064903Z_f7b26a2bb8b6,zoned_corridor_w4,SR,23,0.5,4,209.5,0.169,1.62,True,True,0.838,0.094,0.1511,
20261006T064903Z_f7b26a2bb8b6,zoned_corridor_w4,SR,23,1.0,0,352.9,0.259,2.45,True,True,0.847,0.116,0.0373,
20261006T064903Z_f7b26a2bb8b6,zoned_corridor_w4,SR,23,1.0,1,186.3,0.166,1.58,True,True,0.838,0.095,0.1374,
20261006T064903Z_f7b26a2bb8b6,zoned_corridor_w4,SR,23,1.0,2,221.6,0.045,0.15,True,True,0.818,0.102,0.0615,
20261006T064903Z_f7b26a2bb8b6,zoned_corridor_w4,SR,23,1.0,3,353.5,0.261,2.45,True,True,0.847,0.116,0.0593,
20261006T064903Z_f7b26a2bb8b6,zoned_corridor_w4,SR,23,1.0,4,19.9,0.073,0.8,True,True,0.828,0.091,0.1444,
20261006T064903Z_f7b26a2bb8b6,zoned_corridor_w4,SR,23,2.0,0,52.3,0.227,1.17,True,True,0.838,0.119,0.1234,
20261006T064903Z_f7b26a2bb8b6,zoned_corridor_w4,SR,23,2.0,1,354.0,0.061,0.92,True,True,0.828,0.088,0.4928,
20261006T064903Z_f7b26a2bb8b6,zoned_corridor_w4,SR,23,2.0,2,352.2,0.17,1.62,True,True,0.838,0.094,0.6308,
20261006T064903Z_f7b26a2bb8b6,zoned_corridor_w4,SR,23,2.0,3,104.4,0.062,0.93,True,True,0.828,0.088,0.1512,
20261006T064903Z_f7b26a2bb8b6,zoned_corridor_w4,SR,23,2.0,4,257.9,0.061,0.94,True,True,0.828,0.087,0.1603,
20261006T064903Z_f7b26a2bb8b6,zoned_corridor_w4,SR,23,4.0,0,230.8,0.06,0.95,True,True,0.828,0.087,0.1499,
20261006T064903Z_f7b26a2bb8b6,zoned_corridor_w4,SR,23,4.0,1,80.5,0.168,1.66,True,True,0.838,0.094,0.1406,
20261006T064903Z_f7b26a2bb8b6,zoned_corridor_w4,SR,23,4.0,2,60.7,0.067,0.85,True,True,0.828,0.089,0.6244,
20261006T064903Z_f7b26a2bb8b6,zoned_corridor_w4,SR,23,4.0,3,9.9,0.061,0.94,True,True,0.828,0.087,1.0055,
20261006T064903Z_f7b26a2bb8b6,zoned_corridor_w4,SR,23,4.0,4,200.3,0.265,2.33,True,True,0.847,0.117,0.1461,
20261006T064903Z_f7b26a2bb8b6,zoned_corridor_w4,SR,23,6.0,0,100.9,0.052,1.06,True,False,0.828,0.087,0.1558,translation_correction_limit
20261006T064903Z_f7b26a2bb8b6,zoned_corridor_w4,SR,23,6.0,1,38.7,0.06,0.95,True,False,0.828,0.087,1.3104,translation_correction_limit
20261006T064903Z_f7b26a2bb8b6,zoned_corridor_w4,SR,23,6.0,2,282.4,0.148,1.68,True,False,0.838,0.096,0.1784,translation_correction_limit
20261006T064903Z_f7b26a2bb8b6,zoned_corridor_w4,SR,23,6.0,3,310.6,0.066,0.87,True,False,0.828,0.089,1.4981,translation_correction_limit
20261006T064903Z_f7b26a2bb8b6,zoned_corridor_w4,SR,23,6.0,4,222.5,0.263,2.41,True,True,0.847,0.116,0.033,
20261006T064903Z_f7b26a2bb8b6,zoned_corridor_w4,SU,24,0.0,0,279.9,0.122,0.2,True,True,0.972,0.07,3.2012,
20261006T064903Z_f7b26a2bb8b6,zoned_corridor_w4,SU,24,0.5,0,48.3,0.09,0.45,True,True,0.972,0.068,3.0182,
20261006T064903Z_f7b26a2bb8b6,zoned_corridor_w4,SU,24,0.5,1,65.8,0.122,0.2,True,True,0.972,0.07,5.3002,
20261006T064903Z_f7b26a2bb8b6,zoned_corridor_w4,SU,24,0.5,2,262.6,0.121,0.18,True,True,0.972,0.07,4.4118,
20261006T064903Z_f7b26a2bb8b6,zoned_corridor_w4,SU,24,0.5,3,357.1,0.079,0.54,True,True,0.972,0.07,3.0101,
20261006T064903Z_f7b26a2bb8b6,zoned_corridor_w4,SU,24,0.5,4,5.4,0.032,0.11,True,True,0.969,0.069,1.686,
20261006T064903Z_f7b26a2bb8b6,zoned_corridor_w4,SU,24,1.0,0,129.6,0.123,0.19,True,True,0.972,0.07,2.0505,
20261006T064903Z_f7b26a2bb8b6,zoned_corridor_w4,SU,24,1.0,1,286.1,0.068,0.62,True,True,0.972,0.072,1.7604,
20261006T064903Z_f7b26a2bb8b6,zoned_corridor_w4,SU,24,1.0,2,209.3,0.123,0.19,True,True,0.972,0.07,4.8374,
20261006T064903Z_f7b26a2bb8b6,zoned_corridor_w4,SU,24,1.0,3,37.8,0.053,0.04,True,True,0.969,0.072,2.0794,
20261006T064903Z_f7b26a2bb8b6,zoned_corridor_w4,SU,24,1.0,4,265.2,0.022,0.24,True,True,0.969,0.071,2.7825,
20261006T064903Z_f7b26a2bb8b6,zoned_corridor_w4,SU,24,2.0,0,175.4,0.046,0.01,True,True,0.969,0.07,2.4179,
20261006T064903Z_f7b26a2bb8b6,zoned_corridor_w4,SU,24,2.0,1,192.5,0.072,0.22,True,True,0.969,0.077,3.076,
20261006T064903Z_f7b26a2bb8b6,zoned_corridor_w4,SU,24,2.0,2,178.3,0.048,0.02,True,True,0.969,0.07,3.205,
20261006T064903Z_f7b26a2bb8b6,zoned_corridor_w4,SU,24,2.0,3,31.2,0.116,0.25,True,True,0.972,0.069,3.0604,
20261006T064903Z_f7b26a2bb8b6,zoned_corridor_w4,SU,24,2.0,4,127.2,0.047,0.02,True,True,0.969,0.07,3.695,
20261006T064903Z_f7b26a2bb8b6,zoned_corridor_w4,SU,24,4.0,0,77.6,0.048,0.02,True,True,0.969,0.07,3.1299,
20261006T064903Z_f7b26a2bb8b6,zoned_corridor_w4,SU,24,4.0,1,124.9,0.12,0.2,True,True,0.972,0.07,3.2548,
20261006T064903Z_f7b26a2bb8b6,zoned_corridor_w4,SU,24,4.0,2,140.4,0.098,0.37,True,True,0.972,0.068,3.335,
20261006T064903Z_f7b26a2bb8b6,zoned_corridor_w4,SU,24,4.0,3,41.2,0.104,0.34,True,True,0.972,0.068,3.1334,
20261006T064903Z_f7b26a2bb8b6,zoned_corridor_w4,SU,24,4.0,4,287.0,0.069,0.62,True,True,0.972,0.072,2.8365,
20261006T064903Z_f7b26a2bb8b6,zoned_corridor_w4,SU,24,6.0,0,152.3,0.119,0.23,True,True,0.972,0.069,3.3435,
20261006T064903Z_f7b26a2bb8b6,zoned_corridor_w4,SU,24,6.0,1,196.8,0.124,0.15,True,True,0.972,0.071,3.6148,
20261006T064903Z_f7b26a2bb8b6,zoned_corridor_w4,SU,24,6.0,2,317.9,0.073,0.6,True,False,0.972,0.071,3.4827,translation_correction_limit
20261006T064903Z_f7b26a2bb8b6,zoned_corridor_w4,SU,24,6.0,3,17.9,0.067,0.64,True,False,0.972,0.072,2.864,translation_correction_limit
20261006T064903Z_f7b26a2bb8b6,zoned_corridor_w4,SU,24,6.0,4,79.0,0.109,0.35,True,False,0.972,0.069,2.6817,translation_correction_limit
20261006T064903Z_f7b26a2bb8b6,zoned_corridor_w4,SR,25,0.0,0,105.6,4.749,1.13,False,True,0.903,0.138,0.4006,
20261006T064903Z_f7b26a2bb8b6,zoned_corridor_w4,SR,25,0.5,0,159.5,4.933,1.05,False,True,0.896,0.134,0.3542,
20261006T064903Z_f7b26a2bb8b6,zoned_corridor_w4,SR,25,0.5,1,296.1,4.751,1.12,False,True,0.903,0.138,0.4521,
20261006T064903Z_f7b26a2bb8b6,zoned_corridor_w4,SR,25,0.5,2,122.9,5.018,0.18,False,True,0.893,0.144,0.2421,
20261006T064903Z_f7b26a2bb8b6,zoned_corridor_w4,SR,25,0.5,3,141.6,4.91,0.88,False,True,0.896,0.13,0.5472,
20261006T064903Z_f7b26a2bb8b6,zoned_corridor_w4,SR,25,0.5,4,156.3,4.876,0.63,False,True,0.896,0.129,0.4164,
20261006T064903Z_f7b26a2bb8b6,zoned_corridor_w4,SR,25,1.0,0,114.8,4.86,0.5,False,True,0.896,0.131,0.4058,
20261006T064903Z_f7b26a2bb8b6,zoned_corridor_w4,SR,25,1.0,1,106.2,4.909,0.88,False,True,0.896,0.13,0.3899,
20261006T064903Z_f7b26a2bb8b6,zoned_corridor_w4,SR,25,1.0,2,218.3,4.75,1.13,False,True,0.903,0.138,0.3901,
20261006T064903Z_f7b26a2bb8b6,zoned_corridor_w4,SR,25,1.0,3,191.5,4.671,1.78,False,True,0.912,0.161,0.1972,
20261006T064903Z_f7b26a2bb8b6,zoned_corridor_w4,SR,25,1.0,4,336.4,4.93,1.03,False,True,0.896,0.133,0.5148,
20261006T064903Z_f7b26a2bb8b6,zoned_corridor_w4,SR,25,2.0,0,135.1,4.566,1.22,False,False,0.912,0.184,0.2115,translation_correction_limit
20261006T064903Z_f7b26a2bb8b6,zoned_corridor_w4,SR,25,2.0,1,15.0,4.75,1.25,False,True,0.906,0.141,0.3868,
20261006T064903Z_f7b26a2bb8b6,zoned_corridor_w4,SR,25,2.0,2,82.7,4.753,1.15,False,True,0.903,0.137,0.4151,
20261006T064903Z_f7b26a2bb8b6,zoned_corridor_w4,SR,25,2.0,3,175.5,0.103,0.85,True,True,0.74,0.088,0.2065,
20261006T064903Z_f7b26a2bb8b6,zoned_corridor_w4,SR,25,2.0,4,282.5,4.886,0.7,False,True,0.896,0.128,0.4063,
20261006T064903Z_f7b26a2bb8b6,zoned_corridor_w4,SR,25,4.0,0,299.3,4.735,0.98,False,True,0.903,0.142,0.5335,
20261006T064903Z_f7b26a2bb8b6,zoned_corridor_w4,SR,25,4.0,1,206.4,0.082,0.44,True,True,0.734,0.091,0.6242,
20261006T064903Z_f7b26a2bb8b6,zoned_corridor_w4,SR,25,4.0,2,323.5,4.754,1.13,False,True,0.903,0.137,0.5516,
20261006T064903Z_f7b26a2bb8b6,zoned_corridor_w4,SR,25,4.0,3,118.0,0.23,1.24,True,True,0.75,0.118,0.102,
20261006T064903Z_f7b26a2bb8b6,zoned_corridor_w4,SR,25,4.0,4,229.7,0.109,0.74,True,True,0.74,0.089,0.493,
20261006T064903Z_f7b26a2bb8b6,zoned_corridor_w4,SR,25,6.0,0,114.1,0.107,0.78,True,False,0.74,0.088,0.5314,translation_correction_limit
20261006T064903Z_f7b26a2bb8b6,zoned_corridor_w4,SR,25,6.0,1,31.2,4.902,0.83,False,True,0.899,0.134,0.418,
20261006T064903Z_f7b26a2bb8b6,zoned_corridor_w4,SR,25,6.0,2,354.4,4.737,1.03,False,True,0.903,0.141,0.6157,
20261006T064903Z_f7b26a2bb8b6,zoned_corridor_w4,SR,25,6.0,3,260.2,4.74,1.06,False,False,0.903,0.14,0.4159,translation_correction_limit
20261006T064903Z_f7b26a2bb8b6,zoned_corridor_w4,SR,25,6.0,4,69.1,4.768,1.28,False,False,0.903,0.135,0.3774,translation_correction_limit
20261006T064903Z_f7b26a2bb8b6,zoned_corridor_w4,RU,28,0.0,0,44.4,0.064,0.33,True,True,0.412,0.218,0.0728,
20261006T064903Z_f7b26a2bb8b6,zoned_corridor_w4,RU,28,0.5,0,140.3,0.065,0.43,True,True,0.412,0.219,0.1673,
20261006T064903Z_f7b26a2bb8b6,zoned_corridor_w4,RU,28,0.5,1,142.3,0.065,0.38,True,True,0.412,0.218,0.1679,
20261006T064903Z_f7b26a2bb8b6,zoned_corridor_w4,RU,28,0.5,2,159.2,0.069,0.25,True,True,0.412,0.218,0.0727,
20261006T064903Z_f7b26a2bb8b6,zoned_corridor_w4,RU,28,0.5,3,165.8,0.064,0.41,True,True,0.414,0.222,0.176,
20261006T064903Z_f7b26a2bb8b6,zoned_corridor_w4,RU,28,0.5,4,134.9,0.065,0.37,True,True,0.414,0.222,0.175,
20261006T064903Z_f7b26a2bb8b6,zoned_corridor_w4,RU,28,1.0,0,218.9,0.065,0.37,True,True,0.412,0.218,0.2006,
20261006T064903Z_f7b26a2bb8b6,zoned_corridor_w4,RU,28,1.0,1,258.2,0.065,0.34,True,True,0.412,0.218,0.173,
20261006T064903Z_f7b26a2bb8b6,zoned_corridor_w4,RU,28,1.0,2,65.9,0.065,0.31,True,True,0.412,0.218,0.162,
20261006T064903Z_f7b26a2bb8b6,zoned_corridor_w4,RU,28,1.0,3,255.8,0.07,0.34,True,True,0.414,0.221,0.1687,
20261006T064903Z_f7b26a2bb8b6,zoned_corridor_w4,RU,28,1.0,4,50.3,0.066,0.37,True,True,0.412,0.218,0.1672,
20261006T064903Z_f7b26a2bb8b6,zoned_corridor_w4,RU,28,2.0,0,306.0,0.066,0.36,True,True,0.414,0.222,0.1647,
20261006T064903Z_f7b26a2bb8b6,zoned_corridor_w4,RU,28,2.0,1,170.6,0.065,0.41,True,True,0.414,0.222,0.0674,
20261006T064903Z_f7b26a2bb8b6,zoned_corridor_w4,RU,28,2.0,2,322.8,0.066,0.38,True,True,0.414,0.222,0.1653,
20261006T064903Z_f7b26a2bb8b6,zoned_corridor_w4,RU,28,2.0,3,238.6,0.065,0.39,True,True,0.412,0.218,0.1423,
20261006T064903Z_f7b26a2bb8b6,zoned_corridor_w4,RU,28,2.0,4,136.8,0.065,0.38,True,True,0.412,0.218,0.1512,
20261006T064903Z_f7b26a2bb8b6,zoned_corridor_w4,RU,28,4.0,0,122.3,0.067,0.45,True,True,0.412,0.219,0.0762,
20261006T064903Z_f7b26a2bb8b6,zoned_corridor_w4,RU,28,4.0,1,158.9,0.065,0.39,True,True,0.412,0.218,0.0674,
20261006T064903Z_f7b26a2bb8b6,zoned_corridor_w4,RU,28,4.0,2,265.3,0.066,0.31,True,True,0.412,0.218,0.1683,
20261006T064903Z_f7b26a2bb8b6,zoned_corridor_w4,RU,28,4.0,3,93.5,0.066,0.39,True,True,0.414,0.222,0.1631,
20261006T064903Z_f7b26a2bb8b6,zoned_corridor_w4,RU,28,4.0,4,338.8,0.065,0.38,True,True,0.412,0.218,0.0401,
20261006T064903Z_f7b26a2bb8b6,zoned_corridor_w4,RU,28,6.0,0,140.1,0.065,0.39,True,False,0.412,0.218,0.0671,translation_correction_limit
20261006T064903Z_f7b26a2bb8b6,zoned_corridor_w4,RU,28,6.0,1,345.0,11.774,0.16,False,False,0.533,0.279,0.0602,translation_correction_limit
20261006T064903Z_f7b26a2bb8b6,zoned_corridor_w4,RU,28,6.0,2,344.7,11.614,0.22,False,False,0.514,0.275,0.0399,translation_correction_limit
20261006T064903Z_f7b26a2bb8b6,zoned_corridor_w4,RU,28,6.0,3,253.6,0.064,0.36,True,False,0.412,0.218,0.2155,translation_correction_limit
20261006T064903Z_f7b26a2bb8b6,zoned_corridor_w4,RU,28,6.0,4,171.3,0.083,0.86,True,False,0.416,0.23,0.082,translation_correction_limit
20261006T064903Z_f7b26a2bb8b6,zoned_corridor_w4,SR,32,0.0,0,60.7,0.207,1.64,True,True,0.917,0.072,0.9792,
20261006T064903Z_f7b26a2bb8b6,zoned_corridor_w4,SR,32,0.5,0,268.0,0.299,2.39,True,True,0.921,0.08,0.7746,
20261006T064903Z_f7b26a2bb8b6,zoned_corridor_w4,SR,32,0.5,1,281.6,0.204,1.67,True,True,0.917,0.072,0.9628,
20261006T064903Z_f7b26a2bb8b6,zoned_corridor_w4,SR,32,0.5,2,150.7,0.205,1.67,True,True,0.917,0.072,0.9861,
20261006T064903Z_f7b26a2bb8b6,zoned_corridor_w4,SR,32,0.5,3,349.8,0.304,2.33,True,True,0.921,0.079,0.7818,
20261006T064903Z_f7b26a2bb8b6,zoned_corridor_w4,SR,32,0.5,4,230.1,0.208,1.63,True,True,0.917,0.072,1.0004,
20261006T064903Z_f7b26a2bb8b6,zoned_corridor_w4,SR,32,1.0,0,303.4,0.301,2.36,True,True,0.921,0.08,0.7788,
20261006T064903Z_f7b26a2bb8b6,zoned_corridor_w4,SR,32,1.0,1,11.9,0.205,1.66,True,True,0.917,0.072,0.971,
20261006T064903Z_f7b26a2bb8b6,zoned_corridor_w4,SR,32,1.0,2,275.3,0.298,2.4,True,True,0.921,0.08,0.7864,
20261006T064903Z_f7b26a2bb8b6,zoned_corridor_w4,SR,32,1.0,3,198.8,0.3,2.41,True,True,0.921,0.08,0.8265,
20261006T064903Z_f7b26a2bb8b6,zoned_corridor_w4,SR,32,1.0,4,39.8,0.314,2.19,True,True,0.921,0.081,0.8772,
20261006T064903Z_f7b26a2bb8b6,zoned_corridor_w4,SR,32,2.0,0,33.3,0.217,1.58,True,True,0.917,0.072,0.945,
20261006T064903Z_f7b26a2bb8b6,zoned_corridor_w4,SR,32,2.0,1,296.6,0.204,1.66,True,True,0.917,0.072,1.0808,
20261006T064903Z_f7b26a2bb8b6,zoned_corridor_w4,SR,32,2.0,2,190.2,0.205,1.66,True,True,0.917,0.072,2.2691,
20261006T064903Z_f7b26a2bb8b6,zoned_corridor_w4,SR,32,2.0,3,346.7,0.204,1.68,True,True,0.917,0.071,0.9797,
20261006T064903Z_f7b26a2bb8b6,zoned_corridor_w4,SR,32,2.0,4,216.9,0.205,1.65,True,True,0.917,0.072,1.5863,
20261006T064903Z_f7b26a2bb8b6,zoned_corridor_w4,SR,32,4.0,0,207.3,0.206,1.6,True,True,0.917,0.073,2.3123,
20261006T064903Z_f7b26a2bb8b6,zoned_corridor_w4,SR,32,4.0,1,54.5,0.212,1.68,True,True,0.917,0.071,0.9526,
20261006T064903Z_f7b26a2bb8b6,zoned_corridor_w4,SR,32,4.0,2,199.3,0.215,1.54,True,True,0.917,0.073,1.9104,
20261006T064903Z_f7b26a2bb8b6,zoned_corridor_w4,SR,32,4.0,3,27.4,0.305,2.32,True,True,0.921,0.079,0.8902,
20261006T064903Z_f7b26a2bb8b6,zoned_corridor_w4,SR,32,4.0,4,107.8,0.207,1.65,True,True,0.917,0.072,1.1948,
20261006T064903Z_f7b26a2bb8b6,zoned_corridor_w4,SR,32,6.0,0,275.9,0.305,2.32,True,True,0.921,0.08,0.8838,
20261006T064903Z_f7b26a2bb8b6,zoned_corridor_w4,SR,32,6.0,1,210.3,0.204,1.78,True,False,0.917,0.073,2.2302,translation_correction_limit
20261006T064903Z_f7b26a2bb8b6,zoned_corridor_w4,SR,32,6.0,2,118.3,0.206,1.64,True,False,0.917,0.072,2.3625,translation_correction_limit
20261006T064903Z_f7b26a2bb8b6,zoned_corridor_w4,SR,32,6.0,3,38.4,0.302,2.39,True,True,0.921,0.08,0.7891,
20261006T064903Z_f7b26a2bb8b6,zoned_corridor_w4,SR,32,6.0,4,360.0,0.207,1.64,True,True,0.917,0.072,0.9913,
20261006T064903Z_f7b26a2bb8b6,zoned_corridor_w4,SU,34,0.0,0,34.5,0.051,0.37,True,True,0.875,0.107,1.7372,
20261006T064903Z_f7b26a2bb8b6,zoned_corridor_w4,SU,34,0.5,0,25.1,0.061,0.23,True,True,0.869,0.117,1.3028,
20261006T064903Z_f7b26a2bb8b6,zoned_corridor_w4,SU,34,0.5,1,93.9,0.044,0.51,True,True,0.875,0.107,1.8416,
20261006T064903Z_f7b26a2bb8b6,zoned_corridor_w4,SU,34,0.5,2,289.8,0.049,0.46,True,True,0.875,0.107,2.1186,
20261006T064903Z_f7b26a2bb8b6,zoned_corridor_w4,SU,34,0.5,3,19.8,0.046,0.5,True,True,0.875,0.107,1.9022,
20261006T064903Z_f7b26a2bb8b6,zoned_corridor_w4,SU,34,0.5,4,143.2,0.049,0.46,True,True,0.875,0.107,1.824,
20261006T064903Z_f7b26a2bb8b6,zoned_corridor_w4,SU,34,1.0,0,100.4,0.068,0.25,True,True,0.875,0.106,1.7199,
20261006T064903Z_f7b26a2bb8b6,zoned_corridor_w4,SU,34,1.0,1,16.9,0.081,0.07,True,True,0.875,0.109,1.6082,
20261006T064903Z_f7b26a2bb8b6,zoned_corridor_w4,SU,34,1.0,2,234.3,0.042,0.55,True,True,0.875,0.108,1.3553,
20261006T064903Z_f7b26a2bb8b6,zoned_corridor_w4,SU,34,1.0,3,189.1,0.049,0.46,True,True,0.875,0.107,1.8084,
20261006T064903Z_f7b26a2bb8b6,zoned_corridor_w4,SU,34,1.0,4,57.5,0.046,0.47,True,True,0.875,0.107,1.8144,
20261006T064903Z_f7b26a2bb8b6,zoned_corridor_w4,SU,34,2.0,0,74.5,0.047,0.47,True,True,0.875,0.107,1.768,
20261006T064903Z_f7b26a2bb8b6,zoned_corridor_w4,SU,34,2.0,1,340.3,0.052,0.36,True,True,0.875,0.107,1.6019,
20261006T064903Z_f7b26a2bb8b6,zoned_corridor_w4,SU,34,2.0,2,7.5,0.055,0.48,True,True,0.879,0.113,1.6563,
20261006T064903Z_f7b26a2bb8b6,zoned_corridor_w4,SU,34,2.0,3,291.0,0.114,0.18,True,True,0.869,0.127,0.6849,
20261006T064903Z_f7b26a2bb8b6,zoned_corridor_w4,SU,34,2.0,4,178.8,0.055,0.33,True,True,0.875,0.106,1.4743,
20261006T064903Z_f7b26a2bb8b6,zoned_corridor_w4,SU,34,4.0,0,229.9,0.014,0.86,True,True,0.872,0.108,0.9605,
20261006T064903Z_f7b26a2bb8b6,zoned_corridor_w4,SU,34,4.0,1,152.3,0.05,0.41,True,True,0.875,0.107,1.0685,
20261006T064903Z_f7b26a2bb8b6,zoned_corridor_w4,SU,34,4.0,2,169.0,0.051,0.43,True,True,0.875,0.107,1.7938,
20261006T064903Z_f7b26a2bb8b6,zoned_corridor_w4,SU,34,4.0,3,341.8,0.033,0.64,True,True,0.875,0.109,1.3465,
20261006T064903Z_f7b26a2bb8b6,zoned_corridor_w4,SU,34,4.0,4,244.2,0.048,0.47,True,True,0.875,0.107,1.5433,
20261006T064903Z_f7b26a2bb8b6,zoned_corridor_w4,SU,34,6.0,0,155.8,0.065,0.21,True,True,0.865,0.112,1.5774,
20261006T064903Z_f7b26a2bb8b6,zoned_corridor_w4,SU,34,6.0,1,278.5,0.049,0.47,True,True,0.875,0.107,1.2797,
20261006T064903Z_f7b26a2bb8b6,zoned_corridor_w4,SU,34,6.0,2,356.6,0.057,0.37,True,True,0.875,0.106,1.7462,
20261006T064903Z_f7b26a2bb8b6,zoned_corridor_w4,SU,34,6.0,3,339.7,0.037,0.59,True,True,0.875,0.108,1.0584,
20261006T064903Z_f7b26a2bb8b6,zoned_corridor_w4,SU,34,6.0,4,61.1,0.063,0.29,True,True,0.875,0.106,1.4822,
20261006T064903Z_f7b26a2bb8b6,zoned_corridor_w4,SU,37,0.0,0,105.4,0.0,0.0,True,True,0.954,0.086,1.5228,
20261006T064903Z_f7b26a2bb8b6,zoned_corridor_w4,SU,37,0.5,0,126.7,0.042,0.06,True,True,0.954,0.079,2.2369,
20261006T064903Z_f7b26a2bb8b6,zoned_corridor_w4,SU,37,0.5,1,145.4,0.149,0.25,True,True,0.952,0.105,0.525,
20261006T064903Z_f7b26a2bb8b6,zoned_corridor_w4,SU,37,0.5,2,245.4,0.123,0.41,True,True,0.952,0.099,1.5974,
20261006T064903Z_f7b26a2bb8b6,zoned_corridor_w4,SU,37,0.5,3,230.8,0.042,0.04,True,True,0.954,0.079,1.9002,
20261006T064903Z_f7b26a2bb8b6,zoned_corridor_w4,SU,37,0.5,4,73.8,0.041,0.06,True,True,0.954,0.079,1.7141,
20261006T064903Z_f7b26a2bb8b6,zoned_corridor_w4,SU,37,1.0,0,270.1,0.126,0.36,True,True,0.952,0.1,1.3927,
20261006T064903Z_f7b26a2bb8b6,zoned_corridor_w4,SU,37,1.0,1,312.5,0.051,0.16,True,True,0.954,0.08,2.1764,
20261006T064903Z_f7b26a2bb8b6,zoned_corridor_w4,SU,37,1.0,2,339.1,0.042,0.06,True,True,0.954,0.079,2.2393,
20261006T064903Z_f7b26a2bb8b6,zoned_corridor_w4,SU,37,1.0,3,110.0,0.073,0.43,True,True,0.954,0.083,1.7784,
20261006T064903Z_f7b26a2bb8b6,zoned_corridor_w4,SU,37,1.0,4,16.7,0.045,0.15,True,True,0.954,0.08,1.195,
20261006T064903Z_f7b26a2bb8b6,zoned_corridor_w4,SU,37,2.0,0,91.0,0.044,0.08,True,True,0.954,0.08,2.0177,
20261006T064903Z_f7b26a2bb8b6,zoned_corridor_w4,SU,37,2.0,1,26.6,0.154,0.07,True,True,0.952,0.107,1.436,
20261006T064903Z_f7b26a2bb8b6,zoned_corridor_w4,SU,37,2.0,2,170.1,0.067,0.38,True,True,0.954,0.082,1.829,
20261006T064903Z_f7b26a2bb8b6,zoned_corridor_w4,SU,37,2.0,3,195.3,0.222,0.12,True,True,0.956,0.106,1.6141,
20261006T064903Z_f7b26a2bb8b6,zoned_corridor_w4,SU,37,2.0,4,35.9,0.074,0.44,True,True,0.954,0.083,1.4775,
20261006T064903Z_f7b26a2bb8b6,zoned_corridor_w4,SU,37,4.0,0,78.6,0.043,0.06,True,True,0.954,0.079,1.9889,
20261006T064903Z_f7b26a2bb8b6,zoned_corridor_w4,SU,37,4.0,1,14.4,0.047,0.11,True,True,0.954,0.08,1.8187,
20261006T064903Z_f7b26a2bb8b6,zoned_corridor_w4,SU,37,4.0,2,29.9,0.043,0.06,True,True,0.954,0.079,1.2887,
20261006T064903Z_f7b26a2bb8b6,zoned_corridor_w4,SU,37,4.0,3,144.4,0.067,0.34,True,True,0.954,0.082,1.2911,
20261006T064903Z_f7b26a2bb8b6,zoned_corridor_w4,SU,37,4.0,4,262.3,0.042,0.06,True,True,0.954,0.079,1.7534,
20261006T064903Z_f7b26a2bb8b6,zoned_corridor_w4,SU,37,6.0,0,61.9,0.116,0.48,True,True,0.952,0.099,1.3405,
20261006T064903Z_f7b26a2bb8b6,zoned_corridor_w4,SU,37,6.0,1,187.3,0.043,0.07,True,True,0.954,0.079,1.6637,
20261006T064903Z_f7b26a2bb8b6,zoned_corridor_w4,SU,37,6.0,2,251.1,0.273,0.44,True,True,0.956,0.117,1.2169,
20261006T064903Z_f7b26a2bb8b6,zoned_corridor_w4,SU,37,6.0,3,330.2,0.038,0.01,True,False,0.954,0.08,1.7766,translation_correction_limit
20261006T064903Z_f7b26a2bb8b6,zoned_corridor_w4,SU,37,6.0,4,348.1,0.042,0.05,True,False,0.954,0.079,1.9617,translation_correction_limit
20261006T064903Z_f7b26a2bb8b6,zoned_corridor_w4,RU,39,0.0,0,316.1,0.026,0.17,True,True,0.911,0.123,1.2633,
20261006T064903Z_f7b26a2bb8b6,zoned_corridor_w4,RU,39,0.5,0,103.1,0.025,0.18,True,True,0.911,0.123,2.3526,
20261006T064903Z_f7b26a2bb8b6,zoned_corridor_w4,RU,39,0.5,1,187.9,0.027,0.16,True,True,0.911,0.123,2.1619,
20261006T064903Z_f7b26a2bb8b6,zoned_corridor_w4,RU,39,0.5,2,17.9,0.021,0.13,True,True,0.911,0.122,2.0144,
20261006T064903Z_f7b26a2bb8b6,zoned_corridor_w4,RU,39,0.5,3,73.5,0.027,0.17,True,True,0.911,0.123,2.0265,
20261006T064903Z_f7b26a2bb8b6,zoned_corridor_w4,RU,39,0.5,4,315.6,0.023,0.12,True,True,0.911,0.123,2.0342,
20261006T064903Z_f7b26a2bb8b6,zoned_corridor_w4,RU,39,1.0,0,307.1,0.027,0.27,True,True,0.909,0.12,1.5438,
20261006T064903Z_f7b26a2bb8b6,zoned_corridor_w4,RU,39,1.0,1,286.1,0.026,0.17,True,True,0.911,0.123,2.0212,
20261006T064903Z_f7b26a2bb8b6,zoned_corridor_w4,RU,39,1.0,2,71.6,0.031,0.29,True,True,0.909,0.121,1.4033,
20261006T064903Z_f7b26a2bb8b6,zoned_corridor_w4,RU,39,1.0,3,159.8,0.026,0.17,True,True,0.911,0.123,2.3627,
20261006T064903Z_f7b26a2bb8b6,zoned_corridor_w4,RU,39,1.0,4,55.1,0.026,0.17,True,True,0.911,0.123,2.0162,
20261006T064903Z_f7b26a2bb8b6,zoned_corridor_w4,RU,39,2.0,0,260.0,0.025,0.14,True,True,0.911,0.123,1.3054,
20261006T064903Z_f7b26a2bb8b6,zoned_corridor_w4,RU,39,2.0,1,158.9,0.027,0.18,True,True,0.911,0.123,1.0,
20261006T064903Z_f7b26a2bb8b6,zoned_corridor_w4,RU,39,2.0,2,258.7,0.026,0.18,True,True,0.911,0.123,1.3298,
20261006T064903Z_f7b26a2bb8b6,zoned_corridor_w4,RU,39,2.0,3,43.1,0.03,0.07,True,True,0.911,0.123,2.3739,
20261006T064903Z_f7b26a2bb8b6,zoned_corridor_w4,RU,39,2.0,4,338.9,0.026,0.18,True,True,0.911,0.123,2.0384,
20261006T064903Z_f7b26a2bb8b6,zoned_corridor_w4,RU,39,4.0,0,51.0,0.014,0.08,True,True,0.911,0.122,2.0101,
20261006T064903Z_f7b26a2bb8b6,zoned_corridor_w4,RU,39,4.0,1,298.3,0.026,0.22,True,True,0.911,0.123,1.425,
20261006T064903Z_f7b26a2bb8b6,zoned_corridor_w4,RU,39,4.0,2,112.5,0.029,0.27,True,True,0.909,0.121,1.8382,
20261006T064903Z_f7b26a2bb8b6,zoned_corridor_w4,RU,39,4.0,3,332.7,0.028,0.21,True,True,0.909,0.12,2.0134,
20261006T064903Z_f7b26a2bb8b6,zoned_corridor_w4,RU,39,4.0,4,79.8,0.027,0.21,True,True,0.911,0.123,2.0154,
20261006T064903Z_f7b26a2bb8b6,zoned_corridor_w4,RU,39,6.0,0,36.2,0.026,0.08,True,False,0.911,0.123,2.0444,translation_correction_limit
20261006T064903Z_f7b26a2bb8b6,zoned_corridor_w4,RU,39,6.0,1,10.1,0.023,0.09,True,False,0.911,0.123,1.3318,translation_correction_limit
20261006T064903Z_f7b26a2bb8b6,zoned_corridor_w4,RU,39,6.0,2,67.0,0.026,0.17,True,True,0.911,0.123,1.3949,
20261006T064903Z_f7b26a2bb8b6,zoned_corridor_w4,RU,39,6.0,3,263.7,0.024,0.12,True,False,0.911,0.123,2.2496,translation_correction_limit
20261006T064903Z_f7b26a2bb8b6,zoned_corridor_w4,RU,39,6.0,4,74.0,0.026,0.17,True,True,0.911,0.123,1.3814,
20261006T064903Z_f7b26a2bb8b6,zoned_corridor_w4,SU,41,0.0,0,40.6,0.036,0.1,True,True,0.856,0.096,1.1006,
20261006T064903Z_f7b26a2bb8b6,zoned_corridor_w4,SU,41,0.5,0,112.9,0.043,0.01,True,True,0.856,0.094,1.8244,
20261006T064903Z_f7b26a2bb8b6,zoned_corridor_w4,SU,41,0.5,1,149.2,0.044,0.01,True,True,0.856,0.094,1.796,
20261006T064903Z_f7b26a2bb8b6,zoned_corridor_w4,SU,41,0.5,2,222.4,0.043,0.01,True,True,0.856,0.094,1.434,
20261006T064903Z_f7b26a2bb8b6,zoned_corridor_w4,SU,41,0.5,3,289.4,0.043,0.01,True,True,0.856,0.094,1.5217,
20261006T064903Z_f7b26a2bb8b6,zoned_corridor_w4,SU,41,0.5,4,154.6,0.042,0.0,True,True,0.856,0.094,1.8037,
20261006T064903Z_f7b26a2bb8b6,zoned_corridor_w4,SU,41,1.0,0,160.0,0.043,0.01,True,True,0.856,0.094,1.7006,
20261006T064903Z_f7b26a2bb8b6,zoned_corridor_w4,SU,41,1.0,1,216.5,0.043,0.0,True,True,0.856,0.094,1.8138,
20261006T064903Z_f7b26a2bb8b6,zoned_corridor_w4,SU,41,1.0,2,238.0,0.044,0.01,True,True,0.856,0.095,1.7957,
20261006T064903Z_f7b26a2bb8b6,zoned_corridor_w4,SU,41,1.0,3,213.3,0.042,0.01,True,True,0.856,0.094,1.8229,
20261006T064903Z_f7b26a2bb8b6,zoned_corridor_w4,SU,41,1.0,4,267.3,0.035,0.18,True,True,0.856,0.097,1.7381,
20261006T064903Z_f7b26a2bb8b6,zoned_corridor_w4,SU,41,2.0,0,275.9,0.047,0.19,True,True,0.856,0.094,1.2586,
20261006T064903Z_f7b26a2bb8b6,zoned_corridor_w4,SU,41,2.0,1,216.6,0.043,0.01,True,True,0.856,0.094,1.3276,
20261006T064903Z_f7b26a2bb8b6,zoned_corridor_w4,SU,41,2.0,2,316.3,0.043,0.01,True,True,0.856,0.094,1.8023,
20261006T064903Z_f7b26a2bb8b6,zoned_corridor_w4,SU,41,2.0,3,263.5,0.043,0.0,True,True,0.856,0.094,1.2978,
20261006T064903Z_f7b26a2bb8b6,zoned_corridor_w4,SU,41,2.0,4,59.0,0.052,0.06,True,True,0.856,0.095,1.2989,
20261006T064903Z_f7b26a2bb8b6,zoned_corridor_w4,SU,41,4.0,0,139.0,0.043,0.01,True,True,0.856,0.094,1.9646,
20261006T064903Z_f7b26a2bb8b6,zoned_corridor_w4,SU,41,4.0,1,138.6,0.043,0.01,True,True,0.856,0.095,1.9446,
20261006T064903Z_f7b26a2bb8b6,zoned_corridor_w4,SU,41,4.0,2,31.3,0.043,0.01,True,True,0.856,0.095,1.5194,
20261006T064903Z_f7b26a2bb8b6,zoned_corridor_w4,SU,41,4.0,3,33.3,0.043,0.01,True,True,0.856,0.094,1.5407,
20261006T064903Z_f7b26a2bb8b6,zoned_corridor_w4,SU,41,4.0,4,208.4,0.031,0.14,True,True,0.856,0.096,1.0715,
20261006T064903Z_f7b26a2bb8b6,zoned_corridor_w4,SU,41,6.0,0,238.2,0.043,0.01,True,False,0.856,0.094,1.791,translation_correction_limit
20261006T064903Z_f7b26a2bb8b6,zoned_corridor_w4,SU,41,6.0,1,259.4,0.069,0.14,True,False,0.856,0.097,1.1798,translation_correction_limit
20261006T064903Z_f7b26a2bb8b6,zoned_corridor_w4,SU,41,6.0,2,219.8,0.043,0.01,True,False,0.856,0.094,1.8007,translation_correction_limit
20261006T064903Z_f7b26a2bb8b6,zoned_corridor_w4,SU,41,6.0,3,211.9,0.041,0.01,True,False,0.856,0.094,1.442,translation_correction_limit
20261006T064903Z_f7b26a2bb8b6,zoned_corridor_w4,SU,41,6.0,4,135.6,0.054,0.69,True,False,0.86,0.109,1.4545,translation_correction_limit
20261006T064903Z_f7b26a2bb8b6,zoned_corridor_w4,RU,45,0.0,0,349.7,0.054,0.5,True,True,0.753,0.104,0.6987,
20261006T064903Z_f7b26a2bb8b6,zoned_corridor_w4,RU,45,0.5,0,331.6,0.054,0.47,True,True,0.753,0.104,0.8913,
20261006T064903Z_f7b26a2bb8b6,zoned_corridor_w4,RU,45,0.5,1,322.3,0.056,0.46,True,True,0.753,0.104,1.0,
20261006T064903Z_f7b26a2bb8b6,zoned_corridor_w4,RU,45,0.5,2,340.8,0.056,0.48,True,True,0.753,0.104,1.1732,
20261006T064903Z_f7b26a2bb8b6,zoned_corridor_w4,RU,45,0.5,3,315.2,0.061,0.4,True,True,0.753,0.104,1.0,
20261006T064903Z_f7b26a2bb8b6,zoned_corridor_w4,RU,45,0.5,4,115.9,0.057,0.38,True,True,0.753,0.104,0.7004,
20261006T064903Z_f7b26a2bb8b6,zoned_corridor_w4,RU,45,1.0,0,219.5,0.058,0.44,True,True,0.753,0.104,1.2888,
20261006T064903Z_f7b26a2bb8b6,zoned_corridor_w4,RU,45,1.0,1,288.9,0.053,0.48,True,True,0.753,0.104,0.7279,
20261006T064903Z_f7b26a2bb8b6,zoned_corridor_w4,RU,45,1.0,2,168.6,0.055,0.52,True,True,0.753,0.104,0.6794,
20261006T064903Z_f7b26a2bb8b6,zoned_corridor_w4,RU,45,1.0,3,269.7,0.058,0.46,True,True,0.753,0.104,0.7504,
20261006T064903Z_f7b26a2bb8b6,zoned_corridor_w4,RU,45,1.0,4,180.5,0.057,0.44,True,True,0.753,0.104,0.8091,
20261006T064903Z_f7b26a2bb8b6,zoned_corridor_w4,RU,45,2.0,0,288.9,0.059,0.45,True,True,0.753,0.104,1.2689,
20261006T064903Z_f7b26a2bb8b6,zoned_corridor_w4,RU,45,2.0,1,264.6,0.056,0.45,True,True,0.753,0.104,0.7599,
20261006T064903Z_f7b26a2bb8b6,zoned_corridor_w4,RU,45,2.0,2,32.0,0.057,0.44,True,True,0.753,0.104,0.727,
20261006T064903Z_f7b26a2bb8b6,zoned_corridor_w4,RU,45,2.0,3,333.7,0.054,0.45,True,True,0.753,0.104,1.0536,
20261006T064903Z_f7b26a2bb8b6,zoned_corridor_w4,RU,45,2.0,4,1.0,0.058,0.38,True,True,0.753,0.104,0.6,
20261006T064903Z_f7b26a2bb8b6,zoned_corridor_w4,RU,45,4.0,0,310.2,0.056,0.48,True,True,0.753,0.104,0.6961,
20261006T064903Z_f7b26a2bb8b6,zoned_corridor_w4,RU,45,4.0,1,350.7,0.059,0.46,True,True,0.753,0.104,0.6855,
20261006T064903Z_f7b26a2bb8b6,zoned_corridor_w4,RU,45,4.0,2,55.0,0.056,0.48,True,True,0.753,0.104,0.7432,
20261006T064903Z_f7b26a2bb8b6,zoned_corridor_w4,RU,45,4.0,3,133.2,0.057,0.44,True,True,0.753,0.104,0.9576,
20261006T064903Z_f7b26a2bb8b6,zoned_corridor_w4,RU,45,4.0,4,69.5,0.057,0.49,True,True,0.753,0.104,1.1708,
20261006T064903Z_f7b26a2bb8b6,zoned_corridor_w4,RU,45,6.0,0,104.7,0.057,0.53,True,True,0.753,0.104,0.9325,
20261006T064903Z_f7b26a2bb8b6,zoned_corridor_w4,RU,45,6.0,1,318.5,0.054,0.48,True,False,0.753,0.104,0.8138,translation_correction_limit
20261006T064903Z_f7b26a2bb8b6,zoned_corridor_w4,RU,45,6.0,2,103.4,0.058,0.44,True,True,0.753,0.104,0.7782,
20261006T064903Z_f7b26a2bb8b6,zoned_corridor_w4,RU,45,6.0,3,28.6,0.056,0.45,True,True,0.753,0.104,0.5681,
20261006T064903Z_f7b26a2bb8b6,zoned_corridor_w4,RU,45,6.0,4,128.1,0.055,0.47,True,True,0.753,0.104,1.256,
20261006T064903Z_f7b26a2bb8b6,zoned_corridor_w4,RU,46,0.0,0,97.2,0.083,0.12,True,True,0.706,0.132,0.9891,
20261006T064903Z_f7b26a2bb8b6,zoned_corridor_w4,RU,46,0.5,0,65.0,0.088,0.05,True,True,0.706,0.132,0.7302,
20261006T064903Z_f7b26a2bb8b6,zoned_corridor_w4,RU,46,0.5,1,93.2,0.085,0.05,True,True,0.706,0.132,1.0143,
20261006T064903Z_f7b26a2bb8b6,zoned_corridor_w4,RU,46,0.5,2,186.5,0.087,0.06,True,True,0.706,0.132,0.7145,
20261006T064903Z_f7b26a2bb8b6,zoned_corridor_w4,RU,46,0.5,3,10.6,0.084,0.08,True,True,0.706,0.131,0.6386,
20261006T064903Z_f7b26a2bb8b6,zoned_corridor_w4,RU,46,0.5,4,319.6,0.087,0.03,True,True,0.706,0.132,0.7575,
20261006T064903Z_f7b26a2bb8b6,zoned_corridor_w4,RU,46,1.0,0,7.5,0.087,0.07,True,True,0.706,0.132,0.6875,
20261006T064903Z_f7b26a2bb8b6,zoned_corridor_w4,RU,46,1.0,1,327.5,0.089,0.05,True,True,0.706,0.132,0.7494,
20261006T064903Z_f7b26a2bb8b6,zoned_corridor_w4,RU,46,1.0,2,126.1,0.084,0.06,True,True,0.706,0.132,0.6441,
20261006T064903Z_f7b26a2bb8b6,zoned_corridor_w4,RU,46,1.0,3,90.2,0.088,0.0,True,True,0.706,0.132,0.8696,
20261006T064903Z_f7b26a2bb8b6,zoned_corridor_w4,RU,46,1.0,4,16.1,0.079,0.09,True,True,0.706,0.132,0.6692,
20261006T064903Z_f7b26a2bb8b6,zoned_corridor_w4,RU,46,2.0,0,17.8,0.085,0.01,True,True,0.706,0.132,0.8355,
20261006T064903Z_f7b26a2bb8b6,zoned_corridor_w4,RU,46,2.0,1,271.1,0.082,0.12,True,True,0.706,0.132,0.6143,
20261006T064903Z_f7b26a2bb8b6,zoned_corridor_w4,RU,46,2.0,2,274.8,0.077,0.13,True,True,0.706,0.132,0.7942,
20261006T064903Z_f7b26a2bb8b6,zoned_corridor_w4,RU,46,2.0,3,89.1,0.087,0.06,True,True,0.706,0.132,0.5937,
20261006T064903Z_f7b26a2bb8b6,zoned_corridor_w4,RU,46,2.0,4,194.2,0.084,0.07,True,True,0.706,0.132,0.8439,
20261006T064903Z_f7b26a2bb8b6,zoned_corridor_w4,RU,46,4.0,0,33.7,0.084,0.07,True,True,0.706,0.132,0.6767,
20261006T064903Z_f7b26a2bb8b6,zoned_corridor_w4,RU,46,4.0,1,72.0,0.086,0.06,True,True,0.706,0.132,0.704,
20261006T064903Z_f7b26a2bb8b6,zoned_corridor_w4,RU,46,4.0,2,95.7,0.085,0.06,True,True,0.706,0.132,0.709,
20261006T064903Z_f7b26a2bb8b6,zoned_corridor_w4,RU,46,4.0,3,21.3,0.086,0.03,True,True,0.706,0.132,0.653,
20261006T064903Z_f7b26a2bb8b6,zoned_corridor_w4,RU,46,4.0,4,86.7,0.085,0.09,True,True,0.706,0.132,0.6983,
20261006T064903Z_f7b26a2bb8b6,zoned_corridor_w4,RU,46,6.0,0,48.5,0.085,0.05,True,True,0.706,0.132,0.8812,
20261006T064903Z_f7b26a2bb8b6,zoned_corridor_w4,RU,46,6.0,1,304.1,0.088,0.06,True,False,0.706,0.132,0.9798,translation_correction_limit
20261006T064903Z_f7b26a2bb8b6,zoned_corridor_w4,RU,46,6.0,2,108.5,0.083,0.15,True,True,0.706,0.132,0.6991,
20261006T064903Z_f7b26a2bb8b6,zoned_corridor_w4,RU,46,6.0,3,52.5,0.086,0.06,True,True,0.706,0.132,0.6798,
20261006T064903Z_f7b26a2bb8b6,zoned_corridor_w4,RU,46,6.0,4,205.3,0.084,0.05,True,False,0.706,0.132,0.8861,translation_correction_limit
